:020000040800F2
:10000000E0770120AD02000881C80008B1BF0008F8
:1000100079C80008290F000861E30008000000000B
:10002000000000000000000000000000A1CC00085B
:10003000C119000800000000F9C8000801CD00083F
:10004000CB020008CB020008CB020008CB0200085C
:10005000CB020008CB020008CB020008CB0200084C
:10006000CB020008CB020008CB020008310F0008C9
:10007000CB020008CB020008CB020008CB0200082C
:10008000CB020008CB020008CB020008CB0200081C
:10009000CB020008CB020008CB020008CB0200080C
:1000A000CB020008CB020008CB020008CB020008FC
:1000B000CB020008CB020008CB020008CB020008EC
:1000C000CB020008CB020008CB020008CB020008DC
:1000D000CB020008CB020008CB020008CB020008CC
:1000E000CB020008CB02000800000000CB02000891
:1000F000CB020008CB020008CB020008CB020008AC
:10010000CB020008CB020008CB020008CB0200089B
:10011000CB020008CB02000881CF000891CF000875
:10012000CB020008CB020008CB020008CB0200087B
:10013000CB020008CB020008CB020008CB0200086B
:1001400000000000000000000000000000000000AF
:10015000CB020008CB020008CB020008CB0200084B
:10016000CB020008CB020008CB020008CB0200083B
:10017000CB020008CB020008CB0200080000000000
:10018000CB020008CB020008F9D40008CB0200081B
:10019000CB020008CB020008CB020008CB0200080B
:1001A000CB020008CB020008CB020008CB020008FB
:1001B000CB020008CB020008CB020008CB020008EB
:1001C000CB020008CB020008CB020008CB020008DB
:1001D000CB020008CB020008CB020008CB020008CB
:1001E000CB020008CB020008CB020008CB020008BB
:1001F000CB020008CB020008CB020008CB020008AB
:10020000CB020008CB020008CB020008CB0200089A
:10021000CB020008CB020008CB020008CB0200088A
:10022000CB020008CB020008CB020008000000004F
:10023000CB020008CB02000800000000CB0200083F
:10024000CB020008CB020008CB020008CB0200085A
:10025000CB020008CB020008CB020008CB0200084A
:10026000CB020008CB020008CB020008CB0200083A
:10027000CB020008CB020008CB02000800000000FF
:10028000CB020008CB020008CB02000800000000EF
:1002900000000000CB020008DFF80CD000F050FA9C
:1002A0000048004759E40008E077012007488047EC
:1002B0000748804707480047FEE7FEE7FEE7FEE7FE
:1002C000FEE7FEE7FEE7FEE7FEE7FEE7D9190008D6
:1002D000F1CD0008990200082DE9F05F05460020E5
:1002E00092469B4688460646814640241BE02846A7
:1002F00041464746224600F05BF853465A46C01A2C
:10030000914110D311461846224600F042F82D1AAA
:1003100067EB01084F4622460120002100F039F822
:1003200017EB00094E41201EA4F10104DFDC484612
:1003300031462A464346BDE8F09F002800DA404295
:100340007047D2B201E000F8012B491EFBD2704782
:100350000022F6E710B513460A4604461946FFF791
:10036000F0FF204610BD30B50B460146002020228C
:10037000012409E021FA02F59D4205D303FA02F5B2
:10038000491B04FA02F52844151EA2F10102F1DC12
:1003900030BD202A04DB203A00FA02F10020704729
:1003A0009140C2F1200320FA03F3194390407047B3
:1003B000202A04DB203A21FA02F00021704721FABA
:1003C00002F3D040C2F12002914008431946704721
:1003D0002DE9FE4F804681EA0300C00F0C460090D5
:1003E00021F0004123F00045B8EB0200A94105D2FD
:1003F0004046214690461C460B46024623F00040EC
:10040000104347D0270DC7F30A00C3F30A510290E7
:10041000401A019040286BDAC3F3130040F4801BAC
:100420000098924620B10023D2EB030A63EB0B0B3A
:1004300001985946C0F140025046FFF7AAFF064610
:100440000D4650465946019A00F08CF910EB080011
:100450006141002487EA115284EAE7731A4340D0CD
:10046000009A62B3019A012A4FEA075215DC001B79
:1004700061EB02014FF0004202EA0752CDE900426F
:10048000001C41F5801132462B4600F08CF903B078
:10049000BDE8F08F40462146F9E7001B61EB020101
:1004A000001C41F5801300185B412018A2F50017CD
:1004B00047EB030140EAD570B6196D4111E06D08B4
:1004C0004FEA360645EAC0754FEA0752001B61EB5A
:1004D0000201001C41F5801149084FEA3000001963
:1004E000514132462B4603B0BDE8F04F00F04CB905
:1004F0000098012240000023D0EB020263EBE0737E
:10050000009821464FEAE074B8EB000061EB04016B
:10051000E9E783F000435BE781F0004158E72DE90C
:10052000FE4F81EA030404F0004421F000410094EE
:100530004FF0000B23F0004350EA01045ED052EA72
:1005400003045BD0C3F30A54C1F30A552C44A4F24C
:10055000F3340194A0FB0254C1F3130141F4801160
:10056000C3F3130343F4801301FB024400FB034E67
:10057000840A970A44EA815447EA8357A4FB076830
:1005800002958D0A05FB07854FEA932C04FB0C545A
:100590002705029D4FEA065847EA1637B5EB0805CE
:1005A0006EEB070C870E920E47EA811742EA831220
:1005B000A7FB0201B6EB0B0164EB00042B0D43EA31
:1005C0000C335E1844EB1C50DA465146E7FB02013F
:1005D000C5F313044FEA0B3343EA14534FEA0432D2
:1005E000019C43EA0603A4F10C040294009CCDE9AB
:1005F00000B400F0D8F803B0BDE8F08F0020014649
:10060000F9E72DE9F04D81EA030404F0004B21F0F5
:10061000004514464FF0000A23F0004150EA05025D
:1006200020D054EA01021DD0C5F30A570246C5F393
:100630001303C1F31300C1F30A5640F4801543F4C9
:100640008013A7EB0608101BD64608F2FD3873EBA3
:10065000050002D308F1010801E092185B41B8F1EE
:10066000000F03DA00200146BDE8F08D00204FF4B2
:100670008011064684460EE0171B73EB050705D371
:10068000121B63EB050306434CEA010C49084FEAD1
:10069000300092185B4150EA0107EDD152EA0300A5
:1006A00012D082EA040083EA0501084305D0101B3A
:1006B000AB4106D20122002306E000224FF00043A6
:1006C00002E06FF0010253101AEB06004CEB0851E8
:1006D00010EB0A0041EB0B01BDE8F04D00F054B8FF
:1006E000C1F30A52C1F3130140F2FF3341F4801108
:1006F0009A4202DA00200146704740F233439A42A0
:10070000A2F2334202DC5242FFF752BEFFF741BE73
:1007100030B5041E71F1000404DB4FF00044404288
:1007200064EB0101141E73F1000405DB1C464FF05D
:100730000043524263EB0403994208BF904230BD2C
:10074000064C074D06E0E06840F0010394E807001E
:1007500098471034AC42F6D3FFF7A2FDE0FA000848
:1007600000FB0008202A06DBCB17203A41FA02F0F2
:1007700043EAE07306E041FA02F3D040C2F12002FE
:10078000914008431946704710B5141E73F10004D8
:1007900008DA401C41F1000192185B411A4301D173
:1007A00020F0010010BD2DE9F04D92469B4611B19D
:1007B000B1FA81F202E0B0FA80F220329046FFF7FF
:1007C000E8FD04460F4640EA0A0041EA0B015346A1
:1007D0005A46084313D0114653EA010019D0C8F114
:1007E00040025046FFF7E4FD05460E465046594686
:1007F0004246FFF7CEFD084305D0012004E0204625
:100800003946BDE8F08D0020054346EAE0762C43EA
:1008100037430A986305E40AA0EB08000022FD0AAA
:1008200044EA47540A3002D500200146E9E70105B1
:1008300010196941DDE9084500196941BDE8F04D2D
:10084000A2E700000000000080B584B00390039888
:10085000006842F20001C4F20201884209D0FFE7B9
:100860000398006842F20011C4F20201884209D1E3
:10087000FFE742F20830C4F20200006810F4403F83
:1008800009D129E046F20830C5F60200006810F4EC
:10089000403F21D0FFE709F003F902900398406838
:1008A0000190B0F5803F0AD0FFE70198B0F5003F16
:1008B00005D0FFE70198B0F5403F07D00AE0039864
:1008C000C1880298B0FBF1F0029004E00298800821
:1008D000029000E0FFE75FE04FF40020002107F006
:1008E0001BF80290039840680090B0F5802F32D03A
:1008F000FFE70098B0F5002F2DD0FFE70098B0F586
:10090000402F28D0FFE70098B0F5801F23D0FFE7E5
:100910000098B0F5A01F1ED0FFE70098B0F5C01FEB
:1009200019D0FFE70098B0F5E01F1FD0FFE700984F
:10093000B0F5001F1ED0FFE70098B0F5101F1DD0C6
:10094000FFE70098B0F5201F1CD0FFE70098B0F536
:10095000301F1BD01EE0039841686FF0010000EAD1
:1009600051410298B0FBF1F0029014E002980009A6
:10097000029010E00298400902900CE00298800971
:10098000029008E00298C009029004E00298000A70
:10099000029000E0FFE7FFE706F0FEF941F20301F5
:1009A000884217D8FFE7029842F60151C0F2311190
:1009B000884207D3FFE703980168886840F4807095
:1009C000886006E003980168886820F48070886079
:1009D000FFE743E0029840080290029845F6106154
:1009E000C0F25F01884209D8FFE703980068806879
:1009F00020F440700399096888602EE002984BF655
:100A00002041C0F2BE0188420AD8FFE7039800687F
:100A10008068012161F309200399096888601BE05F
:100A2000029847F64001C0F27D1188420AD8FFE7DC
:100A3000039800688068022161F30920039909681E
:100A4000886008E003980068806840F4407003996B
:100A500009688860FFE7FFE7FFE7FFE704B080BDB4
:100A600080B58AB0089007910020059007980490FF
:100A7000089800680BF034FB0290089800680BF0AF
:100A8000E7FA0190029828B9FFE70198002800F0E2
:100A9000A880FFE708980068C0688001002836D564
:100AA000FFE70898407D012831D1FFE70898007DD5
:100AB00001282CD1FFE701200490FFE70898006887
:100AC000006800F040010020B0EB911F1AD1FFE751
:100AD00005984DF60041C0F20C0188420ED3FFE7A5
:100AE0000899486D40F0100048650899886D40F0FD
:100AF0000100886501208DF8270076E00598013017
:100B00000590DBE70898016840200860FFE704983B
:100B1000022813D0FFE7089800680BF0E1FA60B1F3
:100B2000FFE7089800680BF0BBFA28B9FFE70898C0
:100B300000680BF031FBFFE7FFE7FFE704980128AF
:100B400013D0FFE7089800680BF082FA60B1FFE766
:100B5000089800680BF0A4FA28B9FFE70898006825
:100B60000BF07EFAFFE7FFE7FFE70498009002280A
:100B700007D0FFE70098032806D1FFE70C20039079
:100B800005E00820039002E004200390FFE706F050
:100B90000BF90690FFE708980068806803990842FF
:100BA0001ED0FFE706F000F90699401A062816D372
:100BB000FFE7089800688068039908420ED0FFE7B5
:100BC0000899486D40F0100048650899886D40F01C
:100BD0000100886501208DF8270006E0FFE7DAE7CD
:100BE000FFE700208DF82700FFE79DF827000AB0F7
:100BF00080BD00000000000080B582B00190019827
:100C0000806B00900098406D10F0500F4AD1FFE7C4
:100C10000099486D40F400704865009800680068CD
:100C20000007002821D5FFE7009800680BF068FA5C
:100C3000D0B1FFE700980068C0688004002812D493
:100C4000FFE70099486D20F4807048650098406D7A
:100C5000C004002806D4FFE70099486D40F0010069
:100C60004865FFE7FFE7FFE718E000980068C06805
:100C7000800790B9FFE70099486D20F480704865BF
:100C80000098406DC004002806D4FFE70099486D25
:100C900040F001004865FFE7FFE7FFE7009802F03A
:100CA0006BF910E00098406DC006002804D5FFE7FE
:100CB000009802F08DF905E00098C06CC16C0198B5
:100CC0008847FFE7FFE702B080BD0000000000009A
:100CD00080B582B001900198806B00900099486DBA
:100CE00040F0400048650099886D40F00400886538
:100CF000009802F06DF902B080BD00000000000015
:100D000080B582B001900198806B0090009802F04D
:100D10005BF902B080BD000080B584B002900298FB
:100D200000680BF0BDF90090029800680BF0C0F964
:100D300000284BD0FFE70098002847D1FFE7029832
:100D40000068806800F00D00012809D1FFE70298D3
:100D500000680BF031F902980168032008600DE08B
:100D60000299486D40F0100048650299886D40F086
:100D70000100886501208DF80F002BE006F014F8C3
:100D80000190FFE7029800688068C007E8B1FFE7BC
:100D900006F00AF80199401A032815D3FFE70298D4
:100DA00000688068C00770B1FFE70299486D40F0A5
:100DB000100048650299886D40F0010088650120A7
:100DC0008DF80F0006E0FFE7DCE7FFE700208DF875
:100DD0000F00FFE79DF80F0004B080BD0000000089
:100DE00080B586B00490049800680BF061F9002883
:100DF00040F09280FFE70498006880683F21C8F2C5
:100E0000000108420ED0FFE70499486D40F0100041
:100E100048650499886D40F00100886501208DF8CF
:100E200017007DE0049800680BF0E2F805F0BCFFC5
:100E3000039004980168012042F20002C4F2020209
:100E4000914201900CD0FFE7049800684DF60071C4
:100E5000CBF6FD710844B0FA80F040090190FFE73D
:100E60000198C10746F20030C5F6020000291CBFF8
:100E700042F20030C4F202000BF0E2F80290049853
:100E8000006842F20011C4F20201884206D1FFE775
:100E900042F20000C4F20200009003E004980068EF
:100EA0000090FFE7009804990968884203D0FFE7A3
:100EB000029880BBFFE7FFE7049800680068C0075E
:100EC00040BBFFE7049800680BF0F2F828B9FFE791
:100ED000049800680BF08CF8FFE705F065FF0399B4
:100EE000401A032815D3FFE7049800680068C0077C
:100EF00070B9FFE70499486D40F010004865049907
:100F0000886D40F00100886501208DF8170007E02A
:100F1000FFE7D1E7FFE7FFE700208DF81700FFE7C5
:100F20009DF8170006B080BDFFE7FEE70000000057
:100F300080B540F25810C2F2010003F031FC80BDD0
:100F400083B002900298016801201022C4F20202CC
:100F50009142009000F0A380FFE702980168012011
:100F60002822C4F202029142009000F09880FFE72C
:100F70000298016801204022C4F2020291420090CE
:100F800000F08D80FFE70298016801205822C4F22A
:100F900002029142009000F08280FFE7029801680F
:100FA00001207022C4F202029142009077D0FFE744
:100FB0000298016801208822C4F202029142009046
:100FC0006DD0FFE7029801680120A022C4F202025E
:100FD0009142009063D0FFE7029801680120B82297
:100FE000C4F202029142009059D0FFE702980168D2
:100FF000012040F21042C4F20202914200904ED011
:10100000FFE702980168012040F22842C4F2020280
:101010009142009043D0FFE702980168012040F21E
:101020004042C4F202029142009038D0FFE7029899
:101030000168012040F25842C4F20202914200903D
:101040002DD0FFE702980168012040F27042C4F2FF
:1010500002029142009022D0FFE70298016801202D
:1010600040F28842C4F202029142009017D0FFE79A
:1010700002980168012040F2A042C4F202029142AB
:1010800000900CD0FFE7029800684FF64831CBF68D
:10109000FD710844B0FA80F040090090FFE7009825
:1010A000C00740B3FFE70298007810384AF6AB213A
:1010B000CAF6AA21A0FB011000090190019800F0D6
:1010C00007014FF65820C0F60000405C0299C86541
:1010D0000198042807D3FFE702990868042262F305
:1010E0000900886506E00299086840F2FF329043E3
:1010F0008865FFE705E00299086820F0FF00886531
:10110000FFE70298806D03B0704700000000000008
:1011100084B003900398006801900398016801204F
:1011200045F20842C5F60202914200904ED0FFE718
:1011300003980168012045F21C42C5F60202914263
:10114000009043D0FFE703980168012045F2304248
:10115000C5F602029142009038D0FFE7039801687B
:10116000012045F24442C5F60202914200902DD082
:10117000FFE703980168012045F25842C5F60202D4
:101180009142009022D0FFE703980168012045F2C8
:101190006C42C5F602029142009017D0FFE7039817
:1011A0000168012045F28042C5F60202914200909A
:1011B0000CD0FFE7039800684AF66C31CAF2FD7163
:1011C0000844B0FA80F040090090FFE70098C0079B
:1011D00010B3FFE70398007808384CF6CD41CCF601
:1011E000CC41A0FB011000090290029945F60000D5
:1011F000C5F6020000EB810003990866039945F6E5
:101200008000C5F602004866029800F01F01012028
:1012100088400399886635E00398007810384AF6CC
:10122000AB21CAF6AA21A0FB011000090290019887
:1012300040F2B841C4F2020188420CD8FFE701989D
:1012400040F21041C4F20201884204D3FFE7029841
:1012500008300290FFE7029940F60000C4F2020055
:1012600000EB810003990866039940F68000C4F200
:1012700002004866029800F01F010120884003998F
:101280008866FFE704B0704783B002900298007947
:1012900001900198002800F08A80FFE70198082853
:1012A00000F28580FFE702980168012045F20842BC
:1012B000C5F60202914200904ED0FFE70298016805
:1012C000012045F21C42C5F602029142009043D033
:1012D000FFE702980168012045F23042C5F602029C
:1012E0009142009038D0FFE702980168012045F252
:1012F0004442C5F60202914200902DD0FFE70298C9
:101300000168012045F25842C5F602029142009060
:1013100022D0FFE702980168012045F26C42C5F631
:1013200002029142009017D0FFE702980168012065
:1013300045F28042C5F60202914200900CD0FFE7D0
:10134000029800684AF66C31CAF2FD710844B0FA9E
:1013500080F040090090FFE70098C00780B1FFE7E8
:10136000019945F6FC00C5F6020000EB81000299E8
:10137000C866029945F64010C5F6020008670FE0FE
:10138000019940F6FC00C4F2020000EB81000299D2
:10139000C866029940F64010C4F202000867FFE7F1
:1013A0000198411E0120884002994867FFE703B079
:1013B000704700000000000085B0049000208DF808
:1013C0000F000498806918BBFFE70498806A0290B8
:1013D00003281BD80299DFE801F0020D02180498D7
:1013E00090F82F00C00720B1FFE701208DF80F0013
:1013F000FFE70CE00498C06AB0F1C07F04D1FFE7BA
:1014000001208DF80F00FFE701E000E0FFE747E073
:1014100004988069B0F5005F26D1FFE70498806AE0
:10142000019003281ED80199DFE801F0020602119D
:1014300001208DF80F0016E0049890F82F00C007E7
:1014400020B1FFE701208DF80F00FFE70BE00498C3
:10145000C06AB0F1C07F04D1FFE701208DF80F0012
:10146000FFE700E0FFE71AE00498806A0090032895
:1014700004D3FFE70098032804D00EE001208DF884
:101480000F000BE0049890F82F00C00720B1FFE791
:1014900001208DF80F00FFE700E0FFE7FFE7FFE71F
:1014A0009DF80F0005B0704789B00890079106922B
:1014B00005930898806D04900898806D03900898B3
:1014C000016801201022C4F202029142029000F051
:1014D0000381FFE70898016801202822C4F2020274
:1014E0009142029000F0F880FFE70898016801201F
:1014F0004022C4F202029142029000F0ED80FFE728
:101500000898016801205822C4F202029142029018
:1015100000F0E280FFE70898016801207022C4F221
:1015200002029142029000F0D780FFE7089801681C
:1015300001208822C4F202029142029000F0CC8085
:10154000FFE7089801680120A022C4F2020291423C
:10155000029000F0C180FFE7089801680120B822DE
:10156000C4F202029142029000F0B680FFE70898B0
:101570000168012040F21042C4F20202914202903E
:1015800000F0AA80FFE708980168012040F2284295
:10159000C4F202029142029000F09E80FFE7089898
:1015A0000168012040F24042C4F2020291420290DE
:1015B00000F09280FFE708980168012040F258424D
:1015C000C4F202029142029000F08680FFE7089880
:1015D0000168012040F27042C4F20202914202907E
:1015E0007AD0FFE708980168012040F28842C4F2EF
:1015F0000202914202906FD0FFE708980168012033
:1016000040F2A042C4F202029142029064D0FFE78D
:1016100008980168012040F2B842C4F202029142E7
:10162000029059D0FFE708980168012045F208426E
:10163000C5F60202914202904ED0FFE70898016879
:10164000012045F21C42C5F602029142029043D0AD
:10165000FFE708980168012045F23042C5F6020212
:101660009142029038D0FFE708980168012045F2C6
:101670004442C5F60202914202902DD0FFE708983D
:101680000168012045F25842C5F6020291420290DB
:1016900022D0FFE708980168012045F26C42C5F6A8
:1016A00002029142029017D0FFE7089801680120DA
:1016B00045F28042C5F60202914202900CD0FFE74B
:1016C000089800684AF66C31CAF2FD710844B0FA15
:1016D00080F040090290FFE70298C00770B1FFE771
:1016E0000898416E806E48600898C06E28B1FFE788
:1016F0000898016F406F4860FFE7FFE708980168AE
:1017000001201022C4F202029142019000F0A38055
:10171000FFE70898016801202822C4F202029142E2
:10172000019000F09880FFE70898016801204022AE
:10173000C4F202029142019000F08D80FFE7089808
:10174000016801205822C4F202029142019000F087
:101750008280FFE70898016801207022C4F202022B
:101760009142019077D0FFE7089801680120882214
:10177000C4F20202914201906DD0FFE7089801681F
:101780000120A022C4F202029142019063D0FFE73F
:10179000089801680120B822C4F202029142019027
:1017A00059D0FFE708980168012040F21042C4F2C6
:1017B0000202914201904ED0FFE708980168012093
:1017C00040F22842C4F202029142019043D0FFE766
:1017D00008980168012040F24042C4F2020291429E
:1017E000019038D0FFE708980168012040F2584284
:1017F000C4F20202914201902DD0FFE708980168DF
:10180000012040F27042C4F202029142019022D0C3
:10181000FFE708980168012040F28842C4F2020202
:101820009142019017D0FFE708980168012040F22B
:10183000A042C4F20202914201900CD0FFE7089846
:1018400000684FF64831CBF6FD710844B0FA80F0DD
:1018500040090190FFE70198C00750B3FFE70898DF
:10186000C06D00F01F013F208840049988600898EF
:101870000168086820F480200860059808990968C4
:10188000486008988068402809D1FFE706980899C1
:1018900009688860079808990968C86008E007988F
:1018A000089909688860069808990968C860FFE780
:1018B00082E008980168012045F20842C5F602025C
:1018C000914200904ED0FFE708980168012045F250
:1018D0001C42C5F602029142009043D0FFE70898EF
:1018E0000168012045F23042C5F6020291420090A3
:1018F00038D0FFE708980168012045F24442C5F658
:101900000202914200902DD0FFE708980168012063
:1019100045F25842C5F602029142009022D0FFE7FC
:1019200008980168012045F26C42C5F60202914216
:10193000009017D0FFE708980168012045F2804227
:10194000C5F60202914200900CD0FFE708980068AB
:101950004AF66C31CAF2FD710844B0FA80F04009D1
:101960000090FFE70098C00720B3FFE70898C06D1C
:1019700000F01F01012088400399486005980899EC
:101980000968486008988068402809D1FFE70698F0
:10199000089909688860079808990968C86008E08C
:1019A0000798089909688860069808990968C860C6
:1019B000FFE700E0FFE7FFE709B070470000000025
:1019C000704700000000000081B0EFF3108072B695
:1019D0000090FFE7FEE7000044F60C01C5F60201A7
:1019E000086840F002000860FFE744F60400C5F60E
:1019F000020000688004002801D4FFE7F5E7704783
:101A000080B59AB018901791179840F2D401C2F29D
:101A100000010968884200F0A080FFE740F2D4008E
:101A2000C2F20000006840B1FFE740F2D800C2F205
:101A3000000000680DF000FFFFE7179840F2D401A6
:101A4000C2F200010860179820B9FFE700208DF866
:101A50006700BDE11799012000FA01F140F20C0086
:101A6000C2F20000016000684010029040F2D8000D
:101A7000C2F2000040F20001C2F2004101600068C1
:101A800020B9FFE700208DF86700A1E1B7EE000B59
:101A90000CF00EFEB1EE001B20EE010B9DED021AC4
:101AA000B8EEC11B80EE010BB7EEC00B8DED160A30
:101AB0009DED160AB7EEC00A0CF0E6FEB7EEC00BBD
:101AC0008DED150A8DED130A9DED160AB7EEC00ACD
:101AD0000CF032FFB1EE400BB7EEC00B8DED140AE7
:101AE0008DED120A40F2D800C2F2000000680890A2
:101AF00001200590FFE70598029988422CDAFFE75C
:101B00001398089908601298089948600898083056
:101B100008909DED131A9DED152A9DED120A9DED7D
:101B2000143A20EE030A91EE020A8DED110A9DEDA2
:101B3000131A9DED142A9DED120A9DED153A20EE23
:101B4000030AA1EE020A8DED120A11981390FFE725
:101B5000059801300590CEE7FFE740F20C00C2F295
:101B60000000006802900120019000200390FFE730
:101B700003981799884280F2DF80FFE702984010AF
:101B8000029000200690FFE7069840F20C01C2F296
:101B90000001096888423EDAFFE71898069900EBD1
:101BA000C1000A900A98029900EBC10009900A98B6
:101BB00090ED000A099890ED001A30EE010A8DEDC3
:101BC0000F0A0A9890ED010A099890ED011A30EE7B
:101BD000010A8DED100A0A9890ED000A099890ED1F
:101BE000001A30EE410A80ED000A0A9890ED010AD1
:101BF000099890ED011A30EE410A80ED010A0A9928
:101C00000F98109A4A600860FFE70299069800EB67
:101C100041000690B8E740F2D800C2F20000006828
:101C2000019900EBC1000838079001200590FFE7FB
:101C300005980299884277DAFFE7079908684968AA
:101C40000E910D9005980690FFE7069840F20C0162
:101C5000C2F20001096888425CDAFFE71898069929
:101C600000EBC1000A900A98029900EBC1000990AC
:101C70000A9890ED000A099890ED001A30EE010ADA
:101C80008DED0F0A0A9890ED010A099890ED011A5E
:101C900030EE010A8DED100A0A9890ED000A0998BD
:101CA00090ED001A30EE410A8DED0B0A0A9890ED86
:101CB000010A099890ED011A30EE410A8DED0C0AE7
:101CC0009DED0B1A9DED0C0A9DED0D2A9DED0E3A32
:101CD00020EE030A91EE020A099880ED000A9DEDBC
:101CE0000D3A9DED0E2A9DED0B1A9DED0C0A20EE8E
:101CF000030AA1EE020A099880ED010A0A990F98D9
:101D0000109A4A600860FFE70299069800EB4100CC
:101D100006909AE70199079800EBC1000790FFE74A
:101D200005980130059083E7019840000190FFE796
:101D30000398013003901BE700200690FFE7069808
:101D400040F20C01C2F20001096888423CDAFFE768
:101D5000002005900490FFE70498179988420EDA56
:101D6000FFE705990698049AD04000F0010040EA88
:101D700041000590FFE7049801300490ECE70698D5
:101D8000059988421BDAFFE71898069900EBC10015
:101D90000A901898059900EBC10008900899086806
:101DA000496810910F9008990A9A106852684A6021
:101DB00008600A990F98109A4A600860FFE7FFE7E9
:101DC000069801300690BAE701208DF86700FFE71A
:101DD0009DF867001AB080BD80B588B000200490DF
:101DE000FFE704990020B0EB513F44D1FFE704988E
:101DF00040F20001C3F2000131F8101000EE101A99
:101E0000B8EEC00B8DED000B00EE100AB8EE400BE3
:101E10009FED3B1B20EE010B9FED3B1B80EE010B6A
:101E20000CF032FDB0EE402B9DED000BBEEE003B02
:101E3000B6EE001BA2EE031B20EE010B9FED341B40
:101E400020EE010B9FED341B80EE010BB7EEC00BB3
:101E5000049940F20000C2F2044000EBC10181EDA0
:101E6000000A049900EBC10100204860FFE70498D4
:101E700001300490B5E740F20000C2F204400D21A9
:101E8000FFF7BEFD00200390FFE703990020B0EBB1
:101E9000513F31D1FFE7039940F20000C2F2044004
:101EA00000EBC10090ED001A90ED010A20EE000A4F
:101EB000A1EE010A8DED060A05909DED060AB5EE2C
:101EC000400AF1EE10FA0BDBFFE79DED060A0CF07D
:101ED0008BFD059880ED000A00208DF81F0006E0BC
:101EE000059900200860FF208DF81F00FFE7FFE73D
:101EF000039801300390C8E708B080BD00BF00BF61
:101F000044174154FB211940000000000000C0406C
:101F10006666666666660A40000000000000F040E3
:101F200080B586B0059048F2A060C0F20100049030
:101F300001200190FFE7019840F21801C2F2000170
:101F40000968884222DAFFE7019940F22400C2F2D0
:101F5000000050F831000599401AFEF7EEF90390A1
:101F60000398049988420CDAFFE7039804900199DA
:101F700040F22400C2F2000000EBC1004068029071
:101F8000FFE7FFE7019801300190D4E7029806B01F
:101F900080BD00000000000080B592B000201190CC
:101FA00010900F900E900D900BF0EEF940F2F000B3
:101FB000C2F201000068002840F0C380FFE706205D
:101FC0000C90FFE70C98B0F5805F24DAFFE70C99DE
:101FD00040F2E000C2F2000000EBC10090ED000B07
:101FE0009DED101BB4EE410BF1EE10FA0EDDFFE794
:101FF0000C9940F2E000C2F2000000EBC10090ED4D
:10200000000B8DED100B0C980D90FFE7FFE70C987F
:1020100001300C90D6E70D98FFF782FF014648F299
:10202000E800C2F20000016000680BF015F948F208
:10203000E001C2F20001086001200B90FFE70B985D
:1020400040F21801C2F20001096888421EDAFFE777
:1020500048F2E800C2F2000000680B9A40F2240146
:10206000C2F2000101EBC2014968884209D1FFE7D1
:102070000B9940F22400C2F2000050F831000D909C
:1020800004E0FFE70B9801300B90D8E70D98053876
:102090000A90FFE70A980D990531884213DAFFE7A5
:1020A0000A9B40F2E002C2F2000202EBC3010020F0
:1020B00042F833000020C4F24F004860FFE70A985E
:1020C00001300A90E6E706200990FFE70998B0F58D
:1020D000805F24DAFFE7099940F2E000C2F20000D5
:1020E00000EBC10090ED000B9DED0E1BB4EE410B1B
:1020F000F1EE10FA0EDDFFE7099940F2E000C2F2BE
:10210000000000EBC10090ED000B8DED0E0B099867
:102110000D90FFE7FFE7099801300990D6E70D9889
:10212000FFF7FEFE014648F2EC00C2F2000001603B
:1021300000680BF091F848F2E401C2F20001086077
:1021400012E106200890FFE70898B0F5805F24DAD6
:10215000FFE7089940F2E000C2F2000000EBC10086
:1021600090ED000B9DED101BB4EE410BF1EE10FA5B
:102170000EDDFFE7089940F2E000C2F2000000EB3C
:10218000C10090ED000B8DED100B08980D90FFE74E
:10219000FFE7089801300890D6E70D98FFF7C0FEDA
:1021A000014648F2E800C2F200000160006848F20F
:1021B000EC01C2F20001086001200790FFE70798D8
:1021C00040F21801C2F20001096888421EDAFFE7F6
:1021D00048F2E800C2F200000068079A40F22401C9
:1021E000C2F2000101EBC2014968884209D1FFE750
:1021F000079940F22400C2F2000050F831000D901F
:1022000004E0FFE7079801300790D8E70D9800EB4E
:10221000400006900D9800EB80000590002004908F
:102220000390069805380290FFE702980699053159
:1022300088422DDAFFE7029940F2E000C2F2000086
:1022400000EBC10090ED000BB2EE041BB4EE410BAD
:10225000F1EE10FA17DDFFE702200490029940F238
:10226000E000C2F2000000EBC10090ED000B9FED1A
:10227000401BB4EE410BF1EE10FA03DDFFE7012045
:10228000049005E0FFE7FFE7029801300290CCE7F9
:10229000059805380190FFE70198059905318842B6
:1022A0002DDAFFE7019940F2E000C2F2000000EBF6
:1022B000C10090ED000BB2EE041BB4EE410BF1EE49
:1022C00010FA17DDFFE702200390019940F2E000C9
:1022D000C2F2000000EBC10090ED000B9FED261B49
:1022E000B4EE410BF1EE10FA03DDFFE7012003909D
:1022F00005E0FFE7FFE7019801300190CCE7049883
:1023000078B9FFE7039860B9FFE748F2E001C2F24D
:1023100000010020086048F2E401C2F200010860F8
:1023200021E00498012810D1FFE7039801280CD17F
:10233000FFE748F2E001C2F200010120086048F224
:10234000E401C2F2000108600CE048F2E001C2F2D0
:1023500000010120086048F2E401C2F200010020FF
:102360000860FFE7FFE7FFE712B080BD00BF00BFD6
:1023700000000000008051400000000000004440C8
:1023800080B586B004900391029200200090FFE790
:10239000049890F85000012804D1FFE702208DF83E
:1023A00017005BE00499012081F85000FFE7FFE788
:1023B0000498FEF7B1FC8DF807009DF80700E0BB1C
:1023C000FFE70498406D40F0020020F48850049923
:1023D0004865049800680399029A09F0B9FFFFE77D
:1023E0000498006809F04CFEF0B1FFE70098013056
:1023F000009000984FF60001C2F2C351884212D3F8
:10240000FFE70498406D40F0100020F002000499AE
:102410004865FFE70499002081F85000FFE701209C
:102420008DF817001AE0DBE70498406D40F00100DA
:1024300020F002000499486505E00499486D40F0D9
:1024400010004865FFE7FFE70499002081F850007D
:10245000FFE79DF807008DF81700FFE79DF81700CC
:1024600006B080BD0000000080B5A6B02490239186
:1024700000208DF88B002398006808B1FFE7FFE784
:10248000FFE7249890F85000012804D1FFE70220CC
:102490008DF897002DE12499012081F85000FFE785
:1024A000FFE700201D901E902498006842F2000172
:1024B000C4F20201884206D1FFE742F20010C4F2E2
:1024C0000200089002E000200890FFE7089878B921
:1024D000FFE72499486D40F020004865FFE7249904
:1024E000002081F85000FFE701208DF8970000E1FF
:1024F000089809F0FDFD07902498006809F0F8FDA0
:10250000002840F0E280FFE70798002840F0DD80D7
:10251000FFE724980168012042F20002C4F202029F
:10252000914206900CD0FFE7249800684DF60071A8
:10253000CBF6FD710844B0FA80F040090690FFE741
:102540000698C10746F20030C5F6020000291CBFFC
:1025500042F20030C4F20200219023980068002863
:102560005ED0FFE72198806820F4404023994968B5
:1025700008432199886024980168012042F20002F2
:10258000C4F20202914205900CD0FFE72498006843
:102590004DF60071CBF6FD710844B0FA80F04009A9
:1025A0000590FFE70598C10746F20030C5F6020026
:1025B00000291CBF42F20030C4F2020042F2003196
:1025C000C4F20201884212D1FFE742F20000C4F2D5
:1025D000020009F075FD039042F20010C4F20200FF
:1025E00009F06EFD014603980843049007E046F2A7
:1025F0000000C5F6020009F063FD0490FFE70498AF
:1026000068B9FFE72198806840F61F718843239AD4
:10261000116892681143084321998860FFE753E0ED
:102620002199886820F4404088602498016801203E
:1026300042F20002C4F20202914202900CD0FFE783
:10264000249800684DF60071CBF6FD710844B0FA8D
:1026500080F040090290FFE70298C10746F200307F
:10266000C5F6020000291CBF42F20030C4F202008D
:1026700042F20031C4F20201884212D1FFE742F275
:102680000000C4F2020009F01BFD009042F20010AD
:10269000C4F2020009F014FD0146009808430190BD
:1026A00007E046F20000C5F6020009F009FD0190BE
:1026B000FFE7019838B9FFE72199886840F61F7253
:1026C00090438860FFE7FFE708E02499486D40F0F9
:1026D0002000486501208DF88B00FFE7FFE7249973
:1026E000002081F85000FFE79DF88B008DF89700DF
:1026F000FFE79DF8970026B080BD000000000000B5
:1027000080B5AAB02690259100208DF893002190E5
:10271000269890F83800012801D1FFE700E0FFE794
:102720002598C0680021C4F2FF71884201D0FFE7FC
:102730001EE02698006842F20001C4F202018842BD
:1027400001D1FFE7FFE72698006842F20011C4F2CA
:102750000201884201D1FFE7FFE72698006846F2B0
:102760000001C5F60201884201D1FFE7FFE7FFE75C
:10277000FFE7269890F85000012804D1FFE70220D7
:102780008DF89F00F1E32699012081F85000FFE7C2
:10279000FFE72698006809F0A3FC002840F0D183E9
:1027A000FFE72598C078000600282DD4FFE725987C
:1027B0000068000330B9FFE725980068C0F3846023
:1027C0001E9015E02598006890FAA0F028902898AF
:1027D00020B9FFE720208DF8A70005E02898B0FA7F
:1027E00080F08DF8A700FFE79DF8A7001E90FFE797
:1027F0001E9800F01F01012000FA01F226980168DE
:10280000C8691043C861FFE72698006825990A68DF
:10281000496809F091FC2698006809F061FC209055
:102820002698006809F014FC1F902098002840F0BA
:10283000B580FFE71F98002840F0B080FFE726989A
:102840000068259A1168926809F0E6FC41F20000E0
:10285000C5F60040006800F07040B0F1805F0BD119
:10286000FFE72598406926990968C96801F01C01AD
:10287000490888401D901FE026980068C068C0067F
:1028800000280BD4FFE72598406926990968C96894
:1028900001F01C01490888401C900AE02598406915
:1028A00026990968C96801F01001490888401C9000
:1028B000FFE71C981D90FFE71D982390259800695D
:1028C000042821D0FFE72698006825990A6809693D
:1028D000239B09F00DFD26980068259A1169527E08
:1028E000013AB2FA82F25209D20709F01DFD269888
:1028F0000068259A1169127E013AB2FA82F25209F1
:10290000D20209F0E1FC48E026980068006E00F071
:10291000F84025990968B0EB816F07D1FFE7269849
:102920000168086E20F000400866FFE726980068FE
:10293000406E00F0F84025990968B0EB816F07D12F
:10294000FFE726980168486E20F000404866FFE7E0
:1029500026980068806E00F0F84025990968B0EB71
:10296000816F07D1FFE726980168886E20F000404C
:102970008866FFE726980068C06E00F0F840259949
:102980000968B0EB816F07D1FFE726980168C86E30
:1029900020F00040C866FFE7FFE7FFE726980068E1
:1029A00009F086FB002840F0CB82FFE726980068FC
:1029B000259A1168D26809F04BFC2598C06800215F
:1029C000C4F2FF71884240F05781FFE72698006803
:1029D0001B9042F20001C4F20201884240F0A48040
:1029E000FFE7259800680221C0F23041884203D1F8
:1029F000FFE701201A9094E0259800680421C0F6B2
:102A00006001884205D1FFE74020C1F620101990EF
:102A100084E0259800680821C0F69041884205D1DD
:102A2000FFE78020C1F65050189074E025980068A8
:102A30001021C1F2C001884206D1FFE740F2001028
:102A4000C2F28010179063E0259800682021C1F23F
:102A5000F041884206D1FFE740F20020C2F2B050B8
:102A6000169052E02598006840F20041C2F600211D
:102A7000884206D1FFE740F60000C2F630601590AC
:102A800040E02598006840F60001C2F630618842B7
:102A900006D1FFE741F20000C3F2602014902EE05F
:102AA0002598006841F20001C3F26021884206D1F6
:102AB000FFE742F20000C3F2906013901CE02598FB
:102AC00000680021C4F22131884205D1FFE70020CF
:102AD000C4F2527012900CE0259801680022C4F6EE
:102AE00084320020914204BF0020C4F6B8701290D6
:102AF000FFE712981390FFE713981490FFE71498DC
:102B00001590FFE715981690FFE716981790FFE7C6
:102B100017981890FFE718981990FFE719981A90DE
:102B2000FFE71A981190A2E02698006842F200117F
:102B3000C4F20201884240F09480FFE725980068C3
:102B40000221C0F23041884203D1FFE701201090FA
:102B500084E0259800680421C0F66001884205D110
:102B6000FFE74020C1F620100F9074E02598006820
:102B70000821C0F69041884205D1FFE78020C1F6C8
:102B800050500E9064E0259800681021C1F2C001F9
:102B9000884206D1FFE740F20010C2F280100D908B
:102BA00053E0259800682021C1F2F041884206D107
:102BB000FFE740F20020C2F2B0500C9042E02598AE
:102BC000006840F20041C2F60021884206D1FFE7CA
:102BD00040F60000C2F630600B9030E025980068A7
:102BE00040F60001C2F63061884206D1FFE741F2AB
:102BF0000000C3F260200A901EE02598006841F2B0
:102C00000001C3F26021884206D1FFE742F20000D2
:102C1000C3F2906009900CE0259801680022C4F688
:102C200084320020914204BF0020C4F6B87009909D
:102C3000FFE709980A90FFE70A980B90FFE70B98C7
:102C40000C90FFE70C980D90FFE70D980E90FFE7B2
:102C50000E980F90FFE70F981090FFE710980890DC
:102C600002E000200890FFE708981190FFE71B980A
:102C7000119909F0A1FAFFE72598C078000600280D
:102C800040F15D81FFE726980168012042F20002D1
:102C9000C4F20202914207900CD0FFE72698006828
:102CA0004DF60071CBF6FD710844B0FA80F0400992
:102CB0000790FFE70798C10746F20030C5F602000B
:102CC00000291CBF42F20030C4F2020009F0B0F942
:102CD0002290269801684FF0010042F20002C4F2EF
:102CE0000202914206900CD0FFE7269800684DF64C
:102CF0000071CBF6FD710844B0FA80F040090690EF
:102D0000FFE70698C10746F20030C5F60200002929
:102D10001CBF42F20030C4F2020042F20031C4F2A1
:102D20000201884212D1FFE742F20000C4F2020021
:102D300009F0BEF9049042F20010C4F2020009F05A
:102D4000B7F9014604980843059007E046F20000F1
:102D5000C5F6020009F0ACF90590FFE705980028D8
:102D600040F0E380FFE7259800680021CCF684312D
:102D7000884255D1FFE79DF88A00000600284FD40D
:102D8000FFE72698006846F20001C5F60201884276
:102D900045D1FFE726980168012042F20002C4F203
:102DA0000202914203900CD0FFE7269800684DF68E
:102DB0000071CBF6FD710844B0FA80F04009039031
:102DC000FFE70398C10746F20030C5F6020000296C
:102DD0001CBF42F20030C4F20200229941F400010B
:102DE00009F062FA40F21000C2F2000000684FEAF7
:102DF000901042F66351C0F23E51A0FB01104FEA21
:102E000090114FF0020000EB41002190FFE7219864
:102E100020B1FFE7219801382190F8E7FFE783E030
:102E2000259800680021CCF25271884238D1FFE722
:102E30009DF88B00C00798BBFFE72698006846F214
:102E40000001C5F60201884229D1FFE726980168F2
:102E5000012042F20002C4F20202914202900CD020
:102E6000FFE7269800684DF60071CBF6FD71084427
:102E7000B0FA80F040090290FFE70298C10746F2DD
:102E80000030C5F6020000291CBF42F20030C4F237
:102E90000200229941F0807109F006FAFFE742E052
:102EA000259800680021CCF6B871884239D1FFE737
:102EB0009DF88A004006002833D4FFE72698006872
:102EC00046F20001C5F60201884229D1FFE72698A3
:102ED0000168012042F20002C4F202029142019014
:102EE0000CD0FFE7269800684DF60071CBF6FD7117
:102EF0000844B0FA80F040090190FFE70198C1074B
:102F000046F20030C5F6020000291CBF42F2003034
:102F1000C4F20200229941F4800109F0C5F9FFE7EB
:102F200000E0FFE7FFE7FFE708E02699486D40F083
:102F30002000486501208DF89300FFE7FFE7FFE7D9
:102F400008E02699486D40F02000486501208DF882
:102F50009300FFE7FFE72699002081F85000FFE784
:102F60009DF893008DF89F00FFE79DF89F002AB021
:102F700080BD00000000000080B582B00190019883
:102F800040F2F401C2F20101884219D1FFE740F298
:102F9000F400C2F2010000F07FFB40F2D010C2F258
:102FA000010007F07DFF4FF68820C0F600000BF00F
:102FB00055FB40F2D001C2F2000101200870FFE78A
:102FC00002B080BD0000000081B0009001B07047E9
:102FD00081B0009001B0704710B58CB00A9000200D
:102FE0008DF8270006900A9820B9FFE701208DF898
:102FF0002F00D1E10A98C06838B1FFE70A98007F36
:10300000012801D1FFE7FFE7FFE70A98406D50B9BB
:10301000FFE70A9800F0C4F90A99002088650A9928
:1030200081F85000FFE70A98006809F031F828B1EC
:10303000FFE70A98006808F0CFFFFFE70A980068EA
:1030400009F046F8E8B9FFE70A98006808F0E0FFE1
:1030500040F21000C2F200000068800942F663519D
:10306000C0F23E51A0FB0101012000EB911006903F
:10307000FFE7069820B1FFE7069801380690F8E7C9
:10308000FFE70A98006809F023F870B9FFE70A998A
:10309000486D40F0100048650A99886D40F00100C5
:1030A000886501208DF82700FFE70A98006809F07D
:1030B00017F807900A98406DC006002800F15E815D
:1030C000FFE70798002840F05981FFE70A98406D14
:1030D00040F0020020F480700A9948650A98006860
:1030E00008F0E6FF002870D1FFE70A980168012088
:1030F00042F20002C4F20202914203900CD0FFE7B8
:103100000A9800684DF60071CBF6FD710844B0FADC
:1031100080F040090390FFE70398C10746F20030B2
:10312000C5F6020000291CBF42F20030C4F20200C2
:1031300042F20031C4F20201884212D1FFE742F2AA
:103140000000C4F2020008F0B3FF019042F2001048
:10315000C4F2020008F0ACFF014601980843029057
:1031600007E046F20000C5F6020008F0A1FF029059
:10317000FFE7029840BBFFE70A980168012042F28E
:103180000002C4F20202914200900CD0FFE70A98BC
:1031900000684DF60071CBF6FD710844B0FA80F07E
:1031A00040090090FFE70098C10746F20030C5F6DD
:1031B000020000291CBF42F20030C4F202000A994A
:1031C000496809F061F8FFE7FFE703F0E5FD41F228
:1031D0000401884213D3FFE70A98806810280ED1B3
:1031E000FFE70A994A7D086B40EA42308A6810433B
:1031F000097F40EA014040F00C0008900BE00A997A
:103200004A7D086B40EA42308A681043097F40EAF1
:1032100001400890FFE70A98007F01280BD1FFE7E3
:103220000A98016A0020CFF6FE7000EB4141089831
:1032300008430890FFE70A98406A50B1FFE70A99EF
:10324000486A896A00F47870014308980843089036
:10325000FFE70A980068C0684CF20301CFF6F071EE
:103260000840089908430A990968C8600A980068E4
:1032700008F036FF05900A98006808F0E9FE04900F
:103280000598002859D1FFE70498002855D1FFE799
:103290000A98017DC06A40EA813008900A98006867
:1032A000C06844F203018843089908430A990968F1
:1032B000C8600A9890F83800012829D1FFE70A98D9
:1032C000406A20B1FFE70A98806A08B9FFE7FFE784
:1032D0000A98006800694FF61E01CFF6004100EA27
:1032E00001020A9B1968DC6BD3F840E0D3F844C0B4
:1032F0000020CFF6FF7000EB044040EA0E0040EAE9
:103300000C009B6C1843104340F00100086106E07C
:103310000A980168086920F001000861FFE70A982F
:103320000068006920F070400A9A1168526B1043DF
:1033300008610A98FDF788FAFFE70A98C068012833
:103340000CD1FFE70A980068006B20F00F000A9A82
:1033500011689269013A1043086306E00A9801680F
:10336000086B20F00F000863FFE70A98406D40F0FB
:10337000010020F002000A99486508E00A99486DAA
:1033800040F01000486501208DF82700FFE79DF808
:1033900027008DF82F00FFE79DF82F000CB010BD1F
:1033A00080B5BAB03990002038903790369035907B
:1033B000349004A8C021FCF7CBFF3998006842F292
:1033C0000001C4F20201884273D1FFE7002005909A
:1033D0004FF400210491192106914FF4B471079123
:1033E00005210891022109910A910B900C900D90F2
:1033F0002D9004A805F0B8F818B1FFE7FEF7E4FA3D
:10340000FFE7FFE744F2D840C5F60200016841F04B
:1034100020010160006800F0200003900398FFE79E
:10342000FFE744F2E040C5F60200016841F0040104
:103430000160006800F0040002900298FFE701209C
:1034400034900320359000200090369040F6000024
:10345000C5F6020034A903F0BBFA009940F25810F7
:10346000C2F2010001901022C4F20202026009229D
:1034700042608160C1604FF4806202614FF400627B
:1034800042614FF400528261C1610162416202F007
:1034900067FA18B1FFE7FEF797FAFFE7FFE73998F9
:1034A00040F25811C2F20101C16439988863FFE704
:1034B000FFE73AB080BD000080B588B00690059166
:1034C000049206980168012042F20002C4F202024E
:1034D000914201900CD0FFE7069800684DF600710C
:1034E000CBF6FD710844B0FA80F040090190FFE787
:1034F0000198C10746F20030C5F6020000291CBF42
:1035000042F20030C4F2020008F09AFD02900698E0
:10351000006808F0E5FD002840F0AF80FFE7FFE716
:10352000069890F85000012804D1FFE702208DF89A
:103530001F00ABE00699012081F85000FFE7FFE78C
:10354000029848B1FFE70298052805D0FFE70298E6
:10355000092840F08780FFE70698FDF741FC8DF8C9
:103560000F009DF80F00002874D1FFE70698406D0A
:1035700040F4807040F601618843069948650698DA
:10358000006842F20011C4F20201884206D1FFE74E
:1035900042F20000C4F20200009003E006980068C6
:1035A0000090FFE7009806990968884203D0FFE77A
:1035B000029830B9FFE70699486D20F480104865FD
:1035C000FFE70698406DC004002806D5FFE706997E
:1035D000886D20F00600886503E006990020886564
:1035E000FFE70698C16C40F6F930C0F60000C863EA
:1035F0000698C16C40F60150C0F6000008640698B9
:10360000C16C40F6D140C0F60000C864069801685D
:103610001C200860FFE70699002081F85000FFE7B2
:1036200006980168486840F01000486006990868EC
:10363000C96A08F071FD06980168C06C4031059AAE
:10364000049B02F041FE8DF80F000698006808F018
:1036500093FD06E0FFE70699002081F85000FFE7A0
:10366000FFE709E001208DF80F00FFE70699002031
:1036700081F85000FFE7FFE703E002208DF80F001C
:10368000FFE79DF80F008DF81F00FFE79DF81F0072
:1036900008B080BD0000000080B584B00290FFE754
:1036A000029890F85000012804D1FFE702208DF81D
:1036B0000F005DE00299012081F85000FFE7FFE76D
:1036C00002980321FDF7CCF98DF807009DF807005B
:1036D000002842D1FFE702980068C06820F003008C
:1036E00002990968C8600298C06C90F835000228F9
:1036F00011D1FFE70298C06C00F03EF88DF807008A
:103700009DF8070030B1FFE70299486D40F0400096
:103710004865FFE7FFE702980168486820F010005D
:1037200048609DF8070030B9FFE70298FDF7F4FA0A
:103730008DF8070003E00298FDF7EEFAFFE79DF829
:10374000070048B9FFE70298406D40F0010020F4FF
:10375000885002994865FFE7FFE7FFE702990020DC
:1037600081F85000FFE79DF807008DF80F00FFE794
:103770009DF80F0004B080BD80B58AB0089003F0BA
:1037800013FB0490089828B9FFE701208DF8270063
:1037900000F0AABC089890F8350002280ED0FFE788
:1037A000089980204865FFE70899002081F83400D7
:1037B000FFE701208DF8270000F096BC089801680B
:1037C00001201022C4F202029142039000F0A38073
:1037D000FFE70898016801202822C4F20202914202
:1037E000039000F09880FFE70898016801204022CC
:1037F000C4F202029142039000F08D80FFE7089826
:10380000016801205822C4F202029142039000F0A4
:103810008280FFE70898016801207022C4F202024A
:103820009142039077D0FFE7089801680120882231
:10383000C4F20202914203906DD0FFE7089801683C
:103840000120A022C4F202029142039063D0FFE75C
:10385000089801680120B822C4F202029142039044
:1038600059D0FFE708980168012040F21042C4F2E5
:103870000202914203904ED0FFE7089801680120B0
:1038800040F22842C4F202029142039043D0FFE783
:1038900008980168012040F24042C4F202029142BD
:1038A000039038D0FFE708980168012040F25842A1
:1038B000C4F20202914203902DD0FFE708980168FC
:1038C000012040F27042C4F202029142039022D0E1
:1038D000FFE708980168012040F28842C4F2020222
:1038E0009142039017D0FFE708980168012040F249
:1038F000A042C4F20202914203900CD0FFE7089864
:1039000000684FF64831CBF6FD710844B0FA80F0FC
:1039100040090390FFE70398C00780B1FFE70898CC
:103920000168086820F01E0008600898016848696E
:1039300020F08000486108980068059009E0089828
:103940000168086820F00E0008600898006805907B
:10395000FFE70898016801201022C4F20202914298
:10396000029000F00381FFE70898016801202822F7
:10397000C4F202029142029000F0F880FFE708983A
:10398000016801204022C4F202029142029000F03C
:10399000ED80FFE70898016801205822C4F2020276
:1039A0009142029000F0E280FFE708980168012050
:1039B0007022C4F202029142029000F0D780FFE729
:1039C0000898016801208822C4F202029142029004
:1039D00000F0CC80FFE7089801680120A022C4F223
:1039E00002029142029000F0C180FFE7089801684E
:1039F0000120B822C4F202029142029000F0B68087
:103A0000FFE708980168012040F21042C4F2020268
:103A10009142029000F0AA80FFE708980168012017
:103A200040F22842C4F202029142029000F09E80CD
:103A3000FFE708980168012040F24042C4F2020208
:103A40009142029000F09280FFE7089801680120FF
:103A500040F25842C4F202029142029000F0868085
:103A6000FFE708980168012040F27042C4F20202A8
:103A7000914202907AD0FFE708980168012040F255
:103A80008842C4F20202914202906FD0FFE7089888
:103A90000168012040F2A042C4F202029142029069
:103AA00064D0FFE708980168012040F2B842C4F2F0
:103AB00002029142029059D0FFE708980168012064
:103AC00045F20842C5F60202914202904ED0FFE74D
:103AD00008980168012045F21C42C5F60202914295
:103AE000029043D0FFE708980168012045F2304278
:103AF000C5F602029142029038D0FFE708980168AB
:103B0000012045F24442C5F60202914202902DD0B6
:103B1000FFE708980168012045F25842C5F6020205
:103B20009142029022D0FFE708980168012045F2F7
:103B30006C42C5F602029142029017D0FFE7089846
:103B40000168012045F28042C5F6020291420290CE
:103B50000CD0FFE7089800684AF66C31CAF2FD7194
:103B60000844B0FA80F040090290FFE70298C007CD
:103B700038B1FFE70898016E086820F4807008608B
:103B8000FFE7089800681021C4F20201884200F0A3
:103B90008180FFE7089800682821C4F2020188426A
:103BA00078D0FFE7089800684021C4F202018842FB
:103BB00070D0FFE7089800685821C4F202018842DB
:103BC00068D0FFE7089800687021C4F202018842BB
:103BD00060D0FFE7089800688821C4F2020188429B
:103BE00058D0FFE708980068A021C4F2020188427B
:103BF00050D0FFE708980068B821C4F2020188425B
:103C000048D0FFE70898006840F21041C4F2020172
:103C100088423FD0FFE70898006840F22841C4F28C
:103C20000201884236D0FFE70898006840F2404120
:103C3000C4F2020188422DD0FFE70898006840F2E4
:103C40005841C4F20201884224D0FFE70898006876
:103C500040F27041C4F2020188421BD0FFE708988D
:103C6000006840F28841C4F20201884212D0FFE7A6
:103C70000898006840F2A041C4F20201884209D0CD
:103C8000FFE70898006840F2B841C4F20201884298
:103C900007D1FFE708980168086820F00100086074
:103CA00006E008980168086820F001000860FFE756
:103CB000FFE705980068C007C8B1FFE703F074F894
:103CC0000499401A062811D3FFE708992020486577
:103CD0000899032081F83500FFE70899002081F852
:103CE0003400FFE701208DF82700FDE1E1E70898A7
:103CF000016801201022C4F202029142019000F0FA
:103D0000A380FFE70898016801202822C4F202027C
:103D10009142019000F09880FFE708980168012027
:103D20004022C4F202029142019000F08D80FFE730
:103D30000898016801205822C4F2020291420190C1
:103D400000F08280FFE70898016801207022C4F229
:103D500002029142019077D0FFE7089801680120A4
:103D60008822C4F20202914201906DD0FFE70898C8
:103D700001680120A022C4F202029142019063D0A6
:103D8000FFE7089801680120B822C4F202029142BC
:103D9000019059D0FFE708980168012040F21042D5
:103DA000C4F20202914201904ED0FFE708980168E8
:103DB000012040F22842C4F202029142019043D015
:103DC000FFE708980168012040F24042C4F2020275
:103DD0009142019038D0FFE708980168012040F235
:103DE0005842C4F20202914201902DD0FFE7089898
:103DF0000168012040F27042C4F202029142019037
:103E000022D0FFE708980168012040F28842C4F2FE
:103E100002029142019017D0FFE708980168012043
:103E200040F2A042C4F20202914201900CD0FFE79E
:103E3000089800684FF64831CBF6FD710844B0FA97
:103E400080F040090190FFE70198C00760B1FFE7EB
:103E50000898806D07900898C06D00F01F013F2002
:103E60008840079988600BE00898806D0690089854
:103E7000C06D00F01F010120884006994860FFE7EF
:103E80000898016801201022C4F2020291420090B9
:103E900000F00381FFE70898016801202822C4F29E
:103EA00002029142009000F0F880FFE70898016854
:103EB00001204022C4F202029142009000F0ED8005
:103EC000FFE70898016801205822C4F202029142DB
:103ED000009000F0E280FFE708980168012070225E
:103EE000C4F202029142009000F0D780FFE70898E8
:103EF000016801208822C4F202029142009000F081
:103F0000CC80FFE7089801680120A022C4F20202D9
:103F10009142009000F0C180FFE7089801680120FD
:103F2000B822C4F202029142009000F0B680FFE78E
:103F300008980168012040F21042C4F20202914246
:103F4000009000F0AA80FFE708980168012040F285
:103F50002842C4F202029142009000F09E80FFE7E6
:103F600008980168012040F24042C4F202029142E6
:103F7000009000F09280FFE708980168012040F26D
:103F80005842C4F202029142009000F08680FFE79E
:103F900008980168012040F27042C4F20202914286
:103FA00000907AD0FFE708980168012040F288422B
:103FB000C4F20202914200906FD0FFE708980168B6
:103FC000012040F2A042C4F202029142009064D06B
:103FD000FFE708980168012040F2B842C4F20202EB
:103FE0009142009059D0FFE708980168012045F2FE
:103FF0000842C5F60202914200904ED0FFE70898B1
:104000000168012045F21C42C5F60202914200906F
:1040100043D0FFE708980168012045F23042C5F619
:1040200002029142009038D0FFE708980168012011
:1040300045F24442C5F60202914200902DD0FFE7BE
:1040400008980168012045F25842C5F602029142E3
:10405000009022D0FFE708980168012045F26C42E9
:10406000C5F602029142009017D0FFE70898016858
:10407000012045F28042C5F60202914200900CD028
:10408000FFE7089800684AF66C31CAF2FD710844EF
:10409000B0FA80F040090090FFE70098C007A0B197
:1040A000FFE70898416E806E48600898C06E58B16E
:1040B000FFE70898C16E086820F4807008600898CF
:1040C000016F406F4860FFE7FFE70899012081F822
:1040D0003500FFE70899002081F83400FFE7FFE78B
:1040E00000208DF82700FFE79DF827000AB080BD6B
:1040F00080B586B00490049820B9FFE701208DF8C0
:10410000170046E3049890F83500022807D0FFE72F
:1041100004998020486501208DF8170039E3049840
:10412000016801201022C4F202029142029000F0C4
:10413000A380FFE70498016801202822C4F202024C
:104140009142029000F09880FFE7049801680120F6
:104150004022C4F202029142029000F08D80FFE7FB
:104160000498016801205822C4F202029142029090
:1041700000F08280FFE70498016801207022C4F2F9
:1041800002029142029077D0FFE704980168012073
:104190008822C4F20202914202906DD0FFE7049897
:1041A00001680120A022C4F202029142029063D071
:1041B000FFE7049801680120B822C4F2020291428C
:1041C000029059D0FFE704980168012040F21042A4
:1041D000C4F20202914202904ED0FFE704980168B7
:1041E000012040F22842C4F202029142029043D0E0
:1041F000FFE704980168012040F24042C4F2020245
:104200009142029038D0FFE704980168012040F203
:104210005842C4F20202914202902DD0FFE7049866
:104220000168012040F27042C4F202029142029001
:1042300022D0FFE704980168012040F28842C4F2CE
:1042400002029142029017D0FFE704980168012012
:1042500040F2A042C4F20202914202900CD0FFE769
:10426000049800684FF64831CBF6FD710844B0FA67
:1042700080F040090290FFE70298C007002800F094
:104280009D80FFE70499042081F8350004980068B8
:104290001021C4F20201884200F08180FFE70498F7
:1042A00000682821C4F20201884278D0FFE7049810
:1042B00000684021C4F20201884270D0FFE70498F0
:1042C00000685821C4F20201884268D0FFE70498D0
:1042D00000687021C4F20201884260D0FFE70498B0
:1042E00000688821C4F20201884258D0FFE7049890
:1042F0000068A021C4F20201884250D0FFE7049870
:104300000068B821C4F20201884248D0FFE704984F
:10431000006840F21041C4F2020188423FD0FFE73A
:104320000498006840F22841C4F20201884236D065
:10433000FFE70498006840F24041C4F2020188425D
:104340002DD0FFE70498006840F25841C4F2020102
:10435000884224D0FFE70498006840F27041C4F21C
:10436000020188421BD0FFE70498006840F28841B0
:10437000C4F20201884212D0FFE70498006840F2BC
:10438000A041C4F20201884209D0FFE70498006806
:1043900040F2B841C4F20201884207D1FFE7049815
:1043A0000168086820F00100086006E004980168D0
:1043B000086820F001000860FFE7E5E10498016863
:1043C000086820F00E000860049800681021C4F20C
:1043D0000201884200F08180FFE7049800682821EC
:1043E000C4F20201884278D0FFE7049800684021B7
:1043F000C4F20201884270D0FFE704980068582197
:10440000C4F20201884268D0FFE704980068702176
:10441000C4F20201884260D0FFE704980068882156
:10442000C4F20201884258D0FFE704980068A02136
:10443000C4F20201884250D0FFE704980068B82116
:10444000C4F20201884248D0FFE70498006840F2B5
:104450001041C4F2020188423FD0FFE7049800688F
:1044600040F22841C4F20201884236D0FFE70498A6
:10447000006840F24041C4F2020188422DD0FFE7BB
:104480000498006840F25841C4F20201884224D0E6
:10449000FFE70498006840F27041C4F202018842CC
:1044A0001BD0FFE70498006840F28841C4F2020183
:1044B000884212D0FFE70498006840F2A041C4F29D
:1044C0000201884209D0FFE70498006840F2B84131
:1044D000C4F20201884207D1FFE704980168086826
:1044E00020F00100086006E004980168086820F0E8
:1044F00001000860FFE70498016801201022C4F25F
:1045000002029142019000F00381FFE704980168E4
:1045100001202822C4F202029142019000F0F880AA
:10452000FFE70498016801204022C4F20202914290
:10453000019000F0ED80FFE7049801680120582207
:10454000C4F202029142019000F0E280FFE7049879
:10455000016801207022C4F202029142019000F031
:10456000D780FFE70498016801208822C4F2020284
:104570009142019000F0CC80FFE70498016801208F
:10458000A022C4F202029142019000F0C180FFE734
:10459000049801680120B822C4F2020291420190FD
:1045A00000F0B680FFE704980168012040F2104255
:1045B000C4F202029142019000F0AA80FFE7049841
:1045C0000168012040F22842C4F2020291420190A7
:1045D00000F09E80FFE704980168012040F240420D
:1045E000C4F202029142019000F09280FFE7049829
:1045F0000168012040F25842C4F202029142019047
:1046000000F08680FFE704980168012040F27042C4
:10461000C4F20202914201907AD0FFE70498016847
:10462000012040F28842C4F20202914201906FD010
:10463000FFE704980168012040F2A042C4F20202A0
:104640009142019064D0FFE704980168012040F294
:10465000B842C4F202029142019059D0FFE7049897
:104660000168012045F20842C5F60202914201901C
:104670004ED0FFE704980168012045F21C42C5F6C0
:1046800002029142019043D0FFE7049801680120A3
:1046900045F23042C5F602029142019038D0FFE760
:1046A00004980168012045F24442C5F60202914295
:1046B00001902DD0FFE704980168012045F258428F
:1046C000C5F602029142019022D0FFE704980168EA
:1046D000012045F26C42C5F602029142019017D0CA
:1046E000FFE704980168012045F28042C5F6020206
:1046F000914201900CD0FFE7049800684AF66C31B3
:10470000CAF2FD710844B0FA80F040090190FFE759
:104710000198C00728B3FFE70498016E086820F4E9
:10472000807008600498806D03900498C06D00F05C
:104730001F0101208840039948600498416E806EF3
:1047400048600498C06E58B1FFE70498C16E0868CD
:1047500020F4807008600498016F406F4860FFE7A4
:10476000FFE70499012081F83500FFE70499002054
:1047700081F83400FFE70498006D20B1FFE704984A
:10478000016D8847FFE7FFE7FFE700208DF817007E
:10479000FFE79DF8170006B080BD00000000000094
:1047A00080B590B00F9000200B9040F21000C2F244
:1047B0000000006848F2B511C1F64E31A0FB0110AF
:1047C000800A0A900F98806D09900F98806D08906C
:1047D000099800680E90089800680D900F9801687D
:1047E00001201022C4F202029142079000F0A3803F
:1047F000FFE70F98016801202822C4F202029142CB
:10480000079000F09880FFE70F9801680120402290
:10481000C4F202029142079000F08D80FFE70F98EA
:10482000016801205822C4F202029142079000F070
:104830008280FFE70F98016801207022C4F2020213
:104840009142079077D0FFE70F98016801208822F6
:10485000C4F20202914207906DD0FFE70F98016801
:104860000120A022C4F202029142079063D0FFE728
:104870000F9801680120B822C4F202029142079009
:1048800059D0FFE70F980168012040F21042C4F2AE
:104890000202914207904ED0FFE70F980168012075
:1048A00040F22842C4F202029142079043D0FFE74F
:1048B0000F980168012040F24042C4F20202914286
:1048C000079038D0FFE70F980168012040F2584266
:1048D000C4F20202914207902DD0FFE70F980168C1
:1048E000012040F27042C4F202029142079022D0AD
:1048F000FFE70F980168012040F28842C4F20202EB
:104900009142079017D0FFE70F980168012040F20D
:10491000A042C4F20202914207900CD0FFE70F9828
:1049200000684FF64831CBF6FD710844B0FA80F0CC
:1049300040090790FFE70798C007002800F013859B
:10494000FFE70E980F99C96D01F01F01C8400007DD
:10495000002840F1B080FFE70F9800681021C4F2F2
:104960000201884200F08180FFE70F98006828214B
:10497000C4F20201884278D0FFE70F980068402116
:10498000C4F20201884270D0FFE70F9800685821F6
:10499000C4F20201884268D0FFE70F9800687021D6
:1049A000C4F20201884260D0FFE70F9800688821B6
:1049B000C4F20201884258D0FFE70F980068A02196
:1049C000C4F20201884250D0FFE70F980068B82176
:1049D000C4F20201884248D0FFE70F98006840F215
:1049E0001041C4F2020188423FD0FFE70F980068EF
:1049F00040F22841C4F20201884236D0FFE70F9806
:104A0000006840F24041C4F2020188422DD0FFE725
:104A10000F98006840F25841C4F20201884224D045
:104A2000FFE70F98006840F27041C4F2020188422B
:104A30001BD0FFE70F98006840F28841C4F20201E2
:104A4000884212D0FFE70F98006840F2A041C4F2FC
:104A50000201884209D0FFE70F98006840F2B84190
:104A6000C4F20201884207D1FFE70F98006800688E
:104A700000F00400069006E00F980068006800F05F
:104A800008000690FFE70698A0B1FFE70F980168BD
:104A9000086820F0040008600F98C06D00F01F0146
:104AA00008208840099988600F99486D40F00100FE
:104AB0004865FFE7FFE70E980F99C96D01F01F01E8
:104AC000C840C007002800F0A980FFE70F980068E1
:104AD0001021C4F20201884200F08180FFE70F98A4
:104AE00000682821C4F20201884278D0FFE70F98BD
:104AF00000684021C4F20201884270D0FFE70F989D
:104B000000685821C4F20201884268D0FFE70F987C
:104B100000687021C4F20201884260D0FFE70F985C
:104B200000688821C4F20201884258D0FFE70F983C
:104B30000068A021C4F20201884250D0FFE70F981C
:104B40000068B821C4F20201884248D0FFE70F98FC
:104B5000006840F21041C4F2020188423FD0FFE7F2
:104B60000F98006840F22841C4F20201884236D012
:104B7000FFE70F98006840F24041C4F2020188420A
:104B80002DD0FFE70F98006840F25841C4F20201AF
:104B9000884224D0FFE70F98006840F27041C4F2C9
:104BA000020188421BD0FFE70F98006840F288415D
:104BB000C4F20201884212D0FFE70F98006840F269
:104BC000A041C4F20201884209D0FFE70F980068B3
:104BD00040F2B841C4F20201884207D1FFE70F98C2
:104BE0000068406900F08000059005E00F980068BB
:104BF000006800200590FFE7059870B1FFE70F9867
:104C0000C06D00F01F0101208840099988600F994C
:104C1000486D40F002004865FFE7FFE70E980F99E6
:104C2000C96D01F01F01C8404007002840F1A9806C
:104C3000FFE70F9800681021C4F20201884200F0DB
:104C40008180FFE70F9800682821C4F202018842A2
:104C500078D0FFE70F9800684021C4F20201884233
:104C600070D0FFE70F9800685821C4F20201884213
:104C700068D0FFE70F9800687021C4F202018842F3
:104C800060D0FFE70F9800688821C4F202018842D3
:104C900058D0FFE70F980068A021C4F202018842B3
:104CA00050D0FFE70F980068B821C4F20201884293
:104CB00048D0FFE70F98006840F21041C4F20201AB
:104CC00088423FD0FFE70F98006840F22841C4F2C5
:104CD0000201884236D0FFE70F98006840F2404159
:104CE000C4F2020188422DD0FFE70F98006840F21D
:104CF0005841C4F20201884224D0FFE70F980068AF
:104D000040F27041C4F2020188421BD0FFE70F98C5
:104D1000006840F28841C4F20201884212D0FFE7E5
:104D20000F98006840F2A041C4F20201884209D005
:104D3000FFE70F98006840F2B841C4F202018842D0
:104D400007D1FFE70F980068006800F002000490A8
:104D500005E00F980068006800200490FFE70498C1
:104D600070B1FFE70F98C06D00F01F01042088406C
:104D7000099988600F99486D40F004004865FFE785
:104D8000FFE70E980F99C96D01F01F01C840C006DA
:104D9000002840F1DE80FFE70F9800681021C4F280
:104DA0000201884200F08180FFE70F980068282107
:104DB000C4F20201884278D0FFE70F9800684021D2
:104DC000C4F20201884270D0FFE70F9800685821B2
:104DD000C4F20201884268D0FFE70F980068702192
:104DE000C4F20201884260D0FFE70F980068882172
:104DF000C4F20201884258D0FFE70F980068A02152
:104E0000C4F20201884250D0FFE70F980068B82131
:104E1000C4F20201884248D0FFE70F98006840F2D0
:104E20001041C4F2020188423FD0FFE70F980068AA
:104E300040F22841C4F20201884236D0FFE70F98C1
:104E4000006840F24041C4F2020188422DD0FFE7E1
:104E50000F98006840F25841C4F20201884224D001
:104E6000FFE70F98006840F27041C4F202018842E7
:104E70001BD0FFE70F98006840F28841C4F202019E
:104E8000884212D0FFE70F98006840F2A041C4F2B8
:104E90000201884209D0FFE70F98006840F2B8414C
:104EA000C4F20201884207D1FFE70F98006800684A
:104EB00000F00800039006E00F980068006800F01A
:104EC00004000390FFE70398002841D0FFE70F9804
:104ED000C06D00F01F0110208840099988600F986C
:104EE00000680068400300281AD5FFE70F980068A3
:104EF00000680003002809D4FFE70F98006C20B178
:104F0000FFE70F98016C8847FFE708E00F98806C77
:104F100020B1FFE70F98816C8847FFE7FFE716E0B5
:104F20000F9800680068C005002807D4FFE70F98B5
:104F30000168086820F008000860FFE70F98006C1F
:104F400020B1FFE70F98016C8847FFE7FFE7FFE715
:104F5000FFE70E980F99C96D01F01F01C840800648
:104F6000002840F12681FFE70F9800681021C4F265
:104F70000201884200F08180FFE70F980068282135
:104F8000C4F20201884278D0FFE70F980068402100
:104F9000C4F20201884270D0FFE70F9800685821E0
:104FA000C4F20201884268D0FFE70F9800687021C0
:104FB000C4F20201884260D0FFE70F9800688821A0
:104FC000C4F20201884258D0FFE70F980068A02180
:104FD000C4F20201884250D0FFE70F980068B82160
:104FE000C4F20201884248D0FFE70F98006840F2FF
:104FF0001041C4F2020188423FD0FFE70F980068D9
:1050000040F22841C4F20201884236D0FFE70F98EF
:10501000006840F24041C4F2020188422DD0FFE70F
:105020000F98006840F25841C4F20201884224D02F
:10503000FFE70F98006840F27041C4F20201884215
:105040001BD0FFE70F98006840F28841C4F20201CC
:10505000884212D0FFE70F98006840F2A041C4F2E6
:105060000201884209D0FFE70F98006840F2B8417A
:10507000C4F20201884207D1FFE70F980068006878
:1050800000F01000029006E00F980068006800F041
:1050900002000290FFE70298002800F08980FFE7F5
:1050A0000F98C06D00F01F0120208840099988608A
:1050B0000F9890F83500042837D1FFE70F98016862
:1050C000086820F0160008600F980168486920F011
:1050D000800048610F98006C20B9FFE70F98806C42
:1050E00038B1FFE70F980168086820F008000860F1
:1050F000FFE70F98C06D00F01F013F20884009991D
:1051000088600F99012081F83500FFE70F99002092
:1051100081F83400FFE70F98006D20B1FFE70F988A
:10512000016D8847FFE700F019BC0F980068006820
:10513000400300281AD5FFE70F98006800680003B5
:10514000002809D4FFE70F98406C20B1FFE70F98C3
:10515000416C8847FFE708E00F98C06B20B1FFE77C
:105160000F98C16B8847FFE7FFE720E00F980068C2
:105170000068C005002811D4FFE70F98016808688F
:1051800020F0100008600F99012081F83500FFE73A
:105190000F99002081F83400FFE7FFE70F98C06BFC
:1051A00020B1FFE70F98C16B8847FFE7FFE7FFE7F4
:1051B000FFE70F98406D002800F0D480FFE70F98BC
:1051C000406DC007002800F0C480FFE70F9904205D
:1051D00081F835000F9800681021C4F2020188425E
:1051E00000F08180FFE70F9800682821C4F20201D7
:1051F000884278D0FFE70F9800684021C4F202018E
:10520000884270D0FFE70F9800685821C4F202016D
:10521000884268D0FFE70F9800687021C4F202014D
:10522000884260D0FFE70F9800688821C4F202012D
:10523000884258D0FFE70F980068A021C4F202010D
:10524000884250D0FFE70F980068B821C4F20201ED
:10525000884248D0FFE70F98006840F21041C4F23E
:10526000020188423FD0FFE70F98006840F22841D2
:10527000C4F20201884236D0FFE70F98006840F27E
:105280004041C4F2020188422DD0FFE70F98006828
:1052900040F25841C4F20201884224D0FFE70F983F
:1052A000006840F27041C4F2020188421BD0FFE75F
:1052B0000F98006840F28841C4F20201884212D07F
:1052C000FFE70F98006840F2A041C4F20201884253
:1052D00009D0FFE70F98006840F2B841C4F202011C
:1052E000884207D1FFE70F980168086820F00100A5
:1052F000086006E00F980168086820F00100086067
:10530000FFE7FFE70B9801300B900A99884201D91B
:10531000FFE707E0FFE70F9800680068C007002874
:10532000F0D1FFE70F9800680068C00728B1FFE7D9
:105330000F99032081F8350004E00F99012081F8CE
:105340003500FFE7FFE70F99002081F83400FFE701
:10535000FFE70F98C06C20B1FFE70F98C16C88473A
:10536000FFE7FFE7FAE20F980168012045F20842E3
:10537000C5F60202914201904ED0FFE70F980168F6
:10538000012045F21C42C5F602029142019043D031
:10539000FFE70F980168012045F23042C5F602028E
:1053A0009142019038D0FFE70F980168012045F243
:1053B0004442C5F60202914201902DD0FFE70F98BA
:1053C0000168012045F25842C5F60202914201905F
:1053D00022D0FFE70F980168012045F26C42C5F624
:1053E00002029142019017D0FFE70F980168012057
:1053F00045F28042C5F60202914201900CD0FFE7CF
:105400000F9800684AF66C31CAF2FD710844B0FA90
:1054100080F040090190FFE70198C007002800F0E4
:105420009B82FFE70F98006800680C900D980F9919
:10543000C96D01F01F01C8404007002840F1D78026
:10544000FFE79DF830004007002840F1D080FFE7DB
:105450000F98C06D00F01F01042088400899486033
:105460009DF831000006002818D5FFE79DF83200AE
:10547000C00748B9FFE70F98806C20B1FFE70F988D
:10548000816C8847FFE708E00F98006C20B1FFE7C8
:105490000F98016C8847FFE7FFE7A7E09DF8300011
:1054A0008006002800F19980FFE70F98006810211E
:1054B000C4F20201884200F08180FFE70F98006883
:1054C0002821C4F20201884278D0FFE70F980068D3
:1054D0004021C4F20201884270D0FFE70F980068B3
:1054E0005821C4F20201884268D0FFE70F98006893
:1054F0007021C4F20201884260D0FFE70F98006873
:105500008821C4F20201884258D0FFE70F98006852
:10551000A021C4F20201884250D0FFE70F98006832
:10552000B821C4F20201884248D0FFE70F98006812
:1055300040F21041C4F2020188423FD0FFE70F98C9
:10554000006840F22841C4F20201884236D0FFE7E9
:105550000F98006840F24041C4F2020188422DD009
:10556000FFE70F98006840F25841C4F202018842F8
:1055700024D0FFE70F98006840F27041C4F20201A6
:1055800088421BD0FFE70F98006840F28841C4F2C0
:105590000201884212D0FFE70F98006840F2A04154
:1055A000C4F20201884209D0FFE70F98006840F278
:1055B000B841C4F20201884207D1FFE70F980168A1
:1055C000086820F00800086006E00F980168086885
:1055D00020F004000860FFE7FFE70F98006C20B19F
:1055E000FFE70F98016C8847FFE7FFE7B3E10D98ED
:1055F0000F99C96D01F01F01C8408007002840F1D4
:10560000E180FFE79DF830008007002840F1DA8054
:10561000FFE70F98C06D00F01F0102208840089935
:1056200048609DF831000006002818D5FFE79DF876
:105630003200C00748B9FFE70F98406C20B1FFE780
:105640000F98416C8847FFE708E00F98C06B20B1C6
:10565000FFE70F98C16B8847FFE7FFE7B1E09DF8D0
:1056600030008006002800F1A380FFE70F98006853
:105670001021C4F20201884200F08180FFE70F98F8
:1056800000682821C4F20201884278D0FFE70F9811
:1056900000684021C4F20201884270D0FFE70F98F1
:1056A00000685821C4F20201884268D0FFE70F98D1
:1056B00000687021C4F20201884260D0FFE70F98B1
:1056C00000688821C4F20201884258D0FFE70F9891
:1056D0000068A021C4F20201884250D0FFE70F9871
:1056E0000068B821C4F20201884248D0FFE70F9851
:1056F000006840F21041C4F2020188423FD0FFE747
:105700000F98006840F22841C4F20201884236D066
:10571000FFE70F98006840F24041C4F2020188425E
:105720002DD0FFE70F98006840F25841C4F2020103
:10573000884224D0FFE70F98006840F27041C4F21D
:10574000020188421BD0FFE70F98006840F28841B1
:10575000C4F20201884212D0FFE70F98006840F2BD
:10576000A041C4F20201884209D0FFE70F98006807
:1057700040F2B841C4F20201884207D1FFE70F9816
:105780000168086820F01400086006E00F980168BE
:10579000086820F00A000860FFE70F99012081F8EF
:1057A0003500FFE70F99002081F83400FFE7FFE79D
:1057B0000F98C06B20B1FFE70F98C16B8847FFE7D8
:1057C000FFE7C7E00D980F99C96D01F01F01C840B0
:1057D0000007002840F1BC80FFE79DF8300000077B
:1057E000002840F1B580FFE70F9800681021C4F24F
:1057F0000201884200F08180FFE70F9800682821AD
:10580000C4F20201884278D0FFE70F980068402177
:10581000C4F20201884270D0FFE70F980068582157
:10582000C4F20201884268D0FFE70F980068702137
:10583000C4F20201884260D0FFE70F980068882117
:10584000C4F20201884258D0FFE70F980068A021F7
:10585000C4F20201884250D0FFE70F980068B821D7
:10586000C4F20201884248D0FFE70F98006840F276
:105870001041C4F2020188423FD0FFE70F98006850
:1058800040F22841C4F20201884236D0FFE70F9867
:10589000006840F24041C4F2020188422DD0FFE787
:1058A0000F98006840F25841C4F20201884224D0A7
:1058B000FFE70F98006840F27041C4F2020188428D
:1058C0001BD0FFE70F98006840F28841C4F2020144
:1058D000884212D0FFE70F98006840F2A041C4F25E
:1058E0000201884209D0FFE70F98006840F2B841F2
:1058F000C4F20201884207D1FFE70F9801680868E7
:1059000020F01C00086006E00F980168086820F08D
:105910000E000860FFE70F98C06D00F01F01012026
:1059200000FA01F1089A51600F9948650F9981F8C2
:105930003500FFE70F99002081F83400FFE70F984A
:10594000C06C20B1FFE70F98C16C8847FFE700E00B
:10595000FFE7FFE7FFE700E0FFE7FFE710B080BDEC
:1059600080B58EB00C9001F01FFA0A900C9828B9FF
:10597000FFE701208DF8370000F0A0BC0C9801680B
:1059800001201022C4F202029142079000F0A3808D
:10599000FFE70C98016801202822C4F2020291421C
:1059A000079000F09880FFE70C98016801204022E2
:1059B000C4F202029142079000F08D80FFE70C983C
:1059C000016801205822C4F202029142079000F0BF
:1059D0008280FFE70C98016801207022C4F2020265
:1059E0009142079077D0FFE70C9801680120882248
:1059F000C4F20202914207906DD0FFE70C98016853
:105A00000120A022C4F202029142079063D0FFE776
:105A10000C9801680120B822C4F20202914207905A
:105A200059D0FFE70C980168012040F21042C4F2FF
:105A30000202914207904ED0FFE70C9801680120C6
:105A400040F22842C4F202029142079043D0FFE79D
:105A50000C980168012040F24042C4F202029142D7
:105A6000079038D0FFE70C980168012040F25842B7
:105A7000C4F20202914207902DD0FFE70C98016812
:105A8000012040F27042C4F202029142079022D0FB
:105A9000FFE70C980168012040F28842C4F202023C
:105AA0009142079017D0FFE70C980168012040F25F
:105AB000A042C4F20202914207900CD0FFE70C987A
:105AC00000684FF64831CBF6FD710844B0FA80F01B
:105AD00040090790FFE70798C007002800F0798188
:105AE000FFE70C98406A08B1FFE7FFE70C99022036
:105AF00081F83500FFE70C99002081F83400FFE7BA
:105B00000C9800681021C4F20201884200F08180E4
:105B1000FFE70C9800682821C4F20201884278D07F
:105B2000FFE70C9800684021C4F20201884270D05F
:105B3000FFE70C9800685821C4F20201884268D03F
:105B4000FFE70C9800687021C4F20201884260D01F
:105B5000FFE70C9800688821C4F20201884258D0FF
:105B6000FFE70C980068A021C4F20201884250D0DF
:105B7000FFE70C980068B821C4F20201884248D0BF
:105B8000FFE70C98006840F21041C4F2020188421D
:105B90003FD0FFE70C98006840F22841C4F20201B0
:105BA000884236D0FFE70C98006840F24041C4F2CA
:105BB000020188422DD0FFE70C98006840F258415E
:105BC000C4F20201884224D0FFE70C98006840F23A
:105BD0007041C4F2020188421BD0FFE70C980068B4
:105BE00040F28841C4F20201884212D0FFE70C98CB
:105BF000006840F2A041C4F20201884209D0FFE7E8
:105C00000C98006840F2B841C4F20201884207D102
:105C1000FFE70C980168086820F00100086006E0C2
:105C20000C980168086820F001000860FFE7FFE7B2
:105C30000C9800680068C00798B1FFE701F0B4F85D
:105C40000A99401A06280BD3FFE70C9920204865D3
:105C50000C99032081F8350001208DF837002DE3E1
:105C6000E6E70C98006800680B900B9848F23F013B
:105C7000CFF6106108400B900C998868D1F80CC0E1
:105C80000B694A6940EA0C00184310438A691043C3
:105C9000CA691043096A01430B9808430B900C989A
:105CA000406A042808D1FFE70C99C86A096B0143D0
:105CB0000B9808430B90FFE741F20000C5F6004047
:105CC00000684FF6FF718843B0F1005F40D3FFE7F3
:105CD0000C984068292807D3FFE70C9841680120F9
:105CE0002F2906902AD3FFE70C9840683F2807D356
:105CF000FFE70C9841680120432906901ED3FFE777
:105D00000C984068472807D3FFE70C9841680120AA
:105D10004929069012D3FFE70C98416800204F29CB
:105D2000059008D3FFE70C9841680020532938BF3D
:105D300001200590FFE705980690FFE70698C00749
:105D400028B1FFE70B9840F480100B90FFE7FFE7C6
:105D50000B980C99096808600C98006840690B90D2
:105D60000B9820F007000B900C98416A0B980843A1
:105D70000B900C98406A04281AD1FFE70C98816AAE
:105D80000B9808430B900C98C06A80B1FFE70C9801
:105D9000FBF712FB50B1FFE70C99402048650C99C6
:105DA000012081F835008DF8370087E2FFE7FFE733
:105DB0000B980C99096848610C98FBF7C1F8099099
:105DC0000C98C06D00F01F013F2088400999886041
:105DD00027E10C980168012045F20842C5F602024D
:105DE000914204904ED0FFE70C980168012045F2E3
:105DF0001C42C5F602029142049043D0FFE70C9882
:105E00000168012045F23042C5F602029142049039
:105E100038D0FFE70C980168012045F24442C5F6EE
:105E20000202914204902DD0FFE70C9801680120F6
:105E300045F25842C5F602029142049022D0FFE793
:105E40000C980168012045F26C42C5F602029142AD
:105E5000049017D0FFE70C980168012045F28042BA
:105E6000C5F60202914204900CD0FFE70C9800683E
:105E70004AF66C31CAF2FD710844B0FA80F040096C
:105E80000490FFE70498C007002800F0BE80FFE7F9
:105E90000C980168012045F20842C5F602029142C1
:105EA00003904ED0FFE70C980168012045F21C4298
:105EB000C5F602029142039043D0FFE70C980168B7
:105EC000012045F23042C5F602029142039038D0DB
:105ED000FFE70C980168012045F24442C5F6020232
:105EE000914203902DD0FFE70C980168012045F204
:105EF0005842C5F602029142039022D0FFE70C9867
:105F00000168012045F26C42C5F6020291420390FD
:105F100017D0FFE70C980168012045F28042C5F6D2
:105F20000202914203900CD0FFE70C9800684AF6F9
:105F30006C31CAF2FD710844B0FA80F04009039058
:105F4000FFE70398C00708B1FFE7FFE70C990220BD
:105F500081F83500FFE70C99002081F83400FFE755
:105F60000C98006800680B900B986FF310100B9062
:105F70000C988068402803D1FFE71020029008E0C9
:105F80000C9880688038B0FA80F040098003029055
:105F9000FFE702980C99D1F80CE0D1F810C04B69DA
:105FA0008A6940EADE0040EADC0040EAD30040EAC9
:105FB000D200CA6940EAD200096A40EA11110B987E
:105FC00008430B900B980C99096808600C990868B5
:105FD0004AF6F832CAF2FD7210444CF6CD42CCF6C5
:105FE000CC42A0FB02026FF0030000EA9200C865F9
:105FF0000C98FAF7A5FF08900C98C06D00F01F01EF
:1060000001208840089948600AE00C9940204865C2
:106010000C99032081F8350001208DF837004DE1FF
:10602000FFE70C98016801201022C4F2020291429D
:10603000019000F00381FFE70C98016801202822FD
:10604000C4F202029142019000F0F880FFE70C9840
:10605000016801204022C4F202029142019000F046
:10606000ED80FFE70C98016801205822C4F202027B
:106070009142019000F0E280FFE70C980168012056
:106080007022C4F202029142019000F0D780FFE733
:106090000C98016801208822C4F20202914201900A
:1060A00000F0CC80FFE70C9801680120A022C4F228
:1060B00002029142019000F0C180FFE70C98016854
:1060C0000120B822C4F202029142019000F0B68091
:1060D000FFE70C980168012040F21042C4F202026E
:1060E0009142019000F0AA80FFE70C98016801201E
:1060F00040F22842C4F202029142019000F09E80D8
:10610000FFE70C980168012040F24042C4F202020D
:106110009142019000F09280FFE70C980168012005
:1061200040F25842C4F202029142019000F086808F
:10613000FFE70C980168012040F27042C4F20202AD
:10614000914201907AD0FFE70C980168012040F25B
:106150008842C4F20202914201906FD0FFE70C988E
:106160000168012040F2A042C4F202029142019073
:1061700064D0FFE70C980168012040F2B842C4F2F5
:1061800002029142019059D0FFE70C98016801206A
:1061900045F20842C5F60202914201904ED0FFE757
:1061A0000C980168012045F21C42C5F6020291429A
:1061B000019043D0FFE70C980168012045F230427E
:1061C000C5F602029142019038D0FFE70C980168B1
:1061D000012045F24442C5F60202914201902DD0C1
:1061E000FFE70C980168012045F25842C5F602020B
:1061F0009142019022D0FFE70C980168012045F2FE
:106200006C42C5F602029142019017D0FFE70C984C
:106210000168012045F28042C5F6020291420190D8
:106220000CD0FFE70C9800684AF66C31CAF2FD7199
:106230000844B0FA80F040090190FFE70198C007D8
:1062400090B3FFE70C98FAF763FF0C9880688028FA
:1062500004D1FFE70C9900204860FFE70C9908790A
:10626000096E08600C98416E806E48600C9840681A
:1062700088B1FFE70C98406808280CD8FFE70C9815
:10628000FBF702F80C98C16E002008600C98016FB3
:10629000406F486007E00C990020C8660C990867B9
:1062A0000C994867FFE7FFE70C99002048650C9AB6
:1062B000012182F835108DF83700FFE79DF837008F
:1062C0000EB080BD0000000080B588B0069005913A
:1062D0000492039300208DF80B00069820B9FFE785
:1062E00001208DF81F006CE3FFE7069890F834005A
:1062F000012804D1FFE702208DF81F0061E3069911
:10630000012081F83400FFE7FFE7069890F8350098
:10631000012840F04383FFE70699022081F8350009
:10632000069900204865069800681021C4F2020111
:10633000884200F08180FFE7069800682821C4F2B7
:106340000201884278D0FFE7069800684021C4F235
:106350000201884270D0FFE7069800685821C4F215
:106360000201884268D0FFE7069800687021C4F2F5
:106370000201884260D0FFE7069800688821C4F2D5
:106380000201884258D0FFE706980068A021C4F2B5
:106390000201884250D0FFE706980068B821C4F295
:1063A0000201884248D0FFE70698006840F2104199
:1063B000C4F2020188423FD0FFE70698006840F22D
:1063C0002841C4F20201884236D0FFE706980068EF
:1063D00040F24041C4F2020188422DD0FFE7069806
:1063E000006840F25841C4F20201884224D0FFE71D
:1063F0000698006840F27041C4F2020188421BD046
:10640000FFE70698006840F28841C4F20201884222
:1064100012D0FFE70698006840F2A041C4F20201E2
:10642000884209D0FFE70698006840F2B841C4F2FC
:106430000201884207D1FFE706980168086820F04A
:106440000100086006E006980168086820F0010075
:106450000860FFE706980599049A039BFBF724F868
:106460000698016801201022C4F2020291420190B4
:1064700000F0A380FFE70698016801202822C4F2FB
:1064800002029142019000F09880FFE706980168AF
:1064900001204022C4F202029142019000F08D805E
:1064A000FFE70698016801205822C4F202029142D7
:1064B000019000F08280FFE70698016801207022B9
:1064C000C4F202029142019077D0FFE7069801687A
:1064D00001208822C4F20202914201906DD0FFE7B0
:1064E000069801680120A022C4F2020291420190A4
:1064F00063D0FFE7069801680120B822C4F20202C7
:106500009142019059D0FFE706980168012040F2BE
:106510001042C4F20202914201904ED0FFE7069869
:106520000168012040F22842C4F202029142019027
:1065300043D0FFE706980168012040F24042C4F2D0
:1065400002029142019038D0FFE7069801680120CD
:1065500040F25842C4F20202914201902DD0FFE76E
:1065600006980168012040F27042C4F20202914292
:10657000019022D0FFE706980168012040F288428E
:10658000C4F202029142019017D0FFE70698016819
:10659000012040F2A042C4F20202914201900CD0CC
:1065A000FFE7069800684FF64831CBF6FD710844C6
:1065B000B0FA80F040090190FFE70198C007A8B148
:1065C000FFE70698006800680B2161F34400069914
:1065D000096808600698006C38B1FFE70698016802
:1065E000086840F008000860FFE714E006980068BB
:1065F0000068052161F34300069909680860069860
:10660000006C38B1FFE706980168086840F00400A4
:106610000860FFE7FFE70698016801201022C4F236
:1066200002029142009000F00381FFE706980168A2
:1066300001202822C4F202029142009000F0F8806A
:10664000FFE70698016801204022C4F2020291424D
:10665000009000F0ED80FFE70698016801205822C5
:10666000C4F202029142009000F0E280FFE7069837
:10667000016801207022C4F202029142009000F0F1
:10668000D780FFE70698016801208822C4F2020241
:106690009142009000F0CC80FFE70698016801204D
:1066A000A022C4F202029142009000F0C180FFE7F4
:1066B000069801680120B822C4F2020291420090BB
:1066C00000F0B680FFE706980168012040F2104212
:1066D000C4F202029142009000F0AA80FFE70698FF
:1066E0000168012040F22842C4F202029142009067
:1066F00000F09E80FFE706980168012040F24042CA
:10670000C4F202029142009000F09280FFE70698E6
:106710000168012040F25842C4F202029142009006
:1067200000F08680FFE706980168012040F2704281
:10673000C4F20202914200907AD0FFE70698016805
:10674000012040F28842C4F20202914200906FD0D0
:10675000FFE706980168012040F2A042C4F202025D
:106760009142009064D0FFE706980168012040F252
:10677000B842C4F202029142009059D0FFE7069855
:106780000168012045F20842C5F6020291420090DC
:106790004ED0FFE706980168012045F21C42C5F67D
:1067A00002029142009043D0FFE706980168012061
:1067B00045F23042C5F602029142009038D0FFE720
:1067C00006980168012045F24442C5F60202914252
:1067D00000902DD0FFE706980168012045F258424D
:1067E000C5F602029142009022D0FFE706980168A8
:1067F000012045F26C42C5F602029142009017D08A
:10680000FFE706980168012045F28042C5F60202C2
:10681000914200900CD0FFE7069800684AF66C3170
:10682000CAF2FD710844B0FA80F040090090FFE719
:106830000098C007D0B1FFE70698006E0068C0035B
:10684000002807D5FFE70698016E086840F48070BD
:106850000860FFE70698C06E38B1FFE70698C16E82
:10686000086840F480700860FFE7FFE7069800685A
:106870001021C4F20201884200F08180FFE70698EF
:1068800000682821C4F20201884278D0FFE7069808
:1068900000684021C4F20201884270D0FFE70698E8
:1068A00000685821C4F20201884268D0FFE70698C8
:1068B00000687021C4F20201884260D0FFE70698A8
:1068C00000688821C4F20201884258D0FFE7069888
:1068D0000068A021C4F20201884250D0FFE7069868
:1068E0000068B821C4F20201884248D0FFE7069848
:1068F000006840F21041C4F2020188423FD0FFE735
:106900000698006840F22841C4F20201884236D05D
:10691000FFE70698006840F24041C4F20201884255
:106920002DD0FFE70698006840F25841C4F20201FA
:10693000884224D0FFE70698006840F27041C4F214
:10694000020188421BD0FFE70698006840F28841A8
:10695000C4F20201884212D0FFE70698006840F2B4
:10696000A041C4F20201884209D0FFE706980068FE
:1069700040F2B841C4F20201884207D1FFE706980D
:106980000168086840F00100086006E006980168A8
:10699000086840F001000860FFE70DE006994FF439
:1069A00000604865FFE70699002081F83400FFE7A2
:1069B00001208DF80B00FFE79DF80B008DF81F00FC
:1069C000FFE79DF81F0008B080BD00000000000038
:1069D00090B00F900E9100200D908020C5F6000021
:1069E0000A90FFE70E9800680D99C840002800F053
:1069F000CF81FFE70E9800680D9A01219140084071
:106A00000C900C98002800F0BF81FFE70E984068BA
:106A100000F00300012807D0FFE70E98406800F05F
:106A2000030002282FD1FFE70F9880680B900D9884
:106A30004100032000FA01F10B9888430B900E9857
:106A4000C0680D99490000FA01F10B9808430B90BA
:106A50000B980F9988600F9840680B900D99012052
:106A600000FA01F10B9888430B900E984068C0F330
:106A700000100D9900FA01F10B9808430B900B9848
:106A80000F994860FFE70E98406800F00300032864
:106A900018D0FFE70F98C0680B900D9841000320B5
:106AA00000FA01F10B9888430B900E9880680D99BD
:106AB000490000FA01F10B9808430B900B980F99CD
:106AC000C860FFE70E98406800F00300022826D156
:106AD000FFE70F980D996FF0030202EA5101084495
:106AE000006A0B900D9800F0070081000F2000FA5B
:106AF00001F10B9888430B900E9800690D9901F0F5
:106B00000701890000FA01F10B9808430B900B98DC
:106B10000F990D9B02EA530211440862FFE70F9898
:106B200000680B900D984100032000FA01F10B98CA
:106B300088430B900E98406800F003000D994900BF
:106B400000FA01F10B9808430B900B980F9908601D
:106B50000E9880798007002800F01581FFE7FFE795
:106B600044F2F440C5F60200016841F00201016000
:106B7000006800F0020009900998FFE70D9820F0E6
:106B8000030040F20841C5F6000140580B900D98F3
:106B900000F0030081000F2000FA01F10B988843F8
:106BA0000B900F980021C5F60201884203D1FFE740
:106BB000002008907AE00F9840F20041C5F60201EB
:106BC000884203D1FFE7012007906CE00F9840F660
:106BD0000001C5F60201884203D1FFE702200690BA
:106BE0005EE00F9840F60041C5F60201884203D1ED
:106BF000FFE70320059050E00F9841F20001C5F631
:106C00000201884203D1FFE70420049042E00F987C
:106C100041F20041C5F60201884203D1FFE7052099
:106C2000039034E00F9841F60001C5F60201884256
:106C300003D1FFE70620029026E00F9841F60041BD
:106C4000C5F60201884203D1FFE70720019018E052
:106C50000F9842F20001C5F60201884203D1FFE716
:106C6000082000900AE00F9942F20042C5F60202A5
:106C70000A20914208BF09200090FFE70098019088
:106C8000FFE701980290FFE702980390FFE703985F
:106C90000490FFE704980590FFE705980690FFE74A
:106CA00006980790FFE707980890FFE708980D9966
:106CB00001F00301890000FA01F10B9808430B90E1
:106CC0000B980D9921F0030140F20842C5F600022D
:106CD00088504FF0B04000680B900C990B98884397
:106CE0000B900E988079C006002805D5FFE70C9917
:106CF0000B9808430B90FFE70B984FF0B0410860EA
:106D00000420C5F6000000680B900C990B9888438E
:106D10000B900E9880798006002805D5FFE70C9926
:106D20000B9808430B90FFE70B980421C5F6000170
:106D300008600A9840680B900C990B9888430B9058
:106D40000E9880798007002805D5FFE70C990B98ED
:106D500008430B90FFE70B980A9948600A9800686F
:106D60000B900C990B9888430B900E988079C00774
:106D700028B1FFE70C990B9808430B90FFE70B989D
:106D80000A990860FFE7FFE70D9801300D9029E6AA
:106D900010B070470000000041F20000C5F600404E
:106DA0000068000C7047000040F2DC30C2F20100C5
:106DB000006870470000000040F21C00C2F20000B2
:106DC000027840F2DC31C2F2010108681044086028
:106DD000704700000000000080B582B0032000F082
:106DE00023F902F0B1FE44F21842C5F6020211681E
:106DF000C1F303234FF64821C0F60001CB5C03F03A
:106E00001F03D84000900098126802F00F02895CBE
:106E100001F01F01C84040F21401C2F200010860F5
:106E2000009840F21001C2F2000108600F2000F04B
:106E300013F820B1FFE701208DF8070005E000F00E
:106E4000BBF800208DF80700FFE79DF8070002B0AF
:106E500080BD00000000000080B582B0009040F2CC
:106E60001C00C2F20000007820B9FFE701208DF875
:106E7000070030E040F21000C2F20000006840F26B
:106E80001C01C2F200010A784FF47A71B1FBF2F1F1
:106E9000B0FBF1F003F08CFD20B1FFE701208DF88D
:106EA000070018E000980F280DD8FFE700994FF071
:106EB000FF30002200F0A0F8009840F22001C2F25A
:106EC0000001086003E001208DF8070003E00020C6
:106ED0008DF80700FFE79DF8070002B080BD0000B5
:106EE00010B581B00090009840784EF69851CEF2DF
:106EF000000108604EF6A051CEF20001086820F0B3
:106F000001000860009840684EF69C52CEF20002E4
:106F10001060DDF800E09EF80C0000079EF80B20E2
:106F200040EA02609EF800209EF808309EF809C0F2
:106F30009EF80A4040EAC4409EF80D4040EA844072
:106F40009EF80E4040EA44409EF80FE040EA0E40B2
:106F500040EA0C2040EA43001043086001B010BD35
:106F6000BFF35F8F4EF62451CEF20001086820F483
:106F7000803008604EF69451CEF200010020086087
:106F8000704700000000000081B00090009840F0C1
:106F900001004EF69451CEF2000108604EF62451E5
:106FA000CEF20001086840F480300860BFF34F8FD4
:106FB000BFF36F8F01B0704781B0FFE744F2F44038
:106FC000C5F60200016841F002010160006800F0AE
:106FD000020000900098FFE701B070470000000039
:106FE00080B582B0ADF80600BDF9060007F0BCF927
:106FF00002B080BD0000000080B586B0ADF816007C
:107000000491039207F0C8F90290BDF916000190AF
:1070100002980499039A05F037FC0146019807F09D
:10702000C3F906B080BD000080B582B00190019820
:1070300007F0DEF902B080BD80B584B0029044F65E
:107040000C00C5F60200006800F004010020B0EB5F
:10705000910F13D1FFE744F60C00C5F6020000685B
:1070600000F007000299884204D0FFE701208DF864
:107070000F002EE000208DF80F002AE044F60C01EE
:10708000C5F60201086820F00700029A1043086064
:10709000FFF78AFE0190FFE744F60400C5F6020000
:1070A000006800F400510020B0EB513F0DD1FFE724
:1070B000FFF77AFE0199401AB0F57A7F04D9FFE70D
:1070C00001208DF80F0004E0E6E700208DF80F00A6
:1070D000FFE79DF80F0004B080BD00000000000035
:1070E00080B502F0DDFC44F22041C5F602010968DA
:1070F000C1F302124FF64821C0F60001895C01F08D
:107100001F01C84080BD000088B0079044F22840AD
:10711000C5F60200016801F0030106910068C0F3A2
:107120000510059044F22C40C5F60200006800F0FE
:1071300001000490049844F23441C5F60201096844
:1071400089B2C908484300EE100AB8EE400A8DED36
:10715000020A0598002800F01B81FFE706980090BE
:1071600048B1FFE70098012869D0FFE7009802289E
:1071700000F08980ABE044F20040C5F602000068F0
:1071800000F020010020B0EB511F33D0FFE744F2A4
:107190000040C5F602000068C0F3C10149F20000DA
:1071A000C0F2D030C84003909DED030AB8EE400A0B
:1071B0009DED051AB8EE411A80EE010A44F2304006
:1071C000C5F6020000686FF35F2001EE100AB8EE0A
:1071D000411A9DED022A9FED743A82EE032A31EEA8
:1071E000021AB7EE002A31EE021A20EE010A8DEDE6
:1071F000010A23E09DED050AB8EE401A9FED6C0AE6
:1072000080EE010A44F23040C5F6020000686FF3D8
:107210005F2001EE100AB8EE411A9DED022A9FEDA3
:10722000623A82EE032A31EE021AB7EE002A31EEFC
:10723000021A20EE010A8DED010AFFE76BE09DEDD9
:10724000050AB8EE401A9FED590A80EE010A44F291
:107250003040C5F6020000686FF35F2001EE100AAF
:10726000B8EE411A9DED022A9FED4F3A82EE032AB5
:1072700031EE021AB7EE002A31EE021A20EE010AB0
:107280008DED010A47E09DED050AB8EE401A9FED2D
:10729000450A80EE010A44F23040C5F6020000685B
:1072A0006FF35F2001EE100AB8EE411A9DED022A3D
:1072B0009FED3D3A82EE032A31EE021AB7EE002A24
:1072C00031EE021A20EE010A8DED010A23E09DED58
:1072D000050AB8EE401A9FED360A80EE010A44F224
:1072E0003040C5F6020000686FF35F2001EE100A1F
:1072F000B8EE411A9DED022A9FED2B3A82EE032A49
:1073000031EE021AB7EE002A31EE021A20EE010A1F
:107310008DED010AFFE79DED010A44F23040C5F60C
:107320000200016889B2490A01EE101AB8EE411A4A
:10733000B7EE002A31EE021A80EE010A0799BCEE80
:10734000C00A81ED000A9DED010A0168C1F3064102
:1073500001EE101AB8EE411A31EE021A80EE010A5F
:107360000799BCEEC00A81ED010A9DED010A006893
:10737000C0F3066001EE100AB8EE411A31EE021AAF
:1073800080EE010A0798BCEEC00A80ED020A07E011
:107390000799002008600799486007998860FFE70F
:1073A00008B0704720BCBE4B000000460024744A61
:1073B0000024744C0000000088B0079044F228407C
:1073C000C5F60200016801F0030106910068C0F3F0
:1073D0000530059044F22C40C5F602000068C0F369
:1073E00000100490049844F23C41C5F6020109687B
:1073F00089B2C908484300EE100AB8EE400A8DED84
:10740000020A0598002800F01B81FFE7069800900B
:1074100048B1FFE70098012869D0FFE700980228EB
:1074200000F08980ABE044F20040C5F6020000683D
:1074300000F020010020B0EB511F33D0FFE744F2F1
:107440000040C5F602000068C0F3C10149F2000027
:10745000C0F2D030C84003909DED030AB8EE400A58
:107460009DED051AB8EE411A80EE010A44F238404B
:10747000C5F6020000686FF35F2001EE100AB8EE57
:10748000411A9DED022A9FED743A82EE032A31EEF5
:10749000021AB7EE002A31EE021A20EE010A8DED33
:1074A000010A23E09DED050AB8EE401A9FED6C0A33
:1074B00080EE010A44F23840C5F6020000686FF31E
:1074C0005F2001EE100AB8EE411A9DED022A9FEDF1
:1074D000623A82EE032A31EE021AB7EE002A31EE4A
:1074E000021A20EE010A8DED010AFFE76BE09DED27
:1074F000050AB8EE401A9FED590A80EE010A44F2DF
:107500003840C5F6020000686FF35F2001EE100AF4
:10751000B8EE411A9DED022A9FED4F3A82EE032A02
:1075200031EE021AB7EE002A31EE021A20EE010AFD
:107530008DED010A47E09DED050AB8EE401A9FED7A
:10754000450A80EE010A44F23840C5F602000068A0
:107550006FF35F2001EE100AB8EE411A9DED022A8A
:107560009FED3D3A82EE032A31EE021AB7EE002A71
:1075700031EE021A20EE010A8DED010A23E09DEDA5
:10758000050AB8EE401A9FED350A80EE010A44F272
:107590003840C5F6020000686FF35F2001EE100A64
:1075A000B8EE411A9DED022A9FED2B3A82EE032A96
:1075B00031EE021AB7EE002A31EE021A20EE010A6D
:1075C0008DED010AFFE79DED010A44F23840C5F652
:1075D0000200016889B2490A01EE101AB8EE411A98
:1075E000B7EE002A31EE021A80EE010A0799BCEECE
:1075F000C00A81ED000A9DED010A0168C1F3064150
:1076000001EE101AB8EE411A31EE021A80EE010AAC
:107610000799BCEEC00A81ED010A9DED010A0068E0
:10762000C0F3066001EE100AB8EE411A31EE021AFC
:1076300080EE010A0798BCEEC00A80ED020A07E05E
:107640000799002008600799486007998860FFE75C
:1076500008B0704720BCBE4B000000460024744AAE
:107660000024744C0000000088B0079044F22840C9
:10767000C5F60200016801F0030106910068C0F33D
:107680000550059044F22C40C5F602000068C0F396
:1076900000200490049844F24441C5F602010968B0
:1076A00089B2C908484300EE100AB8EE400A8DEDD1
:1076B000020A0598002800F01B81FFE70698009059
:1076C00048B1FFE70098012869D0FFE70098022839
:1076D00000F08980ABE044F20040C5F6020000688B
:1076E00000F020010020B0EB511F33D0FFE744F23F
:1076F0000040C5F602000068C0F3C10149F2000075
:10770000C0F2D030C84003909DED030AB8EE400AA5
:107710009DED051AB8EE411A80EE010A44F2404090
:10772000C5F6020000686FF35F2001EE100AB8EEA4
:10773000411A9DED022A9FED743A82EE032A31EE42
:10774000021AB7EE002A31EE021A20EE010A8DED80
:10775000010A23E09DED050AB8EE401A9FED6C0A80
:1077600080EE010A44F24040C5F6020000686FF363
:107770005F2001EE100AB8EE411A9DED022A9FED3E
:10778000623A82EE032A31EE021AB7EE002A31EE97
:10779000021A20EE010A8DED010AFFE76BE09DED74
:1077A000050AB8EE401A9FED590A80EE010A44F22C
:1077B0004040C5F6020000686FF35F2001EE100A3A
:1077C000B8EE411A9DED022A9FED4F3A82EE032A50
:1077D00031EE021AB7EE002A31EE021A20EE010A4B
:1077E0008DED010A47E09DED050AB8EE401A9FEDC8
:1077F000450A80EE010A44F24040C5F602000068E6
:107800006FF35F2001EE100AB8EE411A9DED022AD7
:107810009FED3D3A82EE032A31EE021AB7EE002ABE
:1078200031EE021A20EE010A8DED010A23E09DEDF2
:10783000050AB8EE401A9FED350A80EE010A44F2BF
:107840004040C5F6020000686FF35F2001EE100AA9
:10785000B8EE411A9DED022A9FED2B3A82EE032AE3
:1078600031EE021AB7EE002A31EE021A20EE010ABA
:107870008DED010AFFE79DED010A44F24040C5F697
:107880000200016889B2490A01EE101AB8EE411AE5
:10789000B7EE002A31EE021A80EE010A0799BCEE1B
:1078A000C00A81ED000A9DED010A0168C1F306419D
:1078B00001EE101AB8EE411A31EE021A80EE010AFA
:1078C0000799BCEEC00A81ED010A9DED010A00682E
:1078D000C0F3066001EE100AB8EE411A31EE021A4A
:1078E00080EE010A0798BCEEC00A80ED020A07E0AC
:1078F0000799002008600799486007998860FFE7AA
:1079000008B0704720BCBE4B000000460024744AFB
:107910000024744C0000000080B59AB019911890B2
:107920001898199980F480700843002840F0A880C6
:10793000FFE744F25040C5F60200006800F007007F
:107940000D900D980A90042800F295800A99DFE8BE
:1079500001F00316298C3C0044F20040C5F60200F9
:1079600000688001002806D5FFE715A8FFF7CCFBCB
:1079700016980E9002E000200E90FFE77EE044F2A1
:107980000040C5F6020000680001002806D5FFE7A8
:1079900012A8FFF711FD12980E9002E000200E9041
:1079A000FFE76BE044F20040C5F60200006880008B
:1079B000002806D5FFE70FA8FFF756FE0F980E9098
:1079C00002E000200E90FFE758E044F24C40C5F67C
:1079D0000200006800F040500C9044F20040C5F6F0
:1079E000020000684007002811D5FFE70C9870B925
:1079F000FFE744F20040C5F602000068C0F3C10191
:107A000049F20000C0F2D030C8400E902CE044F2A1
:107A10000040C5F602000068C00500280BD5FFE74E
:107A20000C98B0F1805F06D1FFE740F60010C0F27D
:107A30003D000E9017E044F20040C5F602000068D9
:107A4000800300280BD5FFE70C98B0F1005F06D14A
:107A5000FFE747F64000C0F27D100E9002E00020E4
:107A60000E90FFE7FFE7FFE708E048F20000C0F2F2
:107A7000BB000E9002E000200E90FFE700F06EBD0C
:107A80001898199980F400700843002840F0B380DA
:107A9000FFE744F25040C5F60200006800F4E070D1
:107AA0000D900D98099090B1FFE70998402821D0DA
:107AB000FFE70998802830D0FFE70998C02800F038
:107AC0008F80FFE70998B0F5807F39D08EE044F2CF
:107AD0000040C5F6020000688001002806D5FFE7D7
:107AE00015A8FFF711FB16980E9002E000200E90EB
:107AF000FFE77EE044F20040C5F6020000680001A6
:107B0000002806D5FFE712A8FFF756FC12980E9042
:107B100002E000200E90FFE76BE044F20040C5F663
:107B2000020000688000002806D5FFE70FA8FFF7D5
:107B30009BFD0F980E9002E000200E90FFE758E0AA
:107B400044F24C40C5F60200006800F040500C9032
:107B500044F20040C5F6020000684007002811D535
:107B6000FFE70C9870B9FFE744F20040C5F6020049
:107B70000068C0F3C10149F20000C0F2D030C84033
:107B80000E902CE044F20040C5F602000068C005EB
:107B900000280BD5FFE70C98B0F1805F06D1FFE716
:107BA00040F60010C0F23D000E9017E044F2004095
:107BB000C5F602000068800300280BD5FFE70C988B
:107BC000B0F1005F06D1FFE747F64000C0F27D103C
:107BD0000E9002E000200E90FFE7FFE7FFE708E0CD
:107BE00048F20000C0F2BB000E9002E000200E90B0
:107BF000FFE700F0B2BC1898199980F48060084340
:107C0000002840F0B580FFE744F25840C5F6020076
:107C1000006800F460000D900D980890A8B1FFE78F
:107C20000898B0F5001F23D0FFE70898B0F5800F43
:107C300031D0FFE70898B0F5C00F00F08F80FFE764
:107C40000898B0F5000F39D08EE044F20040C5F638
:107C5000020000688001002806D5FFE715A8FFF79D
:107C600053FA16980E9002E000200E90FFE77EE097
:107C700044F20040C5F6020000680001002806D565
:107C8000FFE712A8FFF798FB12980E9002E0002081
:107C90000E90FFE76BE044F20040C5F6020000687A
:107CA0008000002806D5FFE70FA8FFF7DDFC0F983E
:107CB0000E9002E000200E90FFE758E044F24C40A6
:107CC000C5F60200006800F040500C9044F20040FD
:107CD000C5F6020000684007002811D5FFE70C98A0
:107CE00070B9FFE744F20040C5F602000068C0F337
:107CF000C10149F20000C0F2D030C8400E902CE023
:107D000044F20040C5F602000068C00500280BD50B
:107D1000FFE70C98B0F1805F06D1FFE740F6001056
:107D2000C0F23D000E9017E044F20040C5F602009C
:107D30000068800300280BD5FFE70C98B0F1005FC6
:107D400006D1FFE747F64000C0F27D100E9002E03A
:107D500000200E90FFE7FFE7FFE708E048F2000091
:107D6000C0F2BB000E9002E000200E90FFE7F3E3AC
:107D70001898199980F400600843002840F0B580F5
:107D8000FFE744F25840C5F60200006800F0E060EA
:107D90000D900D980790A8B1FFE70798B0F1807F8C
:107DA00023D0FFE70798B0F1007F31D0FFE70798B5
:107DB000B0F1407F00F08F80FFE70798B0F1806F4F
:107DC00039D08EE044F20040C5F602000068800120
:107DD000002806D5FFE715A8FFF796F916980E902C
:107DE00002E000200E90FFE77EE044F20040C5F67E
:107DF000020000680001002806D5FFE712A8FFF77F
:107E0000DBFA12980E9002E000200E90FFE76BE084
:107E100044F20040C5F6020000688000002806D544
:107E2000FFE70FA8FFF720FC0F980E9002E000205C
:107E30000E90FFE758E044F24C40C5F6020000689F
:107E400000F040500C9044F20040C5F6020000687B
:107E50004007002811D5FFE70C9870B9FFE744F2FE
:107E60000040C5F602000068C0F3C10149F20000FD
:107E7000C0F2D030C8400E902CE044F20040C5F66D
:107E800002000068C00500280BD5FFE70C98B0F190
:107E9000805F06D1FFE740F60010C0F23D000E9073
:107EA00017E044F20040C5F6020000688003002895
:107EB0000BD5FFE70C98B0F1005F06D1FFE747F65E
:107EC0004000C0F27D100E9002E000200E90FFE70F
:107ED000FFE7FFE708E048F20000C0F2BB000E90A9
:107EE00002E000200E90FFE735E31898199980F41E
:107EF00080500843002840F0B580FFE744F250402E
:107F0000C5F60200006800F4E0400B900B98069064
:107F1000A8B1FFE70698B0F5805F23D0FFE7069889
:107F2000B0F5005F31D0FFE70698B0F5405F00F094
:107F30008F80FFE70698B0F5804F39D08EE044F28D
:107F40000040C5F6020000688001002806D5FFE762
:107F500015A8FFF7D9F816980E9002E000200E90B1
:107F6000FFE77EE044F20040C5F602000068000131
:107F7000002806D5FFE712A8FFF71EFA12980E9008
:107F800002E000200E90FFE76BE044F20040C5F6EF
:107F9000020000688000002806D5FFE70FA8FFF761
:107FA00063FB0F980E9002E000200E90FFE758E070
:107FB00044F24C40C5F60200006800F040500C90BE
:107FC00044F20040C5F6020000684007002811D5C1
:107FD000FFE70C9870B9FFE744F20040C5F60200D5
:107FE0000068C0F3C10149F20000C0F2D030C840BF
:107FF0000E902CE044F20040C5F602000068C00577
:1080000000280BD5FFE70C98B0F1805F06D1FFE7A1
:1080100040F60010C0F23D000E9017E044F2004020
:10802000C5F602000068800300280BD5FFE70C9816
:10803000B0F1005F06D1FFE747F64000C0F27D10C7
:108040000E9002E000200E90FFE7FFE7FFE708E058
:1080500048F20000C0F2BB000E9002E000200E903B
:10806000FFE777E21898199980F400500843002838
:1080700040F09580FFE744F25040C5F602000068EA
:1080800000F4E0200B900B980590C8B1FFE705982D
:10809000B0F5803F18D0FFE70598B0F5003F26D037
:1080A000FFE70598B0F5403F34D0FFE70598B0F5FD
:1080B000802F4AD0FFE70598B0F5A02F58D06AE08E
:1080C00001F01AFD0E9069E044F20040C5F602008E
:1080D00000680001002806D5FFE712A8FFF76CF939
:1080E00013980E9002E000200E90FFE756E044F255
:1080F0000040C5F6020000688000002806D5FFE7B2
:108100000FA8FFF7B1FA10980E9002E000200E9031
:10811000FFE743E044F20040C5F602000068400774
:1081200000280ED5FFE744F20040C5F602000068C3
:10813000C0F3C10149F20000C0F2D030C8400E9037
:1081400002E000200E90FFE728E044F20040C5F670
:1081500002000068C005002806D5FFE740F60010C1
:10816000C0F23D000E9002E000200E90FFE715E007
:1081700044F20040C5F6020000688003002806D5DE
:10818000FFE747F64000C0F27D100E9002E00020AD
:108190000E90FFE702E000200E90FFE7D9E118986B
:1081A000199980F400200843002840F09180FFE7EF
:1081B00044F25840C5F60200006800F440300B90CD
:1081C0000B98049050B1FFE70498B0F5803F18D0A9
:1081D000FFE70498B0F5003F26D075E044F2004078
:1081E000C5F6020000680001002806D5FFE712A8C6
:1081F000FFF7E2F812980E9002E000200E90FFE7E1
:1082000065E044F20040C5F60200006880000028E6
:1082100006D5FFE70FA8FFF727FA11980E9002E0A6
:1082200000200E90FFE752E044F24C40C5F60200F9
:10823000006800F040500C9044F20040C5F6020087
:1082400000684007002811D5FFE70C9870B9FFE7D8
:1082500044F20040C5F602000068C0F3C10149F2D3
:108260000000C0F2D030C8400E902CE044F2004034
:10827000C5F602000068C00500280BD5FFE70C9882
:10828000B0F1805F06D1FFE740F60010C0F23D007C
:108290000E9017E044F20040C5F60200006880032B
:1082A00000280BD5FFE70C98B0F1005F06D1FFE77F
:1082B00047F64000C0F27D100E9002E000200E90C4
:1082C000FFE7FFE7FFE702E000200E90FFE73FE156
:1082D0001898199980F480300843D8BBFFE744F21E
:1082E0004C40C5F60200006800F480300B900B98FB
:1082F000039028B1FFE70398B0F5803F13D025E045
:1083000044F20040C5F6020000688001002806D54E
:10831000FFE715A8FEF7F8FE16980E9002E0002081
:108320000E90FFE715E044F20040C5F60200006839
:108330000001002806D5FFE712A8FFF73DF81498C2
:108340000E9002E000200E90FFE702E000200E9069
:10835000FFE7FCE01898199980F480400843002852
:1083600040F09580FFE744F25840C5F602000068EF
:1083700000F0E0400B900B980290C8B1FFE7029824
:10838000B0F1805F18D0FFE70298B0F1005F26D00F
:10839000FFE70298B0F1405F34D0FFE70298B0F1F8
:1083A000804F4AD0FFE70298B0F1A04F58D06AE062
:1083B000FEF796FE0E9069E044F20040C5F602001A
:1083C00000680001002806D5FFE712A8FEF7F4FFB9
:1083D00013980E9002E000200E90FFE756E044F262
:1083E0000040C5F6020000688000002806D5FFE7BF
:1083F0000FA8FFF739F910980E9002E000200E90B8
:10840000FFE743E044F20040C5F602000068400781
:1084100000280ED5FFE744F20040C5F602000068D0
:10842000C0F3C10149F20000C0F2D030C8400E9044
:1084300002E000200E90FFE728E044F20040C5F67D
:1084400002000068C005002806D5FFE740F60010CE
:10845000C0F23D000E9002E000200E90FFE715E014
:1084600044F20040C5F6020000688003002806D5EB
:10847000FFE747F64000C0F27D100E9002E00020BA
:108480000E90FFE702E000200E90FFE75EE01898F4
:10849000199980F400400843002853D1FFE744F2C3
:1084A0005040C5F60200006800F040500B900B9859
:1084B000019050B1FFE70198B0F1805F18D0FFE75D
:1084C0000198B0F1005F26D038E044F20040C5F6D4
:1084D000020000688003002806D5FFE747F6400049
:1084E000C0F27D100E9002E000200E90FFE728E021
:1084F00044F20040C5F6020000688001002806D55D
:10850000FFE715A8FEF700FE16980E9002E0002087
:108510000E90FFE715E044F20040C5F60200006847
:108520000001002806D5FFE712A8FEF745FF1398C3
:108530000E9002E000200E90FFE702E000200E9077
:10854000FFE702E000200E90FFE7FFE7FFE7FFE70D
:10855000FFE7FFE7FFE7FFE7FFE7FFE70E981AB047
:1085600080BD00000000000080B59AB01890002087
:108570008DF857008DF856001898C078000700282D
:1085800048D5FFE71898806E149078B1FFE71498EB
:10859000B0F5801F13D0FFE71498B0F5001F16D078
:1085A000FFE71498B0F5401F19D019E044F22C41B0
:1085B000C5F60201086840F40030086014E018981D
:1085C0000830022104F09CF98DF857000CE018984F
:1085D0002830022104F07CFA8DF8570004E003E013
:1085E00001208DF85700FFE79DF8570060B9FFE7BD
:1085F00044F25041C5F60201086820F44010189A70
:10860000926E1043086004E09DF857008DF8560004
:10861000FFE7FFE718984078C007002840D0FFE741
:108620001898806D1390042820D81399DFE801F082
:10863000030C141C1D0044F22C41C5F6020108680D
:1086400040F40030086015E018980830002104F06C
:1086500057F98DF857000DE018982830002104F0E4
:1086600037FA8DF8570005E004E003E001208DF8AB
:108670005700FFE79DF8570060B9FFE744F250410B
:10868000C5F60201086820F00700189A926D1043A1
:10869000086004E09DF857008DF85600FFE7FFE7FB
:1086A00018984078800700284BD5FFE71898C06DD0
:1086B000129088B1FFE71298402816D0FFE7129871
:1086C00080281AD0FFE71298C0281ED0FFE7129822
:1086D000B0F5807F1AD01AE044F22C41C5F60201B1
:1086E000086840F40030086015E018980830002150
:1086F00004F006F98DF857000DE018982830002195
:1087000004F0E6F98DF8570005E004E003E00120ED
:108710008DF85700FFE79DF8570060B9FFE744F276
:108720005041C5F60201086820F4E070189AD26D35
:108730001043086004E09DF857008DF85600FFE7ED
:10874000FFE7189840784007002850D5FFE71898B1
:10875000D0F8A8001190A0B1FFE71198B0F5001F64
:1087600018D0FFE71198B0F5800F1BD0FFE71198E4
:10877000B0F5C00F1ED0FFE71198B0F5000F1AD06A
:108780001AE044F22C41C5F60201086840F40030BA
:10879000086015E018980830002104F0B1F88DF851
:1087A00057000DE018982830002104F091F98DF859
:1087B000570005E004E003E001208DF85700FFE7D3
:1087C0009DF8570068B9FFE744F25841C5F6020129
:1087D000086820F46000189AD2F8A82010430860B6
:1087E00004E09DF857008DF85600FFE7FFE7189862
:1087F00040780007002850D5FFE71898D0F8AC0063
:108800001090A0B1FFE71098B0F1807F18D0FFE77B
:108810001098B0F1007F1BD0FFE71098B0F1407FB7
:108820001ED0FFE71098B0F1806F1AD01AE044F222
:108830002C41C5F60201086840F40030086015E0DC
:1088400018980830002104F05BF88DF857000DE00F
:1088500018982830002104F03BF98DF8570005E006
:1088600004E003E001208DF85700FFE79DF8570072
:1088700068B9FFE744F25841C5F60201086820F0E4
:10888000E060189AD2F8AC201043086004E09DF82C
:1088900057008DF85600FFE7FFE71898C07880076B
:1088A00000283ED5FFE71898C06C0F90F0B1FFE7A5
:1088B0000F98102808D0FFE70F9820280DD0FFE769
:1088C0000F98302811D012E044F22C41C5F6020175
:1088D000086840F4003008600DE018980830022164
:1088E00004F00EF88DF8570005E004E003E00120E5
:1088F0008DF85700FFE79DF8570060B9FFE744F295
:108900004C41C5F60201086820F03000189AD26C7C
:108910001043086004E09DF857008DF85600FFE70B
:10892000FFE718984078C00600284ED5FFE7189852
:10893000006E0E90A0B1FFE70E98B0F5805F18D0E2
:10894000FFE70E98B0F5005F1BD0FFE70E98B0F57B
:10895000405F1ED0FFE70E98B0F5804F1AD01AE0A6
:1089600044F22C41C5F60201086840F4003008606A
:1089700015E018980830002103F0C2FF8DF8570069
:108980000DE018982830002104F0A2F88DF8570067
:1089900005E004E003E001208DF85700FFE79DF8B3
:1089A000570060B9FFE744F25041C5F6020108687C
:1089B00020F4E040189A126E1043086004E09DF81D
:1089C00057008DF85600FFE7FFE7189840788006BB
:1089D00000284CD5FFE71898406E0D90C8B1FFE70E
:1089E0000D98B0F5803F15D0FFE70D98B0F5003F2A
:1089F00018D0FFE70D98B0F5403F1BD0FFE70D986A
:108A0000B0F5802F17D0FFE70D98B0F5A02F13D049
:108A100013E016E018980830012103F071FF8DF87B
:108A200057000EE018982830012104F051F88DF815
:108A3000570006E005E004E003E001208DF8570050
:108A4000FFE79DF8570060B9FFE744F25041C5F6D3
:108A50000201086820F4E020189A526E1043086062
:108A600004E09DF857008DF85600FFE7FFE71898DF
:108A70004078400600284ED5FFE71898D0F8B0009F
:108A80000C90C8B1FFE70C98B0F1805F15D0FFE7FC
:108A90000C98B0F1005F18D0FFE70C98B0F1405F80
:108AA0001BD0FFE70C98B0F1804F17D0FFE70C9870
:108AB000B0F1A04F13D013E016E018980830012150
:108AC00003F01EFF8DF857000EE0189828300121A2
:108AD00003F0FEFF8DF8570006E005E004E003E038
:108AE00001208DF85700FFE79DF8570068B9FFE7B0
:108AF00044F25841C5F60201086820F0E040189A97
:108B0000D2F8B0201043086004E09DF857008DF8BB
:108B10005600FFE7FFE718984078000600283BD58D
:108B2000FFE71898006F0B90D8B1FFE70B98B0F1F2
:108B3000805F05D0FFE70B98B0F1005F09D011E02E
:108B400044F22C41C5F60201086840F40030086088
:108B50000CE018980830012103F0D2FE8DF8570080
:108B600004E003E001208DF85700FFE79DF857006F
:108B700060B9FFE744F25041C5F60201086820F0F1
:108B80004050189A126F1043086004E09DF8570097
:108B90008DF85600FFE7FFE71898C078C007002857
:108BA00037D0FFE71898806C0A90032817D80A99E5
:108BB000DFE801F014020B1344F22C41C5F6020168
:108BC000086840F4003008600DE018980830022171
:108BD00003F096FE8DF8570005E004E003E0012065
:108BE0008DF85700FFE79DF8570060B9FFE744F2A2
:108BF0004C41C5F60201086820F00300189A926CF7
:108C00001043086004E09DF857008DF85600FFE718
:108C1000FFE7189880784006002840F1B480FFE70D
:108C200044F60001C5F60201086840F4807008604F
:108C3000FEF7BAF81690FFE744F60000C5F602000A
:108C40000068C00500280CD4FFE7FEF7ADF81699C0
:108C5000401A652804D3FFE703208DF8570000E091
:108C6000EAE79DF85700002840F08780FFE744F2CC
:108C70007040C5F60200006800F440701899D1F801
:108C8000B41001F44071884213D0FFE744F2704100
:108C9000C5F60201086820F440701790086840F497
:108CA00080300860086820F48030086017980860F9
:108CB000FFE71898D0F8B400B0F5807F1FD1FFE728
:108CC000FEF772F81690FFE744F27040C5F6020016
:108CD000006800F002010020B0EB510F0ED1FFE759
:108CE000FEF762F81699401A41F28931884204D39E
:108CF000FFE703208DF8570000E0E5E7FFE79DF868
:108D00005700A0BBFFE7FFE71898D0F8B40000F4C5
:108D10004070B0F5407F13D1FFE744F21041C5F633
:108D20000201086820F47C50189AD2F8B4204FF65B
:108D3000F043C0F6FF731A4040EA1210086008E0E2
:108D400044F21041C5F60201086820F47C50086026
:108D5000FFE71898D0F8B4206FF31F3244F2704147
:108D6000C5F60201086810430860FFE704E09DF8BB
:108D700057008DF85600FFE704E09DF857008DF886
:108D80005600FFE7FFE718980068C007002800F0CA
:108D90004C80FFE71898C06F099028282BD80999B4
:108DA000DFE801F015292929292929291629292946
:108DB000292929291E292929292929292629292931
:108DC000292929292729292929292929280016E09B
:108DD00018980830012103F093FD8DF857000EE03C
:108DE00018982830012103F073FE8DF8570006E033
:108DF00005E004E003E001208DF85700FFE79DF84F
:108E0000570060B9FFE744F25441C5F60201086813
:108E100020F03800189AD26F1043086004E09DF8E3
:108E200057008DF85600FFE7FFE718980078800795
:108E3000002839D5FFE71898806F0890052819D8C1
:108E40000899DFE801F003040C14151616E01898D1
:108E50000830012103F054FD8DF857000EE01898FA
:108E60002830012103F034FE8DF8570006E005E0BC
:108E700004E003E001208DF85700FFE79DF857005C
:108E800060B9FFE744F25441C5F60201086820F0DA
:108E90000700189A926F1043086004E09DF857008D
:108EA0008DF85600FFE7FFE7189800784007002884
:108EB0003BD5FFE71898D0F894000790052819D8FB
:108EC0000799DFE801F003040C14151616E0189852
:108ED0000830012103F014FD8DF857000EE01898BA
:108EE0002830012103F0F4FD8DF8570006E005E07D
:108EF00004E003E001208DF85700FFE79DF85700DC
:108F000068B9FFE744F25841C5F60201086820F04D
:108F10000700189AD2F894201043086004E09DF8E6
:108F200057008DF85600FFE7FFE718980078800695
:108F300000284ED5FFE71898D0F890000690C8B1E9
:108F4000FFE70698B0F1805F15D0FFE70698B0F113
:108F5000005F18D0FFE70698B0F1405F1BD0FFE735
:108F60000698B0F1804F17D0FFE70698B0F1A04FF8
:108F700013D013E016E018980830002103F0C0FC6D
:108F80008DF857000EE018982830022103F0A0FD5C
:108F90008DF8570006E005E004E003E001208DF8BD
:108FA0005700FFE79DF8570068B9FFE744F25441C6
:108FB000C5F60201086820F0E040189AD2F8902027
:108FC0001043086004E09DF857008DF85600FFE755
:108FD000FFE718980078400600284ED5FFE718985C
:108FE000D0F89C000590C8B1FFE70598B0F5806FF8
:108FF00015D0FFE70598B0F5006F18D0FFE705988A
:10900000B0F5406F1BD0FFE70598B0F5805F17D033
:10901000FFE70598B0F5A05F13D013E016E01898AD
:109020000830002103F06CFC8DF857000EE0189812
:109030002830022103F04CFD8DF8570006E005E0D2
:1090400004E003E001208DF85700FFE79DF857008A
:1090500068B9FFE744F25841C5F60201086820F4F8
:10906000E050189AD2F89C201043086004E09DF864
:1090700057008DF85600FFE7FFE7189800780006C4
:1090800000284ED5FFE71898D0F8A0000490C8B18A
:10909000FFE70498B0F5005F15D0FFE70498B0F53E
:1090A000804F18D0FFE70498B0F5C04F1BD0FFE702
:1090B0000498B0F5004F17D0FFE70498B0F5204FA3
:1090C00013D013E016E018980830002103F018FCC4
:1090D0008DF857000EE018982830022103F0F8FCB4
:1090E0008DF8570006E005E004E003E001208DF86C
:1090F0005700FFE79DF8570068B9FFE744F2584171
:10910000C5F60201086820F46040189AD2F8A02041
:109110001043086004E09DF857008DF85600FFE703
:10912000FFE7189800780007002820D5FFE7189877
:10913000D0F88400B0F5805F0CD1FFE71898283094
:10914000022103F0C5FC20B1FFE701208DF8560095
:10915000FFE7FFE744F25441C5F60201086820F436
:109160004050189AD2F8842010430860FFE71898FE
:109170000078C006002820D5FFE71898D0F898009E
:10918000B0F5807F0CD1FFE718982830022103F05A
:109190009FFC20B1FFE701208DF85600FFE7FFE7B5
:1091A00044F25841C5F60201086820F44070189A4C
:1091B000D2F8982010430860FFE7189880780007DD
:1091C00000283CD5FFE71898D0F8A400039050B1D0
:1091D000FFE70398B0F5803F0DD0FFE70398B0F5A7
:1091E000003F10D010E018980830002103F088FBF1
:1091F0008DF857000CE018982830022103F068FC25
:109200008DF8570004E003E001208DF85700FFE7D8
:109210009DF8570068B9FFE744F25841C5F60201CE
:10922000086820F44030189AD2F8A420104308604F
:1092300004E09DF857008DF85600FFE7FFE7189807
:109240008078400700283FD5FFE71898D0F88800BD
:109250000290B0F5801F0AD0FFE70298B0F5001F1A
:109260000ED0FFE70298B0F5401F11D011E044F294
:109270002C41C5F60201086840F4003008600CE09B
:1092800018982830012103F023FC8DF8570004E0E2
:1092900003E001208DF85700FFE79DF8570068B9FB
:1092A000FFE744F25441C5F60201086820F440107B
:1092B000189AD2F888201043086004E09DF85700FF
:1092C0008DF85600FFE7FFE718988078C007A8B32D
:1092D000FFE71898006D019028B1FFE70198B0F5FD
:1092E000803F09D010E044F22C41C5F60201086825
:1092F00040F4003008600BE018980830022103F0B9
:10930000FFFA8DF8570003E001208DF85700FFE7C2
:109310009DF8570060B9FFE744F24C41C5F60201E1
:10932000086820F48030189A126D1043086004E039
:109330009DF857008DF85600FFE7FFE71898C078B2
:10934000800600280CD5FFE718982830022103F08A
:10935000BFFB20B1FFE701208DF85600FFE7FFE7D4
:1093600018988078800700283CD5FFE71898D0F837
:1093700080000090D0B1FFE70098B0F5807F0AD060
:10938000FFE70098B0F5007F0ED0FFE70098B0F53A
:10939000407F0AD00BE044F22C41C5F60201086878
:1093A00040F40030086006E005E004E003E001203E
:1093B0008DF85700FFE79DF8570068B9FFE744F2C2
:1093C0005441C5F60201086820F44070189AD2F89A
:1093D00080201043086004E09DF857008DF8560087
:1093E000FFE7FFE718988078C00600280CD5FFE754
:1093F00044F25041C5F60201086820F00040189A76
:10940000526F10430860FFE71898C078C006002824
:109410000DD5FFE744F21041C5F60201086820F4BB
:109420008040189AD2F8B82010430860FFE71898D7
:109430008078800600280CD5FFE744F25041C5F63D
:109440000201086820F08070189AD26E10430860FC
:10945000FFE71898C0784006002811D5FFE7FFE71E
:1094600044F21041C5F60201086820F4004008608B
:109470001898D0F8BC20086810430860FFE7FFE7A1
:109480001898C078000600280CD5FFE744F24C413C
:10949000C5F60201086820F04050189A526D10433A
:1094A0000860FFE718988078000600280DD5FFE7D0
:1094B00044F25441C5F60201086820F44000189AAD
:1094C000D2F88C2010430860FFE718980079C00795
:1094D00090B1FFE718980830002103F011FA8DF8D9
:1094E00057009DF8570008B9FFE704E09DF85700C2
:1094F0008DF85600FFE7FFE71898007980070028ED
:1095000012D5FFE718980830012103F0F9F98DF81A
:1095100057009DF8570008B9FFE704E09DF8570091
:109520008DF85600FFE7FFE71898007940070028FC
:1095300012D5FFE718980830022103F0E1F98DF801
:1095400057009DF8570008B9FFE704E09DF8570061
:109550008DF85600FFE7FFE718980079000700280C
:1095600012D5FFE718982830002103F0B1FA8DF8E2
:1095700057009DF8570008B9FFE704E09DF8570031
:109580008DF85600FFE7FFE718980079C00600281D
:1095900012D5FFE718982830012103F099FA8DF8C9
:1095A00057009DF8570008B9FFE704E09DF8570001
:1095B0008DF85600FFE7FFE718980079800600282D
:1095C00012D5FFE718982830022103F081FA8DF8B0
:1095D00057009DF8570008B9FFE704E09DF85700D1
:1095E0008DF85600FFE7FFE79DF8560020B9FFE72A
:1095F00000208DF8670003E001208DF86700FFE789
:109600009DF867001AB080BD80B586B004900391C4
:10961000049820B9FFE701208DF817003CE2039879
:1096200042F20001C5F20021096801F00F018842F1
:1096300016D9FFE742F20000C5F20020016821F0D0
:109640000F01039A11430160006800F00F000399B5
:10965000884204D0FFE701208DF817001CE2FFE7E5
:10966000049800784007002819D5FFE7049800699E
:1096700044F21841C5F60201096801F07001884200
:109680000CD9FFE744F21841C5F60201086820F042
:109690007000049A126910430860FFE7FFE704981E
:1096A00000780007002819D5FFE70498406944F2C4
:1096B0001C41C5F60201096801F0700188420CD90D
:1096C000FFE744F21C41C5F60201086820F0700073
:1096D000049A526910430860FFE7FFE70498007896
:1096E000C006002819D5FFE70498806944F21C41A0
:1096F000C5F60201096801F4E06188420CD9FFE770
:1097000044F21C41C5F60201086820F4E060049AA6
:10971000926910430860FFE7FFE70498007880062D
:10972000002819D5FFE70498C06944F22041C5F626
:109730000201096801F0700188420CD9FFE744F288
:109740002041C5F60201086820F07000049AD26931
:1097500010430860FFE7FFE70498007880070028BF
:1097600019D5FFE70498C06844F21841C5F6020114
:10977000096801F00F0188420CD9FFE744F2184153
:10978000C5F60201086820F00F00049AD268104361
:109790000860FFE7FFE704980078C007002800F0A2
:1097A0008C80FFE744F21841C5F60201086820F4F6
:1097B0007060049A92681043086004984068022818
:1097C00011D1FFE744F20040C5F60200006800F442
:1097D00000310020B0EB514F04D1FFE701208DF89C
:1097E000170059E13EE004984068032811D1FFE7D3
:1097F00044F20040C5F60200006800F0007100204D
:10980000B0EB516F04D1FFE701208DF8170043E161
:1098100027E004984068012811D1FFE744F2004096
:10982000C5F60200006800F480710020B0EB112F33
:1098300004D1FFE701208DF817002DE110E044F27C
:109840000040C5F60200006800F004010020B0EB03
:10985000910F04D1FFE701208DF817001CE1FFE70D
:10986000FFE7FFE744F21041C5F60201086820F067
:109870000700049A526810430860FDF795FA0190BA
:10988000FFE744F21040C5F60200006800F038001F
:1098900004994968B0EBC10F0ED0FFE7FDF784FAD9
:1098A0000199401A41F28931884204D3FFE703202D
:1098B0008DF81700F0E0E4E7FFE7049800788007F0
:1098C000002819D5FFE70498C06844F21841C5F68E
:1098D0000201096801F00F0188420CD2FFE744F24F
:1098E0001841C5F60201086820F00F00049AD268FA
:1098F00010430860FFE7FFE7039842F20001C5F25A
:109900000021096801F00F01884216D2FFE742F2F8
:109910000000C5F20020016821F00F01039A1143F5
:109920000160006800F00F000399884204D0FFE74F
:1099300001208DF81700AFE0FFE70498007840079A
:10994000002819D5FFE70498006944F21841C5F6CC
:109950000201096801F0700188420CD2FFE744F26D
:109960001841C5F60201086820F07000049A1269D7
:1099700010430860FFE7FFE704980078000700281D
:1099800019D5FFE70498406944F21C41C5F602016D
:10999000096801F0700188420CD2FFE744F21C41D3
:1099A000C5F60201086820F07000049A526910435D
:1099B0000860FFE7FFE704980078C006002819D583
:1099C000FFE70498806944F21C41C5F6020109686A
:1099D00001F4E06188420CD2FFE744F21C41C5F675
:1099E0000201086820F4E060049A9269104308605C
:1099F000FFE7FFE7049800788006002819D5FFE705
:109A00000498C06944F22041C5F60201096801F0DA
:109A1000700188420CD2FFE744F22041C5F60201F2
:109A2000086820F07000049AD26910430860FFE7CC
:109A3000FFE700F089F844F21842C5F60202116807
:109A4000C1F303234FF64821C0F60001CB5C03F0BD
:109A50001F03D84000900098126802F00F02895C42
:109A600001F01F01C84040F21401C2F20001086079
:109A7000009840F21001C2F20001086040F220009C
:109A8000C2F200000068FDF7E7F98DF80B009DF8C1
:109A90000B008DF81700FFE79DF8170006B080BD9A
:109AA00080B582B000F050F844F21842C5F60202C8
:109AB0001168C1F303234FF64821C0F60001CB5CC7
:109AC00003F01F03D84001900198126802F00F02C2
:109AD000895C01F01F0120FA01F140F21400C2F28A
:109AE00000000160019940F21002C2F20002116010
:109AF000006802B080BD000080B5FFF7D1FF44F2DE
:109B00001C41C5F602010968C1F302124FF6482153
:109B1000C0F60001895C01F01F01C84080BD000053
:109B200080B5FFF7BDFF44F21C41C5F6020109688C
:109B3000C1F302224FF64821C0F60001895C01F012
:109B40001F01C84080BD00008AB044F21040C5F635
:109B50000200006800F0380001460191182800F268
:109B600069810199DFE811F019006601660166015B
:109B700066016601660166013A00660166016601DA
:109B800066016601660166014000660166016601C4
:109B90006601660166016601460044F20040C5F6B2
:109BA0000200006800F020010020B0EB511F0ED031
:109BB000FFE744F20040C5F602000068C0F3C101AF
:109BC00049F20000C0F2D030C840029005E049F2EE
:109BD0000000C0F2D0300290FFE731E140F6001003
:109BE000C0F23D0002902BE147F64000C0F27D102C
:109BF000029025E144F22840C5F60200016801F018
:109C0000030108910068C0F30510079044F22C404E
:109C1000C5F60200006800F001000690069844F2C4
:109C20003441C5F60201096889B2C908484300EE0B
:109C3000100AB8EE400A8DED040A0798002800F0DB
:109C4000F580FFE70898009048B1FFE700980128E9
:109C500069D0FFE70098022800F08980ABE044F269
:109C60000040C5F60200006800F020010020B0EBC3
:109C7000511F33D0FFE744F20040C5F602000068F0
:109C8000C0F3C10149F20000C0F2D030C8400590D5
:109C90009DED050AB8EE400A9DED071AB8EE411A8F
:109CA00080EE010A44F23040C5F6020000686FF30E
:109CB0005F2001EE100AB8EE411A9DED042A9FEDD7
:109CC000633A82EE032A31EE021AB7EE002A31EE31
:109CD000021A20EE010A8DED030A23E09DED070A2A
:109CE000B8EE401A9FED5B0A80EE010A44F2304064
:109CF000C5F6020000686FF35F2001EE100AB8EEAF
:109D0000411A9DED042A9FED513A82EE032A31EE6D
:109D1000021AB7EE002A31EE021A20EE010A8DED8A
:109D2000030AFFE76BE09DED070AB8EE401A9FEDCE
:109D3000480A80EE010A44F23040C5F6020000688D
:109D40006FF35F2001EE100AB8EE411A9DED042A70
:109D50009FED3E3A82EE032A31EE021AB7EE002A58
:109D600031EE021A20EE010A8DED030A47E09DED67
:109D7000070AB8EE401A9FED340A80EE010A44F259
:109D80003040C5F6020000686FF35F2001EE100A54
:109D9000B8EE411A9DED042A9FED2C3A82EE032A7B
:109DA00031EE021AB7EE002A31EE021A20EE010A55
:109DB0008DED030A23E09DED070AB8EE401A9FEDF2
:109DC000240A80EE010A44F23040C5F60200006821
:109DD0006FF35F2001EE100AB8EE411A9DED042AE0
:109DE0009FED1A3A82EE032A31EE021AB7EE002AEC
:109DF00031EE021A20EE010A8DED030AFFE744F26C
:109E00003040C5F60200006881B2012000EB51200D
:109E100009909DED030A9DED091AB8EE411A80EEF6
:109E2000010ABCEEC00A8DED020A02E00020029099
:109E3000FFE705E040F60010C0F23D000290FFE7AA
:109E400002980AB0704700BF20BCBE4B000000461D
:109E50000024744A0024744C80B58CB00A900A988F
:109E600028B9FFE701208DF82F0000F09DBD0A986A
:109E70000078C007002800F0B980FFE744F21040E6
:109E8000C5F60200006800F03800069044F2284051
:109E9000C5F6020000680590069810280AD0FFE772
:109EA000069818281CD1FFE7059800F00300022847
:109EB00016D1FFE744F20040C5F60200006800F446
:109EC00000310020B0EB514F09D0FFE70A984068FD
:109ED00028B9FFE701208DF82F0000F065BD84E070
:109EE000FFE70A984068B0F5803F09D1FFE744F2E8
:109EF0000041C5F60201086840F48030086032E095
:109F00000A98406868B9FFE744F20041C5F60201CB
:109F1000086820F480300860086820F48020086019
:109F200020E00A984068B0F5A02F0DD1FFE744F279
:109F30000041C5F60201086840F480200860086806
:109F400040F4803008600CE044F20041C5F60201A4
:109F5000086820F480300860086820F480200860D9
:109F6000FFE7FFE7FFE7FFE70A984068F0B1FFE788
:109F7000FCF71AFF0990FFE744F20040C5F6020023
:109F8000006800F400310020B0EB514F0DD1FFE725
:109F9000FCF70AFF0999401A652805D3FFE703205B
:109FA0008DF82F0000F000BDE6E71DE0FCF7FCFE99
:109FB0000990FFE744F20040C5F60200006800F493
:109FC00000310020B0EB514F0DD0FFE7FCF7ECFE65
:109FD0000999401A652805D3FFE703208DF82F0063
:109FE00000F0E2BCE6E7FFE7FFE7FFE70A9800784A
:109FF0008007002840F11681FFE744F21040C5F6C3
:10A000000200006800F03800049044F22840C5F6D1
:10A01000020000680390049850B1FFE704981828E4
:10A0200078D1FFE79DF80C008007002872D1FFE788
:10A0300044F20040C5F60200006800F00401002070
:10A04000B0EB910F09D0FFE70A98C06828B9FFE785
:10A0500001208DF82F0000F0A7BC44F20041C5F6A6
:10A060000201086820F019000A9AD26810430860BB
:10A07000FCF79AFE0990FFE744F20040C5F60200A3
:10A08000006800F004010020B0EB910F0DD1FFE754
:10A09000FCF78AFE0999401A032805D3FFE703203D
:10A0A0008DF82F0000F080BCE6E7FFE7FCF774FEB8
:10A0B00041F2030188421DD8FFE70A980069402851
:10A0C0000AD1FFE744F20441C5F6020108682022E4
:10A0D00062F3113008600CE044F20441C5F602015D
:10A0E000086820F47C300A9A126940EA023008605D
:10A0F000FFE70CE044F20441C5F60201086820F0D5
:10A10000FE400A9A126940EA02600860FFE7FFE732
:10A11000FFE786E00A98C06800285CD0FFE744F2B9
:10A120000041C5F60201086820F019000A9AD268B9
:10A1300010430860FCF738FE0990FFE744F2004046
:10A14000C5F60200006800F004010020B0EB910F9A
:10A150000DD1FFE7FCF728FE0999401A032805D323
:10A16000FFE703208DF82F0000F01EBCE6E7FFE7B5
:10A17000FCF712FE41F2030188421DD8FFE70A985E
:10A18000006940280AD1FFE744F20441C5F6020104
:10A190000868202262F3113008600CE044F20441A8
:10A1A000C5F60201086820F47C300A9A126940EA78
:10A1B00002300860FFE70CE044F20441C5F60201FA
:10A1C000086820F0FE400A9A126940EA02600860BE
:10A1D000FFE7FFE724E044F20041C5F6020108680A
:10A1E00020F001000860FCF7DFFD0990FFE744F272
:10A1F0000040C5F60200006800F004010020B0EB4A
:10A20000910F0CD0FFE7FCF7CFFD0999401A032806
:10A2100004D3FFE703208DF82F00C5E3E7E7FFE74E
:10A22000FFE7FFE70A980078C006002840F1EB80BE
:10A23000FFE744F21040C5F60200006800F0380065
:10A24000029044F22840C5F602000068019002988E
:10A2500008280AD0FFE70298182850D1FFE7019894
:10A2600000F0030001284AD1FFE744F20040C5F6A0
:10A270000200006800F480710020B0EB112F09D0BB
:10A28000FFE70A98C069802804D0FFE701208DF815
:10A290002F0089E3FFE7FCF77FFD41F203018842CD
:10A2A0001DD8FFE70A98006A20280AD1FFE744F288
:10A2B0000441C5F602010868102262F39E6008603E
:10A2C0000CE044F20441C5F60201086820F0F840B1
:10A2D0000A9A126A40EA82600860FFE70CE044F2E2
:10A2E0000C41C5F60201086820F07C500A9A126AF7
:10A2F00040EA02600860FFE7FFE7FFE782E00A98B4
:10A30000C069002858D0FFE744F20041C5F60201B9
:10A31000086840F080000860FCF746FD0990FFE700
:10A3200044F20040C5F60200006800F4807100208D
:10A33000B0EB112F0CD1FFE7FCF736FD0999401A5D
:10A34000032804D3FFE703208DF82F002CE3E7E771
:10A35000FFE7FCF721FD41F2030188421DD8FFE72A
:10A360000A98006A20280AD1FFE744F20441C5F6A2
:10A3700002010868102262F39E6008600CE044F25B
:10A380000441C5F60201086820F0F8400A9A126AF2
:10A3900040EA82600860FFE70CE044F20C41C5F639
:10A3A0000201086820F07C500A9A126A40EA0260B2
:10A3B0000860FFE7FFE724E044F20041C5F6020130
:10A3C000086820F080000860FCF7EEFC0990FFE7C9
:10A3D00044F20040C5F60200006800F480710020DD
:10A3E000B0EB112F0CD0FFE7FCF7DEFC0999401A07
:10A3F000032804D3FFE703208DF82F00D4E2E7E71A
:10A40000FFE7FFE7FFE70A980078000700284FD52D
:10A41000FFE70A98406928B3FFE744F27441C5F6A4
:10A420000201086840F001000860FCF7BDFC0990DB
:10A43000FFE744F27440C5F60200006800F0020134
:10A440000020B0EB510F0CD1FFE7FCF7ADFC0999F0
:10A45000401A032804D3FFE703208DF82F00A3E25E
:10A46000E7E724E044F27441C5F60201086820F0F1
:10A4700001000860FCF798FC0990FFE744F2744083
:10A48000C5F60200006800F002010020B0EB510F99
:10A490000CD0FFE7FCF788FC0999401A032804D385
:10A4A000FFE703208DF82F007EE2E7E7FFE7FFE7F5
:10A4B0000A980078800600284FD5FFE70A9880693F
:10A4C00028B3FFE744F20041C5F60201086840F4F2
:10A4D00080500860FCF768FC0990FFE744F20040F8
:10A4E000C5F60200006800F400510020B0EB513FB7
:10A4F0000CD1FFE7FCF758FC0999401A032804D354
:10A50000FFE703208DF82F004EE2E7E724E044F256
:10A510000041C5F60201086820F480500860FCF78D
:10A5200043FC0990FFE744F20040C5F602000068D2
:10A5300000F400510020B0EB513F0CD0FFE7FCF7D6
:10A5400033FC0999401A032804D3FFE703208DF850
:10A550002F0029E2E7E7FFE7FFE70A9800784007C6
:10A56000002840F1A780FFE744F60001C5F602018C
:10A57000086840F480700860FCF716FC0990FFE75B
:10A5800044F60000C5F602000068C00500280CD49F
:10A59000FFE7FCF709FC0999401A652804D3FFE797
:10A5A00003208DF82F00FFE1EAE7FFE70A988068B3
:10A5B000012809D1FFE744F27041C5F6020108689D
:10A5C00040F00100086031E00A98806868B9FFE750
:10A5D00044F27041C5F60201086820F001000860ED
:10A5E000086820F0040008601FE00A9880680528C9
:10A5F0000DD1FFE744F27041C5F60201086840F052
:10A6000004000860086840F0010008600CE044F2B3
:10A610007041C5F60201086820F001000860086872
:10A6200020F004000860FFE7FFE7FFE7FFE70A9874
:10A630008068F8B1FFE7FCF7B7FB0990FFE744F249
:10A640007040C5F60200006800F002010020B0EB87
:10A65000510F0ED1FFE7FCF7A7FB0999401A41F211
:10A660008931884204D3FFE703208DF82F009BE156
:10A67000E5E71EE0FCF798FB0990FFE744F2704025
:10A68000C5F60200006800F002010020B0EB510F97
:10A690000ED0FFE7FCF788FB0999401A41F2893197
:10A6A000884204D3FFE703208DF82F007CE1E5E723
:10A6B000FFE7FFE70A98406A002800F07181FFE792
:10A6C00044F21040C5F60200006800F03800182877
:10A6D00000F0E080FFE70A98406A022840F0B4806A
:10A6E000FFE744F20041C5F60201086820F08070DF
:10A6F0000860FCF759FB0990FFE744F20040C5F6FB
:10A700000200006800F000710020B0EB516F0CD027
:10A71000FFE7FCF749FB0999401A032804D3FFE738
:10A7200003208DF82F003FE1E7E7FFE744F22841DF
:10A73000C5F60201086840F2F33290430A9B9A6A18
:10A74000DB6A42EA0312104308600A99086BD1F8E9
:10A7500034C08B6BCA6B01386FF35F204FF600611A
:10A76000CFF6FF7101EB4C2189B208440021CFF6EE
:10A77000FF7101EB034101F4FE0108444FF07F41FA
:10A7800001EB026101F0FE41084444F23041C5F69C
:10A7900002010860FFE744F22C41C5F60201009176
:10A7A000086820F00100086044F23442C5F6020255
:10A7B00010684FF6F87398430A9B9B6C40EAC300FD
:10A7C0001060086820F00C000A9A126C10430860B0
:10A7D000086820F002000A9A526C1043086008686A
:10A7E00040F480300860086840F400300860086871
:10A7F00040F480200860086840F00100086044F2DE
:10A800000041C5F60201086840F080700860FCF75E
:10A81000CBFA0990FFE744F20040C5F60200006859
:10A8200000F000710020B0EB516F0CD1FFE7FCF796
:10A83000BBFA0999401A032804D3FFE703208DF8D7
:10A840002F00B1E0E7E724E044F20041C5F6020141
:10A85000086820F080700860FCF7A6FA0990FFE70E
:10A8600044F20040C5F60200006800F000710020CC
:10A87000B0EB516F0CD0FFE7FCF796FA0999401A3C
:10A88000032804D3FFE703208DF82F008CE0E7E7CF
:10A89000FFE784E044F22840C5F602000068089013
:10A8A00044F23040C5F60200006807900A98406AFA
:10A8B000012837D0FFE7089800F003000A99896A59
:10A8C00088422FD1FFE7089800F47C710A98C06A8B
:10A8D000B0EB111F26D1FFE707986FF35F200A99AD
:10A8E000096B013988421DD1FFE7BDF81C100A9899
:10A8F000406B0138B0EB512F14D1FFE7079800F4FB
:10A90000FE010A98806B0138B0EB114F0AD1FFE7C6
:10A91000079800F0FE410A98C06B0138B0EB116F48
:10A9200004D0FFE701208DF82F003DE044F23440D1
:10A93000C5F60200006880B2C00808900A98806CD2
:10A940000899884229D0FFE744F22C41C5F602015C
:10A95000086820F001000860FCF726FA0990FFE77C
:10A96000FCF722FA0999401A08B9FFE7F8E744F220
:10A970003441C5F6020108684FF6F87290430A9A0E
:10A98000926C40EAC200086044F22C41C5F6020114
:10A99000086840F001000860FFE7FFE7FFE7FFE716
:10A9A00000208DF82F00FFE79DF82F000CB080BD30
:10A9B00080B582B00190019802F076F902B080BDB6
:10A9C00081B0009001B0704781B0009001B0704735
:10A9D00081B0009001B0704785B003900291FFE70D
:10A9E000039890F83C00012804D1FFE702208DF87D
:10A9F000130099E00399012081F83C00FFE7FFE78D
:10AA00000399022081F83D00039800684068019096
:10AA10000398006880680090039800680021C4F2E1
:10AA20000101884209D0FFE70398006840F2004125
:10AA3000C4F2010188420AD1FFE7019820F47000B6
:10AA4000019002984168019808430190FFE701983E
:10AA500020F070000190029801680198084301906D
:10AA60000198039909684860039800680021C4F2BE
:10AA7000010188423CD0FFE703980068B0F1804FA5
:10AA800036D0FFE70398006840F20041C4F20001AD
:10AA900088422DD0FFE70398006840F60001C4F219
:10AAA0000001884224D0FFE70398006840F6004187
:10AAB000C4F2000188421BD0FFE70398006840F20F
:10AAC0000041C4F20101884212D0FFE703980068F8
:10AAD00041F60001C4F20001884209D0FFE7039863
:10AAE000006844F20001C4F2010188420ED1FFE780
:10AAF000009820F080000090029881680098084338
:10AB000000900098039909688860FFE70399012085
:10AB100081F83D00FFE70399002081F83C00FFE742
:10AB200000208DF81300FFE79DF8130005B0704773
:10AB300080B582B00090009820B9FFE701208DF821
:10AB4000070045E0009890F83D0040B9FFE7009904
:10AB5000002081F83C00009800F03EF8FFE70099E3
:10AB6000022081F83D00009951F8040B02F018FA18
:10AB70000099012081F84800FFE70099012081F841
:10AB80003E00009981F83F00009981F8400000994B
:10AB900081F84100009981F84200009981F8430052
:10ABA000FFE7FFE70099012081F84400009981F850
:10ABB0004500009981F84600009981F84700FFE7B9
:10ABC0000099012081F83D0000208DF80700FFE783
:10ABD0009DF8070002B080BD80B586B0059005984D
:10ABE000006841F20001C4F20001884219D1FFE778
:10ABF000FFE744F2E840C5F60200016841F01001A9
:10AC00000160006800F0100004900498FFE736200F
:10AC1000019000221146FCF7EFF90198FCF7E0F9EA
:10AC20003CE00598006841F20041C4F2000188420E
:10AC300019D1FFE7FFE744F2E840C5F602000168DA
:10AC400041F020010160006800F0200003900398AB
:10AC5000FFE73720009000221146FCF7CDF900985D
:10AC6000FCF7BEF919E00598006844F20001C4F24F
:10AC70000101884210D1FFE7FFE744F2F040C5F63A
:10AC80000200016841F480310160006800F4803006
:10AC900002900298FFE7FFE7FFE7FFE706B080BDFD
:10ACA00083B00190019890F83D00012804D0FFE79F
:10ACB00001208DF80B006BE00199022081F83D0026
:10ACC000019800680021C4F2010188423CD0FFE7EE
:10ACD00001980068B0F1804F36D0FFE70198006816
:10ACE00040F20041C4F2000188422DD0FFE70198F4
:10ACF000006840F60001C4F20001884224D0FFE75A
:10AD00000198006840F60041C4F2000188421BD05F
:10AD1000FFE70198006840F20041C4F20101884257
:10AD200012D0FFE70198006841F60001C4F200016B
:10AD3000884209D0FFE70198006844F20001C4F29C
:10AD40000101884219D1FFE7019800688068072156
:10AD5000C0F2010108400090009806280CD0FFE7DF
:10AD60000098B0F5803F07D0FFE7019801680868B8
:10AD700040F001000860FFE706E0019801680868FC
:10AD800040F001000860FFE700208DF80B00FFE7AE
:10AD90009DF80B0003B0704783B00190019890F8C4
:10ADA0003D00012804D0FFE701208DF80B0071E081
:10ADB0000199022081F83D0001980168C86840F0BF
:10ADC0000100C860019800680021C4F201018842B6
:10ADD0003CD0FFE701980068B0F1804F36D0FFE724
:10ADE0000198006840F20041C4F2000188422DD071
:10ADF000FFE70198006840F60001C4F200018842B4
:10AE000024D0FFE70198006840F60041C4F2000139
:10AE100088421BD0FFE70198006840F20041C4F26D
:10AE20000101884212D0FFE70198006841F6000155
:10AE3000C4F20001884209D0FFE70198006844F29B
:10AE40000001C4F20101884219D1FFE701980068AE
:10AE500080680721C0F20101084000900098062890
:10AE60000CD0FFE70098B0F5803F07D0FFE70198CE
:10AE70000168086840F001000860FFE706E00198FB
:10AE80000168086840F001000860FFE700208DF8C5
:10AE90000B00FFE79DF80B0003B0704700000000B7
:10AEA00081B00090FFE700980068006A41F211113C
:10AEB000084210D1FFE700980068006A40F2444160
:10AEC000084207D1FFE700980168086820F00100F8
:10AED0000860FFE7FFE7FFE70099012081F83D00E8
:10AEE000002001B07047000080B586B00490039147
:10AEF00000208DF80B00FFE7049890F83C00012833
:10AF000004D1FFE702208DF81700D1E00499012059
:10AF100081F83C00FFE7FFE70499022081F83D003B
:10AF2000049800688068019001984FF68871CFF608
:10AF3000CE7108400190019820F47F400190019863
:10AF4000049909688860039800680090002800F060
:10AF50009580FFE70098102800F09080FFE70098A8
:10AF6000202800F08B80FFE70098302800F08680D2
:10AF7000FFE70098402874D0FFE70098502856D08B
:10AF8000FFE7009860285FD0FFE7009870282AD07C
:10AF9000FFE70098B0F5805F24D0FFE70098B0F598
:10AFA000005F35D0FFE70098B0F5801F66D0FFE75F
:10AFB0000098B0F1101F61D0FFE700982021C0F287
:10AFC000100188425AD0FFE700983021C0F21001EA
:10AFD000884253D0FFE700984021C0F21001884218
:10AFE0004CD052E055E004980068039B5A68996879
:10AFF000DB6802F0A9F80498006880680190019865
:10B0000040F077000190019804990968886040E059
:10B0100004980068039B5A689968DB6802F094F80A
:10B0200004980168886840F48040886031E00498A2
:10B030000068039A5168D26802F0BAF80498006870
:10B04000502102F09DF824E004980068039A5168AA
:10B05000D26802F0D5F804980068602102F090F8F8
:10B0600017E004980068039A5168D26802F0A0F8CB
:10B0700004980068402102F083F80AE00498006810
:10B080000399096802F07CF803E001208DF80B00B9
:10B09000FFE70499012081F83D00FFE704990020B3
:10B0A00081F83C00FFE79DF80B008DF81700FFE7E3
:10B0B0009DF8170006B080BD81B0009001B07047C8
:10B0C00080B584B0039003980068C068029003982C
:10B0D0000068006901909DF804008007002824D5CD
:10B0E000FFE79DF80800800700281DD5FFE70398BB
:10B0F00001686FF002000861039901200877039846
:10B1000000688069800720B1FFE70398FFF7D4FF4C
:10B1100006E0039800F0FCF8039800F0FDF8FFE764
:10B12000039900200877FFE7FFE79DF80400400738
:10B13000002825D5FFE79DF80800400700281ED508
:10B14000FFE7039801686FF004000861039902208B
:10B15000087703980068806910F4407F04D0FFE707
:10B160000398FFF7A9FF06E0039800F0D1F80398D1
:10B1700000F0D2F8FFE7039900200877FFE7FFE728
:10B180009DF804000007002824D5FFE79DF808007B
:10B19000000700281DD5FFE7039801686FF008003D
:10B1A000086103990420087703980068C069800744
:10B1B00020B1FFE70398FFF77FFF06E0039800F058
:10B1C000A7F8039800F0A8F8FFE703990020087794
:10B1D000FFE7FFE79DF80400C006002825D5FFE73C
:10B1E0009DF80800C00600281ED5FFE703980168F7
:10B1F0006FF0100008610399082008770398006831
:10B20000C06910F4407F04D0FFE70398FFF754FFB4
:10B2100006E0039800F07CF8039800F07DF8FFE763
:10B22000039900200877FFE7FFE79DF80400C007B7
:10B2300078B1FFE79DF80800C00748B1FFE7039821
:10B2400001686FF001000861039800F069F8FFE7FA
:10B25000FFE7019800F08000802806D0FFE79DF806
:10B2600005008006002810D5FFE79DF808000006BD
:10B27000002809D5FFE7039801686FF402500861C0
:10B280000398FFF7A1FBFFE7FFE79DF80500C00764
:10B2900080B1FFE79DF808000006002809D5FFE708
:10B2A000039801686FF4807008610398FFF788FBCA
:10B2B000FFE7FFE79DF804004006002810D5FFE7F0
:10B2C0009DF808004006002809D5FFE703980168AB
:10B2D0006FF040000861039800F05EF8FFE7FFE7B9
:10B2E0009DF804008006002810D5FFE79DF80800AF
:10B2F0008006002809D5FFE7039801686FF0200059
:10B3000008610398FFF764FBFFE7FFE704B080BD27
:10B3100081B0009001B0704781B0009001B07047DB
:10B3200080B584B00390039840F21C21C2F2010161
:10B3300088422ED1FFE74FF6CE20C0F6000003F082
:10B340008DF940F21C20C2F201000090FFF7A8FD29
:10B350000098006800210191416240F2D010C2F2D1
:10B36000010002685162FFF79BFC019940F2F40072
:10B37000C2F20100029040F2FF72F7F701F8029862
:10B3800040F20001C3F200014FF40052F8F794F8C4
:10B39000FFE704B080BD000081B0009001B07047AD
:10B3A00083B00190FFE7019890F88400012804D150
:10B3B000FFE702208DF80B002CE00199012081F8B5
:10B3C0008400FFE7FFE701992420C1F88800019875
:10B3D00000680068009001980168086820F001008A
:10B3E0000860009820F00050009001990020486605
:10B3F000009801990968086001992020C1F8880027
:10B40000FFE70199002081F88400FFE700208DF814
:10B410000B00FFE79DF80B0003B070470000000031
:10B4200082B00190ADF8021002B070470000000039
:10B4300081B0009001B0704780B584B00290019156
:10B44000FFE7029890F88400012804D1FFE702206A
:10B450008DF80F0032E00299012081F88400FFE7A7
:10B46000FFE702992420C1F888000298006800686C
:10B47000009002980168086820F0010008600298B6
:10B480000068806820F060600199084302990968AB
:10B490008860029802F038F80098029909680860FC
:10B4A00002992020C1F88800FFE70299002081F866
:10B4B0008400FFE700208DF80F00FFE79DF80F00E4
:10B4C00004B080BD0000000080B584B002900191FE
:10B4D000FFE7029890F88400012804D1FFE70220DA
:10B4E0008DF80F0032E00299012081F88400FFE717
:10B4F000FFE702992420C1F88800029800680068DC
:10B50000009002980168086820F001000860029825
:10B510000068806820F0604001990843029909683A
:10B520008860029801F0F0FF0098029909680860AD
:10B5300002992020C1F88800FFE70299002081F8D5
:10B540008400FFE700208DF80F00FFE79DF80F0053
:10B5500004B080BD0000000081B0009001B07047D1
:10B5600081B0009001B0704781B0009001B0704789
:10B5700080B592B0119011980068C0691090119830
:10B58000006800680F901198006880680E9010980D
:10B5900040F60F0108400D900D98E0B9FFE79DF8C7
:10B5A00040008006002815D5FFE79DF83C00800686
:10B5B000002806D4FFE79DF83B00C006002809D507
:10B5C000FFE71198406F20B1FFE71198416F88475E
:10B5D000FFE74AE3FFE70D98002800F00C81FFE742
:10B5E0000E980121C1F20001084209D1FFE70F982E
:10B5F00040F22011C0F20041084200F0FC80FFE759
:10B600009DF84000C00788B1FFE79DF83D00C007E6
:10B6100060B1FFE711980168012008621199D1F823
:10B62000900040F00100C1F89000FFE79DF8400055
:10B630008007002811D5FFE79DF83800C00760B1EA
:10B64000FFE711980168022008621199D1F8900073
:10B6500040F00400C1F89000FFE79DF8400040076B
:10B66000002811D5FFE79DF83800C00760B1FFE75B
:10B6700011980168042008621199D1F8900040F0F7
:10B680000200C1F89000FFE79DF840000007002885
:10B6900019D5FFE79DF83C008006002807D4FFE796
:10B6A0000E980121C1F2000108420CD0FFE7119869
:10B6B0000168082008621199D1F8900040F0080054
:10B6C000C1F89000FFE79DF841000007002813D55E
:10B6D000FFE79DF83F00400700280DD5FFE71198D0
:10B6E00001684FF4006008621199D1F8900040F0B1
:10B6F0002000C1F89000FFE71198D0F890000028D2
:10B7000078D0FFE79DF840008006002815D5FFE7B8
:10B710009DF83C008006002806D4FFE79DF83B001A
:10B72000C006002809D5FFE71198406F20B1FFE758
:10B730001198416F8847FFE7FFE71198D0F8900014
:10B740000C9011980068806800F04000402806D0F6
:10B75000FFE79DF8300010F0280F42D0FFE7119866
:10B7600002F06EF81198006880684006002833D512
:10B77000FFE7FFE7FFE71198006850E8020F20F0AD
:10B7800040000B90FFE70B991198026842E8021005
:10B790000028F0D1FFE7FFE71198D0F88000B0B1A2
:10B7A000FFE71198D0F880104DF62100C0F6000098
:10B7B00008651198D0F88000F8F79AFC30B1FFE7DF
:10B7C0001198D0F88000016D8847FFE703E01198D9
:10B7D000FFF7CAFEFFE703E01198FFF7C5FEFFE79A
:10B7E00007E01198FFF7C0FE11990020C1F8900002
:10B7F000FFE7FFE739E21198C06E012840F0D681DB
:10B80000FFE79DF84000C006002840F1CF81FFE728
:10B810009DF83C00C006002840F1C881FFE7119860
:10B8200001681020086211980068806840060028AE
:10B8300040F15A81FFE71198D0F88000006810218C
:10B84000C4F20201884200F0A280FFE71198D0F80C
:10B85000800000682821C4F20201884200F097802D
:10B86000FFE71198D0F8800000684021C4F202017F
:10B87000884200F08C80FFE71198D0F880000068C3
:10B880005821C4F20201884200F08180FFE711983C
:10B89000D0F8800000687021C4F20201884276D09E
:10B8A000FFE71198D0F8800000688821C4F20201F7
:10B8B00088426CD0FFE71198D0F880000068A02182
:10B8C000C4F20201884262D0FFE71198D0F88000EC
:10B8D0000068B821C4F20201884258D0FFE71198ED
:10B8E000D0F88000006840F21041C4F202018842A2
:10B8F0004DD0FFE71198D0F88000006840F2284151
:10B90000C4F20201884242D0FFE71198D0F88000CB
:10B91000006840F24041C4F20201884237D0FFE79C
:10B920001198D0F88000006840F25841C4F202013A
:10B9300088422CD0FFE71198D0F88000006840F2D0
:10B940007041C4F20201884221D0FFE71198D0F87B
:10B950008000006840F28841C4F20201884216D09B
:10B96000FFE71198D0F88000006840F2A041C4F2CF
:10B97000020188420BD0FFE71198D0F880000068E0
:10B9800040F2B841C4F20201884207D1FFE71198A2
:10B99000D0F8800000684068019006E01198D0F867
:10B9A0008000006840680190FFE70198ADF82A0028
:10B9B000BDF82A0000287BD0FFE7BDF82A001199C6
:10B9C000B1F85C10884273DAFFE7BDF82A001199DC
:10B9D000A1F85E001198D0F88000C069B0F5807FB2
:10B9E00059D0FFE7FFE7FFE71198006850E8000F24
:10B9F00020F480700990FFE709991198026842E8E5
:10BA000000100028F0D1FFE7FFE7FFE7FFE71198FC
:10BA1000006850E8020F20F001000890FFE7089945
:10BA20001198026842E802100028F0D1FFE7FFE712
:10BA3000FFE7FFE71198006850E8020F20F0400090
:10BA40000790FFE707991198026842E80210002862
:10BA5000F0D1FFE7FFE711992020C1F88C00119980
:10BA60000020C866FFE7FFE71198006850E8000F64
:10BA700020F010000690FFE706991198026842E84E
:10BA800000100028F0D1FFE7FFE71198D0F8800000
:10BA9000F7F772FEFFE71199022008671198B0F8D6
:10BAA0005C10B0F85E20891A89B2FFF7B9FC1AE081
:10BAB000BDF82A001199B1F85C10884212D1FFE755
:10BAC0001198D0F88000C069B0F5807F09D1FFE7F8
:10BAD0001199022008671198B0F85C10FFF7A0FCDC
:10BAE000FFE7FFE7FFE7C0E01199B1F85C00B1F8AC
:10BAF0005E10401AADF816001198B0F85E000028EC
:10BB000053D0FFE7BDF8160000284ED0FFE7FFE74F
:10BB1000FFE71198006850E8000F20F4907004903F
:10BB2000FFE704991198026842E800100028F0D15C
:10BB3000FFE7FFE7FFE7FFE71198006850E8020F13
:10BB40004FF6FE71CEF6FF7108400390FFE70399B0
:10BB50001198026842E802100028EDD1FFE7FFE7E4
:10BB600011992020C1F88C0011990020C866119904
:10BB70004867FFE7FFE71198006850E8000F20F0E2
:10BB800010000290FFE702991198026842E8001045
:10BB90000028F0D1FFE7FFE711990220086711980C
:10BBA000BDF81610FFF73CFCFFE75EE09DF8420091
:10BBB000C00600280FD5FFE79DF83A004006002890
:10BBC00009D5FFE7119801684FF4801008621198B9
:10BBD000FFF7C6FC49E09DF840000006002815D597
:10BBE000FFE79DF83C000006002806D4FFE79DF81B
:10BBF0003A000006002809D5FFE71198806F20B1B0
:10BC0000FFE71198816F8847FFE72EE09DF840001D
:10BC1000400600280AD5FFE79DF83C0040060028B2
:10BC200004D5FFE7119801F05BFE1EE09DF842008D
:10BC3000000600280AD5FFE79DF83F0040060028CF
:10BC400004D5FFE71198FFF787FC0EE09DF843004D
:10BC5000C00750B1FFE79DF83F000006002804D55B
:10BC6000FFE71198FFF7E4FBFFE712B080BD00008B
:10BC700080B582B00090009820B9FFE701208DF8D0
:10BC8000070046E00098806908B1FFE700E0FFE7A1
:10BC90000098D0F8880040B9FFE70099002081F8AB
:10BCA0008400009800F03CF8FFE700992420C1F8D8
:10BCB000880000980168086820F00100086000987A
:10BCC000806A20B1FFE7009801F062FCFFE700986E
:10BCD00001F02AFE012804D1FFE701208DF80700BA
:10BCE00017E000980168486820F490404860009888
:10BCF0000168886820F02A00886000980168086858
:10BD000040F001000860009801F0E6FC8DF80700A3
:10BD1000FFE79DF8070002B080BD000000000000B2
:10BD200080B5BCB03B9000203A9039903890379065
:10BD3000369006A8C021F4F70BFB3B98006847F645
:10BD40000001C4F20001884247D1FFE700200790BC
:10BD500002210691249006A8FCF706FC18B1FFE723
:10BD6000F5F732FEFFE7FFE744F2E840C5F60200D0
:10BD7000016841F080410160006800F0804005905A
:10BD80000598FFE7FFE744F2E040C5F602000168CE
:10BD900041F010010160006800F010000490049868
:10BDA000FFE74FF4C07036900220379000200090DB
:10BDB0003890399007203A9041F20000C5F6020011
:10BDC00036A9FAF705FE009A522001901146FBF7BA
:10BDD00013F90198FBF704F946E03B98006841F23B
:10BDE0000001C4F2010188423DD1FFE70020079025
:10BDF00001210691259006A8FCF7B6FB18B1FFE7D4
:10BE0000F5F7E2FDFFE7FFE744F2F040C5F6020078
:10BE1000016841F010010160006800F0100003901B
:10BE20000398FFE7FFE744F2E040C5F6020001682F
:10BE300041F002010160006800F0020002900298E7
:10BE4000FFE74FF4404036900220379000203890B2
:10BE5000399004203A9040F20040C5F6020036A91D
:10BE6000FAF7B6FDFFE7FFE73CB080BD0000000039
:10BE700080B58AB008900791ADF81A20059308980C
:10BE8000D0F88800202840F08780FFE7079820B18D
:10BE9000FFE7BDF81A0020B9FFE701208DF8270061
:10BEA0007EE008990020C1F8900008992120C1F88F
:10BEB0008800FAF779FF0290BDF81A000899A1F8F6
:10BEC0005400BDF81A000899A1F856000898806837
:10BED000B0F5805F09D1FFE70898006928B9FFE74E
:10BEE000002004900798039004E007980490002035
:10BEF0000390FFE7FFE70898B0F8560088B3FFE724
:10BF00000898029B05996A4611608021002202F080
:10BF10009FF940B1FFE708992020C1F8880003206D
:10BF20008DF827003CE0049858B9FFE70398008893
:10BF30006FF35F20089909688862039802300390C4
:10BF400008E004980078089909688862049801302C
:10BF50000490FFE70899B1F856000138A1F856009F
:10BF6000C9E70898029B05996A46116040210022A2
:10BF700002F06EF940B1FFE708992020C1F888006F
:10BF800003208DF827000BE008992020C1F88800D5
:10BF900000208DF8270003E002208DF82700FFE73E
:10BFA0009DF827000AB080BD81B0009001B07047B5
:10BFB000FFE7FEE70000000081B000900098806875
:10BFC0004FF6C071C7F6FF710840023000998860D3
:10BFD00001B070470000000081B0009000998868AF
:10BFE0004FF6C072C5F6FF721040886001B070470E
:10BFF00081B00090009880684FF6C071C7F6FF715D
:10C00000084001300099886001B0704700000000CE
:10C0100081B000900098806840F080504FF6C07169
:10C02000C7F6FF7108400099886001B070470000B2
:10C0300081B000900098806800F0E07001B0704717
:10C0400081B000900098806800F01F0001B0704738
:10C0500081B0009000988068C0F3C00001B07047C4
:10C0600081B00090009880684FF6C071C7F6FF71EC
:10C07000084020300099886001B07047000000003F
:10C0800081B0009000988068C00F01B07047000038
:10C0900081B0009000988068C0F3407001B0704794
:10C0A00081B0009000988068C0F3400001B07047F4
:10C0B00081B000900098806800F0010001B07047E6
:10C0C00081B000900098806800F0010001B07047D6
:10C0D00081B0009000988068C0F3007001B0704794
:10C0E00081B0009000988068C0F3800001B0704774
:10C0F00081B0009000988068C0F3800001B0704764
:10C1000081B000900098C06800F44060B0FA80F000
:10C11000400901B07047000082B001900091019881
:10C12000C06820F00300009908430199C86002B07C
:10C13000704700000000000084B00390029101925B
:10C140000398029901F4407100EB91103030009097
:10C1500000980068029901F01F021F219140884356
:10C160000199C1F38461914008430099086004B0CB
:10C17000704700000000000081B0009000988068C7
:10C180004FF6C071C7F6FF7108400430009988600F
:10C1900001B070470000000081B0009000988068F6
:10C1A0004FF6C071C7F6FF710840103000998860E3
:10C1B00001B070470000000085B002900191019825
:10C1C000000328B9FFE70198C0F38460009014E0F1
:10C1D000019890FAA0F00390039820B9FFE720207F
:10C1E0008DF8130005E00398B0FA80F08DF8130085
:10C1F000FFE79DF813000090FFE7009800F01F0193
:10C20000012000FA01F20299C8691043C86105B023
:10C21000704700000000000084B00390029101927A
:10C220000398029901F0007100EBD1501430009096
:10C23000009800680299C1F3045207219140884395
:10C240000199914008430099086004B070470000CC
:10C2500083B00290019100920298D0F8C000019939
:10C260006FF31F518843009A02F018034FF6FF72D4
:10C27000C0F20F02DA40114008440299C1F8C00030
:10C2800003B070470000000082B001900091019857
:10C29000806820F47C10009908430199886002B0FE
:10C2A000704700000000000082B0019000910198EA
:10C2B000806820F0E070009908430199886002B01E
:10C2C000704700000000000083B0029001910092CE
:10C2D0000298006920F4F0400099019A02F01F02D0
:10C2E000914008430299086103B0704700000000C4
:10C2F00085B004900391029201930498039900EB96
:10C300008100603000900098006800F000400299C1
:10C3100001F0F841019A114308430099086005B003
:10C32000704700000000000084B003900291019269
:10C330000398029900EB810060300090009800683B
:10C3400020F00040019908430099086004B070474C
:10C3500083B0029001910092029880684FF6C071FC
:10C36000C3F6FE710140019800F48030009A02F09B
:10C3700080421044084400F100400299886003B0F4
:10C38000704700000000000080B58AB000200290D5
:10C390000990089007900690FAF7E2FD02990120B3
:10C3A00001908DF818008DF819104FF01052079277
:10C3B00012228DF820208DF821108DF82200032202
:10C3C00003928DF823208DF824108DF825108DF818
:10C3D00026008DF8270006A80490FAF781FD019A3F
:10C3E000029904988DF819204FF0405207921022BC
:10C3F0008DF820208DF826108DF82710FAF770FDA3
:10C40000049802218DF819100021C3F2020107914E
:10C41000FAF766FD039904988DF819100021C3F20C
:10C42000040107910E218DF82010FAF759FD0498A8
:10C43000042105918DF819104FF0605107910F21DB
:10C440008DF82010FAF74CFD0598FAF79DFD0AB01B
:10C4500080BD00000000000080B58CB0002200927A
:10C460000B920A9209920892079206920592049200
:10C470000392029240F2F400C2F20100019042F2F3
:10C480000001C4F20201016042608260C2600421C6
:10C490000161027501214175816102774FF4B86332
:10C4A00043624FF480638362C1620263426380F837
:10C4B0003820C163F6F790FD18B1FFE7F5F784FA6D
:10C4C000FFE70020099040F2F400C2F2010009A940
:10C4D000F5F7CAFF18B1FFE7F5F776FAFFE740F284
:10C4E0000040C2F600200290062003900020049035
:10C4F00040F2FF7105910421069107908DF821000B
:10C5000040F2F400C2F2010002A9F6F7F9F818B1FE
:10C51000FFE7F5F759FAFFE70CB080BD0000000017
:10C5200080B582B0FFE744F2D840C5F6020001684A
:10C5300041F001010160006800F0010001900198E4
:10C54000FFE70B20009000221146FAF755FD0098F6
:10C55000FAF746FD02B080BD85B0FFE744F2E04047
:10C56000C5F60200016841F080010160006800F03A
:10C57000800004900498FFE7FFE744F2E040C5F62E
:10C580000200016841F004010160006800F004004D
:10C5900003900398FFE7FFE744F2E040C5F602008E
:10C5A000016841F010010160006800F01000029085
:10C5B0000298FFE7FFE744F2E040C5F60200016899
:10C5C00041F002010160006800F002000190019852
:10C5D000FFE7FFE744F2E040C5F60200016841F0E2
:10C5E00001010160006800F0010000900098FFE781
:10C5F00005B070470000000080B58AB000210191AD
:10C60000099108910791069105910491039140F2D7
:10C61000D010C2F20100029044F20002C4F2010202
:10C6200002601722426081600F22C2600161416195
:10C6300080218161FEF77CFA18B1FFE7F5F7C4F9B4
:10C64000FFE74FF48050069040F2D010C2F2010094
:10C6500006A9FEF749FC18B1FFE7F5F7B5F9FFE7C2
:10C66000202003900020059040F2D010C2F201007B
:10C6700003A9FEF7B1F918B1FFE7F5F7A5F9FFE750
:10C680000AB080BD0000000080B584B00021039195
:10C690000291019140F21C20C2F2010041F200021D
:10C6A000C4F20002026045F6BF524260816041F26E
:10C6B0008731C16080218161FEF73AFA18B1FFE746
:10C6C000F5F782F9FFE7202001900020039040F267
:10C6D0001C20C2F2010001A9FEF77EF918B1FFE7A4
:10C6E000F5F772F9FFE704B080BD0000000000001C
:10C6F00080B584B0002103910291019140F268203D
:10C70000C2F2010041F20042C4F20002026045F6AA
:10C71000BF524260816041F28731C16080218161F6
:10C72000FEF706FA18B1FFE7F5F74EF9FFE720200C
:10C7300001900020039040F26820C2F2010001A99C
:10C74000FEF74AF918B1FFE7F5F73EF9FFE704B045
:10C7500080BD00000000000080B582B040F248308B
:10C76000C2F20100009047F60001C4F2000101602E
:10C770004FF4E1314160002101918160C1600161AC
:10C780000C2242618161C161016241628162FFF7F5
:10C790006FFA18B1FFE7F5F717F9FFE740F24830F5
:10C7A000C2F201000021FEF78FFE18B1FFE7F5F796
:10C7B0000BF9FFE740F24830C2F201000021FEF71A
:10C7C0003BFE18B1FFE7F5F7FFF8FFE740F248300E
:10C7D000C2F20100FEF7E4FD18B1FFE7F5F7F4F847
:10C7E000FFE702B080BD000080B582B040F2B42007
:10C7F000C2F20100009041F20001C4F201010160A7
:10C800004FF4E1314160002101918160C16001611B
:10C810000C2242618161C161016241628162FFF764
:10C8200027FA18B1FFE7F5F7CFF8FFE740F2B42099
:10C83000C2F201000021FEF747FE18B1FFE7F5F74D
:10C84000C3F8FFE740F2B420C2F201000021FEF776
:10C85000F3FD18B1FFE7F5F7B7F8FFE740F2B420B2
:10C86000C2F20100FEF79CFD18B1FFE7F5F7ACF846
:10C87000FFE702B080BD0000FFE7FEE70000000018
:10C88000FFE7FEE70000000088B0079006910592E0
:10C89000079800F0070004900498C0F107000528ED
:10C8A00003D3FFE70420019004E00498C0F10700DF
:10C8B0000190FFE70198039004980430062803D8FC
:10C8C000FFE70020009003E0049803380090FFE7A2
:10C8D0000098029006980399012202FA01F10139A9
:10C8E0000840029B984005999A40013A114008433C
:10C8F00008B0704700000000704700000000000012
:10C9000080B586B00490039100208DF8070044F2B2
:10C910002840C5F60200006800F00300032804D197
:10C92000FFE701208DF81700CBE044F20041C5F687
:10C930000201086820F080600860FAF735FA02907A
:10C94000FFE744F20040C5F60200006800F0006115
:10C950000020B0EBD16F0CD0FFE7FAF725FA02996F
:10C96000401A032804D3FFE703208DF81700A8E03E
:10C97000E7E7FFE744F22841C5F60201086820F422
:10C980007C30049A126840EA0230086004994868D2
:10C99000D1F808C0CB680A6901386FF35F204FF601
:10C9A0000061CFF6FF7101EB4C2189B208440021F0
:10C9B000CFF6FF7101EB034101F4FE0108444FF093
:10C9C0007F4101EB026101F0FE41084444F238412D
:10C9D000C5F602010860FFE744F22C41C5F60201EA
:10C9E0000091086820F0C000049A52691043086062
:10C9F000086820F02000049A9269104308600868D3
:10CA000020F01000086044F23C42C5F602021068B3
:10CA10004FF6F8739843049BDB6940EAC30010604B
:10CA2000086840F010000860039848B9FFE744F236
:10CA30002C41C5F60201086840F40020086016E0A9
:10CA40000398012809D1FFE744F22C41C5F6020101
:10CA5000086840F48010086008E044F22C41C5F6F4
:10CA60000201086840F400100860FFE7FFE744F2A5
:10CA70000041C5F60201086840F080600860FAF7DE
:10CA800093F90290FFE744F20040C5F60200006807
:10CA900000F000610020B0EBD16F0CD1FFE7FAF796
:10CAA00083F90299401A032804D3FFE703208DF885
:10CAB000170006E0E7E7FFE79DF807008DF817008D
:10CAC000FFE79DF8170006B080BD000000000000E1
:10CAD00080B586B00490039100208DF8070044F2E1
:10CAE0002840C5F60200006800F00300032804D1C6
:10CAF000FFE701208DF81700CBE044F20041C5F6B6
:10CB00000201086820F080500860FAF74DF90290A1
:10CB1000FFE744F20040C5F60200006800F0005153
:10CB20000020B0EB517F0CD0FFE7FAF73DF90299F6
:10CB3000401A032804D3FFE703208DF81700A8E06C
:10CB4000E7E7FFE744F22841C5F60201086820F054
:10CB50007C70049A126840EA0250086004994868A0
:10CB6000D1F808C0CB680A6901386FF35F204FF62F
:10CB70000061CFF6FF7101EB4C2189B2084400211E
:10CB8000CFF6FF7101EB034101F4FE0108444FF0C1
:10CB90007F4101EB026101F0FE41084444F2404153
:10CBA000C5F602010860FFE744F22C41C5F6020118
:10CBB0000091086820F44060049A526910430860AC
:10CBC000086820F40070049A9269104308600868AD
:10CBD00020F48070086044F24442C5F602021068F6
:10CBE0004FF6F8739843049BDB6940EAC30010607A
:10CBF000086840F480700860039848B9FFE744F281
:10CC00002C41C5F60201086840F48000086016E077
:10CC10000398012809D1FFE744F22C41C5F602012F
:10CC2000086840F40000086008E044F22C41C5F6B2
:10CC30000201086840F080700860FFE7FFE744F2F7
:10CC40000041C5F60201086840F080500860FAF71C
:10CC5000ABF80290FFE744F20040C5F6020000681E
:10CC600000F000510020B0EB517F0CD1FFE7FAF744
:10CC70009BF80299401A032804D3FFE703208DF89C
:10CC8000170006E0E7E7FFE79DF807008DF81700BB
:10CC9000FFE79DF8170006B080BD0000000000000F
:10CCA000704700000000000080B582B0009000983E
:10CCB0000138B0F1807F03D3FFE70120019019E034
:10CCC000009801384EF21401CEF2000108604FF0D6
:10CCD000FF300F2101F068FB4EF21801CEF2000187
:10CCE000002008604EF21002CEF20002072111600F
:10CCF0000190FFE7019802B080BD00000000000035
:10CD000080B5FAF759F880BD80B59EB00BA84C21CC
:10CD1000F3F71EFB002001900A90099008900790FD
:10CD200006900590049003900220FAF785F9FFE73A
:10CD30000020029044F61800C5F60200016841F494
:10CD400040410160006800F44040029040F22C40F5
:10CD5000C5F60000016841F001010160006800F0C3
:10CD6000010002900298FFE7FFE744F61800C5F6BD
:10CD70000200006800F40050B0F5005F01D0FFE74A
:10CD8000F3E701200B904FF480300C9002201490B8
:10CD9000159005211691C0211791189019901A909D
:10CDA00008201B9000201C901D900BA8FDF754F844
:10CDB00018B1FFE7F4F708FEFFE73F2003900320D8
:10CDC00004900020059008200690402007900890CD
:10CDD0004FF4806109910A9003A80421FCF714FC28
:10CDE00018B1FFE7F4F7F0FDFFE71EB080BD0000CB
:10CDF00081B04EF68851CEF20001086840F4700010
:10CE0000086042F20000C5F20020006800F00F0048
:10CE100006280AD8FFE742F20001C5F2002108689F
:10CE2000072262F303000860FFE744F20041C5F601
:10CE30000201086840F00100086044F21042C5F6A3
:10CE400002020020106008684EF67F52CEF6F622ED
:10CE50001040086042F20000C5F20020006800F0B7
:10CE60000F0008280AD3FFE742F20001C5F20021B3
:10CE70000868072262F303000860FFE744F21841E4
:10CE8000C5F6020100200090086044F21C41C5F67E
:10CE90000201086044F22041C5F60201086044F234
:10CEA0002842C5F6020240F20021C0F202211160C0
:10CEB00044F22C42C5F602020021C0F2FF111160BB
:10CEC00044F23042C5F6020240F28021C0F2011164
:10CED000116044F23442C5F60202106044F2384256
:10CEE000C5F60202116044F23C42C5F6020210602F
:10CEF00044F24042C5F60202116044F24441C5F6D4
:10CF00000201086044F20042C5F60202116821F4F1
:10CF10008021116044F26041C5F60201086041F2CF
:10CF20000001C5F600410968B0EB517F07D1FFE76A
:10CF300048F20811C5F2001101200860FFE744F231
:10CF4000D440C5F602000068C004002814D4FFE7EE
:10CF500044F2D441C5F60201086840F480500860EC
:10CF600044F20002C5F2002243F2D20010600868C9
:10CF700020F480500860FFE701B070470000000017
:10CF800080B540F21C20C2F20100FEF799F880BD86
:10CF900080B540F26820C2F20100FEF791F880BD32
:10CFA00083B00290019102980068009002980021DD
:10CFB000C4F20101884225D0FFE70298B0F1804F0A
:10CFC00020D0FFE7029840F20041C4F200018842FD
:10CFD00018D0FFE7029840F60001C4F20001884231
:10CFE00010D0FFE7029840F60041C4F200018842E9
:10CFF00008D0FFE7029840F20041C4F201018842E4
:10D000000AD1FFE7009820F0700000900198416875
:10D01000009808430090FFE702980021C4F2010144
:10D0200088423DD0FFE70298B0F1804F38D0FFE74B
:10D03000029840F20041C4F20001884230D0FFE77C
:10D04000029840F60001C4F20001884228D0FFE7B0
:10D05000029840F60041C4F20001884220D0FFE768
:10D06000029840F20041C4F20101884218D0FFE763
:10D07000029844F20001C4F20101884210D0FFE797
:10D08000029844F20041C4F20101884208D0FFE74F
:10D09000029844F60001C4F2010188420AD1FFE778
:10D0A000009820F4407000900198C16800980843EF
:10D0B0000090FFE7009820F080000199496908433B
:10D0C0000090019880680299C862019800680299EE
:10D0D000886202980021C4F20101884220D0FFE753
:10D0E000029840F20041C4F20101884218D0FFE7E3
:10D0F000029844F20001C4F20101884210D0FFE717
:10D10000029844F20041C4F20101884208D0FFE7CE
:10D11000029844F60001C4F20101884205D1FFE7FC
:10D120000198006902990863FFE70299086840F0D6
:10D130000400086002990120486100980299086083
:10D1400003B070470000000085B004900391029284
:10D150000193049880680090009820F47F4000902C
:10D1600003980299019A41EA022101430098084379
:10D17000009000980499886005B070470000000096
:10D1800083B00290019102988068009000984FF659
:10D190008F71CFF6CF710840009001980099084335
:10D1A00040F00700009000980299886003B0704733
:10D1B00085B00490039102920498006A009004994B
:10D1C000086A20F0010008620498806901900198C3
:10D1D00020F0F00001900299019840EA01100190BE
:10D1E000009820F00A0000900399009808430090EE
:10D1F00001980499886100980499086205B0704705
:10D2000085B00490039102920498006A00900499FA
:10D21000086A20F010000862049880690190019863
:10D2200020F4704001900299019840EA0130019089
:10D23000009820F0A00000900399009840EA0110A7
:10D24000009001980499886100980499086205B0DB
:10D25000704700000000000089B007900020069091
:10D2600001200590FFE7059840F21801C2F2000185
:10D27000096888421ADAFFE70798059A40F2240104
:10D28000C2F2000101EBC2014968884209D1FFE7FF
:10D29000059940F22400C2F2000050F831000690D7
:10D2A00004E0FFE7059801300590DCE7069800EB05
:10D2B00040000490069800EB8000039000208DF859
:10D2C0000B008DF80A00049805380190FFE70198DB
:10D2D0000499053188421ADAFFE7019940F2E0002B
:10D2E000C2F2000000EBC10090ED000B9FED241B8B
:10D2F000B4EE410BF1EE10FA04DDFFE701208DF8EA
:10D300000B0004E0FFE7019801300190DFE703988C
:10D3100005380090FFE700980399053188421ADA32
:10D32000FFE7009940F2E000C2F2000000EBC1000C
:10D3300090ED000BB2EE0A1BB4EE410BF1EE10FAC9
:10D3400004DDFFE701208DF80A0004E0FFE7009804
:10D3500001300090DFE79DF80B00C00740B1FFE708
:10D360009DF80A00C00718B1FFE70120089002E00D
:10D3700000200890FFE7089809B0704700BF00BF81
:10D380000000000000004E4088B000200790FFE73A
:10D390000798B0F5805F16DAFFE7079940F2E000E2
:10D3A000C2F2000000EBC10090ED000B48F2F0006B
:10D3B000C2F2000000EBC10080ED000BFFE7079810
:10D3C00001300790E4E700200590049006200290C9
:10D3D000FFE70298B0F5805F24DAFFE79DED040BCC
:10D3E000029948F2F000C2F2000000EBC10090ED9B
:10D3F000001BB4EE410BF1EE10FA0EDAFFE70299D2
:10D4000048F2F000C2F2000000EBC10090ED000B0A
:10D410008DED040B02980390FFE7FFE702980130BF
:10D420000290D6E7039805380190FFE70198039929
:10D430000531884210DAFFE7019B48F2F002C2F2A0
:10D44000000202EBC301002042F833004860FFE70E
:10D45000019801300190E9E7002005900490062032
:10D460000090FFE70098B0F5805F24DAFFE79DEDBC
:10D47000040B009948F2F000C2F2000000EBC1007A
:10D4800090ED001BB4EE410BF1EE10FA0EDAFFE75F
:10D49000009948F2F000C2F2000000EBC10090EDEC
:10D4A000000B8DED040B00980390FFE7FFE7009859
:10D4B00001300090D6E79DED040B9FED0D1BB4EEFF
:10D4C000410BF1EE10FA07DDFFE740F2F001C2F286
:10D4D00001010020086006E040F2F001C2F2010103
:10D4E00001200860FFE708B0704700BF00BF00BF21
:10D4F000000000000000694080B540F24830C2F2F0
:10D500000100FEF735F880BD82B001900198406EB1
:10D5100040B9FFE701990120A1F86A000199A1F83B
:10D52000680032E010208DF803008DF802000198A9
:10D5300000688068C0F342608DF8010001980068BF
:10D540008068400F8DF800009DF802009DF80020D3
:10D550004FF66823C0F60003995C48434FF66021FC
:10D56000C0F600018A5CB0FBF2F0019AA2F86A00F2
:10D570009DF803009DF801209B5C5843895CB0FB3B
:10D58000F1F00199A1F86800FFE702B070470000D0
:10D5900081B00090009890F82800000700280BD573
:10D5A000FFE700980068406820F40040009A116886
:10D5B000926B10434860FFE7009890F82800C0077E
:10D5C00058B1FFE700980068406820F40030009AE6
:10D5D0001168D26A10434860FFE7009890F828006D
:10D5E000800700280BD5FFE700980068406820F40A
:10D5F0008030009A1168126B10434860FFE7009872
:10D6000090F82800400700280BD5FFE70098006835
:10D61000406820F48020009A1168526B10434860E3
:10D62000FFE7009890F82800C00600280BD5FFE718
:10D6300000980068806820F48050009A1168D26BCE
:10D6400010438860FFE7009890F8280080060028C3
:10D650000BD5FFE700980068806820F40050009A1E
:10D660001168126C10438860FFE7009890F828005A
:10D67000400600281CD5FFE700980068406820F4A9
:10D680008010009A1168526C104348600098406CFA
:10D69000B0F5801F0BD1FFE700980068406820F4C8
:10D6A000C000009A1168926C10434860FFE7FFE7E2
:10D6B000009890F82800000600280BD5FFE7009896
:10D6C0000068406820F40020009A1168D26C104372
:10D6D0004860FFE701B0704780B588B006900699B2
:10D6E0000020C1F89000F9F75FFB059006980068EC
:10D6F0000068000700282FD5FFE70698059B6A46BB
:10D700006FF07E4111604FF40011002200F0A0FD87
:10D7100008B3FFE7FFE7FFE70698006850E8000F4F
:10D7200020F080000490FFE704990698026842E820
:10D7300000100028F0D1FFE7FFE706992020C1F88C
:10D740008800FFE70699002081F88400FFE70320A6
:10D750008DF81F005FE0FFE706980068006840074B
:10D76000002842D5FFE70698059B6A466FF07E4188
:10D7700011604FF48001002200F06AFDA0B3FFE7C2
:10D78000FFE7FFE70698006850E8000F20F490706C
:10D790000390FFE703990698026842E8001000280A
:10D7A000F0D1FFE7FFE7FFE7FFE70698006850E8E2
:10D7B000020F20F001000290FFE70299069802682C
:10D7C00042E802100028F0D1FFE7FFE70699202089
:10D7D000C1F88C00FFE70699002081F88400FFE77C
:10D7E00003208DF81F0016E0FFE706992020C1F8FE
:10D7F00088000699C1F88C0006990020C866069931
:10D800000867FFE70699002081F88400FFE7002001
:10D810008DF81F00FFE79DF81F0008B080BD0000D5
:10D8200080B582B001900198806B00900099002033
:10D83000A1F85E000098FDF797FE02B080BD0000E1
:10D8400084B00390FFE7FFE70398006850E8000FFB
:10D8500020F490700290FFE702990398026842E872
:10D8600000100028F0D1FFE7FFE7FFE7FFE703988C
:10D87000006850E8020F4FF6FE71CEF6FF710840C7
:10D880000190FFE701990398026842E8021000281E
:10D89000EDD1FFE7FFE70398C06E012814D1FFE741
:10D8A000FFE7FFE70398006850E8000F20F0100042
:10D8B0000090FFE700990398026842E800100028F2
:10D8C000F0D1FFE7FFE7FFE703992020C1F88C00C4
:10D8D00003990020C8660399486704B070470000A8
:10D8E00080B582B00190FFE7FFE70198006850E83B
:10D8F000000F20F040000090FFE7009901980268B7
:10D9000042E800100028F0D1FFE7FFE7019920204E
:10D91000C1F888000199002088670198FEF744FB50
:10D9200002B080BD0000000080B59CB01B900020BC
:10D930008DF85F001B98006840F60041C5F60001B5
:10D94000884201D1FFE700E0FFE71B9988680B6977
:10D950004A69C9691843104308431A901B98006824
:10D96000006846F6F311CCF6FF7108401A99084397
:10D970001B99096808601B980068406820F44050B3
:10D980001B9A1168D268104348601B9880691A90EE
:10D990001B98006840F60041C5F60001884206D099
:10D9A000FFE71B98016A1A9808431A90FFE71B9833
:10D9B000006880684FF2FF41C1F2FF1108401A99D8
:10D9C00008431B99096888601B980068C06A20F0AA
:10D9D0000F001B9A1168526A1043C862FFE71B9838
:10D9E000006841F20001C4F20101884240F0418028
:10D9F000FFE744F25440C5F60200006800F038002A
:10DA000001460E9128282FD80E99DFE801F0152D38
:10DA10002D2D2D2D2D2D192D2D2D2D2D2D2D1D2D5A
:10DA20002D2D2D2D2D2D212D2D2D2D2D2D2D252D3A
:10DA30002D2D2D2D2D2D290001208DF8650017E0AD
:10DA400004208DF8650013E008208DF865000FE0D4
:10DA500010208DF865000BE020208DF8650007E0B0
:10DA600040208DF8650003E080208DF86500FFE719
:10DA7000D6E11B98006844F20041C4F200018842DC
:10DA80002ED1FFE744F25440C5F60200006800F0D2
:10DA9000070001460D9105281DD80D99DFE801F01A
:10DAA00003070B0F131700208DF8650017E0042003
:10DAB0008DF8650013E008208DF865000FE0102058
:10DAC0008DF865000BE020208DF8650007E0402010
:10DAD0008DF8650003E080208DF86500FFE79EE18A
:10DAE0001B98006844F60001C4F2000188422ED160
:10DAF000FFE744F25440C5F60200006800F007005A
:10DB000001460C9105281DD80C99DFE801F00307A8
:10DB10000B0F131700208DF8650017E004208DF817
:10DB2000650013E008208DF865000FE010208DF8E7
:10DB300065000BE020208DF8650007E040208DF89F
:10DB4000650003E080208DF86500FFE766E11B9823
:10DB5000006844F60041C4F2000188422ED1FFE77C
:10DB600044F25440C5F60200006800F00700014688
:10DB70000B9105281DD80B99DFE801F003070B0F67
:10DB8000131700208DF8650017E004208DF865005C
:10DB900013E008208DF865000FE010208DF8650077
:10DBA0000BE020208DF8650007E040208DF865002F
:10DBB00003E080208DF86500FFE72EE11B980068E8
:10DBC00045F20001C4F2000188422ED1FFE744F281
:10DBD0005440C5F60200006800F0070001460A91B3
:10DBE00005281DD80A99DFE801F003070B0F13176A
:10DBF00000208DF8650017E004208DF8650013E023
:10DC000008208DF865000FE010208DF865000BE00E
:10DC100020208DF8650007E040208DF8650003E0C6
:10DC200080208DF86500FFE7F6E01B98006841F260
:10DC30000041C4F20101884240F04180FFE744F214
:10DC40005440C5F60200006800F038000146099112
:10DC500028282FD80999DFE801F0152D2D2D2D2D1D
:10DC60002D2D192D2D2D2D2D2D2D1D2D2D2D2D2D08
:10DC70002D2D212D2D2D2D2D2D2D252D2D2D2D2DE8
:10DC80002D2D290001208DF8650017E004208DF866
:10DC9000650013E008208DF865000FE010208DF876
:10DCA00065000BE020208DF8650007E040208DF82E
:10DCB000650003E080208DF86500FFE7ABE01B986E
:10DCC000006847F60001C4F2000188422ED1FFE748
:10DCD00044F25440C5F60200006800F00700014617
:10DCE000089105281DD80899DFE801F003070B0FFC
:10DCF000131700208DF8650017E004208DF86500EB
:10DD000013E008208DF865000FE010208DF8650005
:10DD10000BE020208DF8650007E040208DF86500BD
:10DD200003E080208DF86500FFE773E01B98006832
:10DD300047F60041C4F2000188422ED1FFE744F2C9
:10DD40005440C5F60200006800F007000146079144
:10DD500005281DD80799DFE801F003070B0F1317FB
:10DD600000208DF8650017E004208DF8650013E0B1
:10DD700008208DF865000FE010208DF865000BE09D
:10DD800020208DF8650007E040208DF8650003E055
:10DD900080208DF86500FFE73BE01B98006840F6A7
:10DDA0000041C5F6000188422ED1FFE744F25840F9
:10DDB000C5F60200006800F007000146069105283C
:10DDC0001DD80699DFE801F003070B0F1317022097
:10DDD0008DF8650017E004208DF8650013E0082039
:10DDE0008DF865000FE010208DF865000BE0202015
:10DDF0008DF8650007E040208DF8650003E0802085
:10DE00008DF86500FFE703E080208DF86500FFE7EF
:10DE1000FFE7FFE7FFE7FFE7FFE7FFE7FFE7FFE7D2
:10DE2000FFE71B98006840F60041C5F600018842F4
:10DE300040F0B480FFE79DF8650001460591022897
:10DE400014D0FFE70598042814D0FFE705980828A8
:10DE500016D0FFE70598102818D0FFE7059820286E
:10DE600035D0FFE70598402837D03AE0F9F738F980
:10DE70000F903CE013A8F9F79FFA14980F9036E042
:10DE800010A8F9F7F1FB11980F9030E044F2004030
:10DE9000C5F60200006800F020010020B0EB511F21
:10DEA0000ED0FFE744F20040C5F602000068C0F360
:10DEB000C10149F20000C0F2D030C8400F9005E027
:10DEC00049F20000C0F2D0300F90FFE70FE040F6BB
:10DED0000010C0F23D000F9009E04FF400400F9099
:10DEE00005E000200F9001208DF85F00FFE70F98FC
:10DEF000002852D0FFE70F981B994A6A4FF670210D
:10DF0000C0F6000131F81210B0FBF1F0169016982F
:10DF10001B99496801EB4101884207D3FFE7169836
:10DF20001B994968B0EB013F04D9FFE701208DF848
:10DF30005F0031E00F981B994A6803924A6A4FF6D6
:10DF40007021C0F6000131F8122000230493194615
:10DF5000F2F7C2F9039A049B090241EA1061000238
:10DF600010EB520041F10001F2F7B6F91890189841
:10DF7000B0F5407F0BD3FFE718990020B0EB115F9D
:10DF800005D1FFE718981B990968C86003E00120D4
:10DF90008DF85F00FFE7FFE7FFE746E11B98C069E8
:10DFA000B0F5004F40F0A880FFE79DF865000146FE
:10DFB0000291402800F263800299DFE801F02125F8
:10DFC0006060296060602F606060606060603560E4
:10DFD000606060606060606060606060606056604B
:10DFE0006060606060606060606060606060606031
:10DFF00060606060606060606060606060605C0085
:10E00000FBF77AFD0F9040E0FBF78AFD0F903CE0B4
:10E0100013A8F9F7D1F914980F9036E010A8F9F782
:10E0200023FB11980F9030E044F20040C5F6020047
:10E03000006800F020010020B0EB511F0ED0FFE778
:10E0400044F20040C5F602000068C0F3C10149F285
:10E050000000C0F2D030C8400F9005E049F2000047
:10E06000C0F2D0300F90FFE70FE040F60010C0F292
:10E070003D000F9009E04FF400400F9005E00020B4
:10E080000F9001208DF85F00FFE70F9898B3FFE72E
:10E090000F981B9A5168536A4FF67022C0F600021F
:10E0A00032F81320B0FBF2F0400000EB5100B0FB5F
:10E0B000F1F018901898102818D3FFE7BDF8620007
:10E0C000A0B9FFE7189820F00F00ADF86600189887
:10E0D00000F00E01BDF8660040EA5100ADF86600A0
:10E0E000BDF866001B990968C86003E001208DF83F
:10E0F0005F00FFE7FFE797E09DF8650001460191AB
:10E10000402800F263800199DFE801F0212560607A
:10E11000296060602F606060606060603560606092
:10E1200060606060606060606060606056606060F9
:10E1300060606060606060606060606060606060DF
:10E140006060606060606060606060605C00FBF701
:10E15000D3FC0F9040E0FBF7E3FC0F903CE013A8EA
:10E16000F9F72AF914980F9036E010A8F9F77CFA1D
:10E1700011980F9030E044F20040C5F602000068AC
:10E1800000F020010020B0EB511F0ED0FFE744F259
:10E190000040C5F602000068C0F3C10149F200006A
:10E1A000C0F2D030C8400F9005E049F20000C0F244
:10E1B000D0300F90FFE70FE040F60010C0F23D00B6
:10E1C0000F9009E04FF400400F9005E000200F9001
:10E1D00001208DF85F00FFE70F9820B3FFE70F984D
:10E1E0001B9A5168536A4FF67022C0F6000232F84B
:10E1F0001320B0FBF2F000EB5100B0FBF1F01890EF
:10E20000189810280AD3FFE7BDF8620030B9FFE77D
:10E21000BDF860001B990968C86003E001208DF813
:10E220005F00FFE7FFE7FFE7FFE71B990120A1F889
:10E230006A001B99A1F868001B99002048671B9988
:10E2400088679DF85F001CB080BD000000000000E2
:10E2500080B586B0DDF820C0049003918DF80B20C6
:10E260000193FFE704980068C06903990840401AC9
:10E27000B0FA80F040099DF80B10884266D1FFE7A4
:10E2800008980130002860D0FFE7F8F78DFD01996C
:10E29000401A0899884203D8FFE7089820B9FFE799
:10E2A00003208DF8170055E00498006800684007C7
:10E2B000002849D5FFE70398802845D0FFE7039859
:10E2C000402841D0FFE704980068C06900F00801C9
:10E2D0000120B0EBD10F16D1FFE7049801680820A8
:10E2E000009008620498FFF7ABFA00980499C1F80F
:10E2F0009000FFE70499002081F88400FFE70120E7
:10E300008DF8170026E004980068C06900F40061E9
:10E310000120B0EBD12F16D1FFE7049801684FF42C
:10E32000006008620498FFF78BFA04992020C1F876
:10E330009000FFE70499002081F88400FFE70320A4
:10E340008DF8170006E0FFE7FFE78BE700208DF868
:10E350001700FFE79DF8170006B080BD0000000021
:10E36000FFE7FEE70000000081B0ADF80200BDF954
:10E37000020000280ED4FFE7BDF9021001F01F02D1
:10E38000012090404A094EF20011CEF2000141F8FE
:10E390002200FFE701B070474EF60C50CEF20000AD
:10E3A0000068C0F30220704782B0ADF8060000910B
:10E3B000BDF9060000280AD4FFE700980001BDF966
:10E3C00006104EF20042CEF2000288540BE0009894
:10E3D0000001BDF8061001F00F014EF61452CEF206
:10E3E00000028854FFE702B0704700000000000000
:10E3F00083B00290029800F0070000904EF60C5196
:10E40000CEF200010868019001984FF6FF0210401B
:10E4100001900198009A40EA02200022C0F2FA52CC
:10E42000104301900198086003B07047000000009D
:10E4300080B582B00190009140F2B420C2F2010098
:10E4400001A901224FF47A73FDF712FD019802B081
:10E4500080BD00000000000080B588B0002004905E
:10E46000FDF792FF4EF61450CEF2000000688003D4
:10E47000002801D5FFE71AE0BFF34F8FBFF36F8F7E
:10E480004EF65071CEF2000100200860BFF34F8FAE
:10E49000BFF36F8F4EF61451CEF20001086840F4BE
:10E4A00000300860BFF34F8FBFF36F8FFFE74EF66A
:10E4B0001450CEF200000068C003002801D5FFE729
:10E4C0003CE04EF68451CEF2000100200860BFF31C
:10E4D0004F8F4EF68050CEF20000006807900798EC
:10E4E000C0F34E300690FFE70798C0F3C9000590CF
:10E4F000FFE706990598800761F34D104EF66071AD
:10E50000CEF2000108600598411E05910028F0D167
:10E51000FFE70698411E06910028E5D1FFE7BFF30B
:10E520004F8F4EF61451CEF20001086840F480304F
:10E530000860BFF34F8FBFF36F8FFFE7F8F74CFC16
:10E54000FEF7E2FBFEF708F8FDF7EAFFFEF7D0F86A
:10E55000FEF74AF9FEF700F9FDF77EFFFEF74CF8EB
:10E56000FEF792F840F21C20C2F201000290FCF784
:10E5700013FC40F2D010C2F201000190FCF70CFC39
:10E580000298FCF78DFC0198FCF78AFC029802685F
:10E5900000215162FCF784FBFFE740F2D000C2F299
:10E5A00000000078012858D1FFE740F2D001C2F204
:10E5B0000001002000900870F3F70EFC0098039013
:10E5C000FFE70398B0F5805F18DAFFE7039940F2A0
:10E5D0000000C2F2044000EBC10090ED000AB7EE6B
:10E5E000C00A40F2E000C2F2000000EBC10080ED82
:10E5F000000BFFE7039801300390E2E7F3F7CCFC50
:10E6000048F2E800C2F2000001684FF69220C0F61E
:10E61000000000F023F848F2EC00C2F200000168AC
:10E620004FF6A120C0F6000000F018F848F2E00014
:10E63000C2F2000001684FF6B020C0F6000000F002
:10E640000DF848F2E400C2F2000001684FF6BF2066
:10E65000C0F6000000F002F8FFE79EE70FB4054B9C
:10E6600010B503A9044A029800F042FD10BC5DF801
:10E6700014FB000031E400080000002003B40198FE
:10E680004100009850EAC12018BF04204A0D18BF6D
:10E6900040F0010040F2FF72B2EB515F08BF40F062
:10E6A0000200012808BF052002B0704700000000EA
:10E6B00070B565482DED020B2DED048B059D25F001
:10E6C0000044A04218DC6148844202DC0AD104986C
:10E6D00040B19DED040BBDEC048B02B0BDE8704071
:10E6E00000F012BC002DCCBF9FED590B9FED5A0BD3
:10E6F000BDEC048B02B070BD5948A04215DD5948ED
:10E70000A042D8BF4FF0FF3455DD9DED040B51EC16
:10E71000100BFFF7B3FF042808BF00F005FC9DEDC8
:10E72000040BBDEC048B02B070BD9DED040B51ECED
:10E73000100B01F074F8CDE904014B48B7EE000B63
:10E74000A0421CDD4948A0420BDD9DED042B0024B6
:10E75000B0EE001B12EE010B32EE011B80EE012B1E
:10E7600027E09DED041B012431EE401B9DED042BA1
:10E7700032EE000B81EE002B8DED042B1BE03C48AC
:10E78000A0420FDD9DED042B0224B7EE081B32EEF4
:10E79000412B9DED043B03EE010B82EE001B8DED42
:10E7A000041B08E09DED040B0324BFEE001B81EE6B
:10E7B000002B8DED042B9DED040B20EE009B29EE2C
:10E7C000098BB0EE480B2B480621784400F012FB71
:10E7D00020EE099BB0EE480B27480521784400F055
:10E7E00009FB20EE080B002C0BDA39EE001B9DED27
:10E7F000040B9DED042B02EE410BBDEC048B02B02B
:10E8000070BD1E48784400EBC40090ED001B39EE4B
:10E81000000B9DED042B12EE001B9DED040B31EE61
:10E82000400B1748784400EBC40090ED001B31EE1C
:10E83000400B002DB8BFB1EE400BBDEC048B02B015
:10E8400070BD000000000000000010440000F07FD8
:10E85000182D4454FB21F93F182D4454FB21F9BFD6
:10E860000000DC3F0000203E0000F33F0000E63FD8
:10E870000080034022110000E8100000A0100000FA
:10E88000601000000000000010B529499FED261B14
:10E890002DED020B84B0059820F000408842D8BFCF
:10E8A0009DED040B2DDD2349884209D1049840B920
:10E8B0004FF0010000F054FB00F02AFB06B010BD41
:10E8C00005DB9DED040B30EE000B06B010BD684675
:10E8D0009DED040B00F0A8F810F0030004BF9DEDBF
:10E8E000021B9DED000B0CD001280ED09DED021BEC
:10E8F0009DED000B022810D0012000F0B5FA06B003
:10E9000010BD00F015FA06B010BD9DED021B9DED87
:10E91000000B012000F0A8FA01E000F009FAB1EEC6
:10E92000400B06B010BD0000000000000000000019
:10E93000FB21E93F0000F07F10B529499FED261B20
:10E940002DED020B84B0059820F000408842DCBF1A
:10E9500000209DED040B2EDD2249884209D1049848
:10E9600040B94FF0010000F0FBFA00F0D1FA06B018
:10E9700010BD05DB9DED040B30EE000B06B010BDA5
:10E9800068469DED040B00F04FF810F003000DD029
:10E99000012814D09DED021B9DED000B022816D01E
:10E9A00000F0C6F9B1EE400B06B010BD9DED021BA4
:10E9B0009DED000B012000F057FA06B010BD9DED53
:10E9C000021B9DED000B00F0B3F906B010BD012055
:10E9D00000F04AFAE6E70000000000000000000036
:10E9E000FB21E93F0000F07F10B52DED028BB1EE69
:10E9F000C08A18EE100A20F00040C0F1FF40C00F9E
:10EA00000AD010EE100A20F00040C0F1FF40C00F05
:10EA100004BF012000F0A4FAB0EE480ABDEC028B5E
:10EA200010BD0000000000002DE9F14F04462DED5F
:10EA3000020B2DED048B94B09FED9D0B80ED020B2E
:10EA4000199E9D4826F0004585420ADC9DED180B75
:10EA5000002084ED000B14B0BDEC048B03B0BDE8C6
:10EA6000F08F96489FED969B9FED978BA84225DDF2
:10EA700097489FED991B9FED9A2B9DED180B002E4B
:10EA80000DDD30EE490B854212BF30EE480B30EE03
:10EA9000410B30EE420B84ED000B0120DBE730EE42
:10EAA000090B854212BF30EE080B30EE010B30EE41
:10EAB000020B84ED000B4FF0FF30CCE78A48A842F0
:10EAC00053DB9DED180B51EC100B00F0A8FE41EC50
:10EAD000100BB0EE401B9FED862BB6EE000B01EE47
:10EAE000020BFDEEC00B10EE903A00EE903AB8EE3D
:10EAF000E02BB0EE410B02EE490B22EE081BDFF8D3
:10EB0000F8C1290D0120FC4430EE411B84ED001BAF
:10EB100003281DD011EE902A00EB4015113DC2F3E1
:10EB20000A528A1A954213DAB0EE403B0CEB0012FF
:10EB300092ED000B20EE021B33EE410B33EE403B17
:10EB400033EE411B92ED023B12EE031B401CDBE750
:10EB5000002EA8BF1846BFF67EAF94ED000BB1EEB5
:10EB6000400B84ED000B584275E7C6F3130040F4E8
:10EB7000801EC6F30A50A0F2F530471100F01F05C1
:10EB8000C5F12000DDF860B01390002008900990D6
:10EB900005200DF1080C5949002D07EB00027944BE
:10EBA00008BF51F8221009D051F8223001EB820140
:10EBB000AB404A68139922FA01F11943A1FB0E26D2
:10EBC000A1FB0B131A449A4234BF0123002303EB29
:10EBD00006080CEB8003D3E901A60E448E4234BF35
:10EBE0000121002192448A4411B1924502D903E0E7
:10EBF000924501D2012100E00021C3E901A6414470
:10EC00004CF82010011EA0F10100C4DC04989DED19
:10EC1000050A00F10050810F0498DDED060A80001E
:10EC20009DED072A01EE100AB8EEC13BB8EE401B7D
:10EC30009FED334B21EE041BB8EE600B9FED324B82
:10EC400020EE040BB8EE422B9FED314B22EE042B4D
:10EC500030EE024B34EE014B34EE034B8DED004BA6
:10EC6000002000909DED004B34EE433B33EE411B02
:10EC700031EE400B32EE401B9DED000B9FED262B3D
:10EC800020EE020B9FED262B01EE020B9DED001BEB
:10EC90009FED252B01EE020B199810F0004F1CBFC1
:10ECA0004942B1EE400B84ED000B0846D3E600006C
:10ECB0000000000000000000FB21E93F7CD9024079
:10ECC00000004054FB21F93F3163621A61B4D03D2A
:10ECD000FB21F93F000000000000601A61B4D03D44
:10ECE0007370032E8A19A33BFB21394100000000F9
:10ECF00083C8C96D305FE43F460E0000DE0D0000A2
:10ED0000000000000000103E000000000000103C69
:10ED1000000000000000103A3326A611460B113CFB
:10ED2000182D4454FB21F93D00000054FB21F93D0E
:10ED300010B52DED040B2DED048B82B0B0EE419B90
:10ED4000079820F00044B4F1795F0FDA9DED060BCF
:10ED5000BDEEC00B10EE100A002801BFB7EE000B8D
:10ED600002B0BDEC048B04B008BF10BD9DED060BD6
:10ED700020EE008BB0EE480B1B480621784400F0D3
:10ED800039F820EE080B28EE000B9DED061B01EE76
:10ED9000490BB6EE001B28EE011B1448B7EE002B02
:10EDA0008442BCBF31EE400B32EE400B16DB104804
:10EDB000A042BCBFB5EE023B8DED003B06DBA4F5E7
:10EDC00000100190002000909DED003B31EE431BB0
:10EDD00032EE432B31EE400B32EE400B02B0BDEC75
:10EDE000048B04B010BD0000A00B00003333D33FF0
:10EDF0000000E93FB0EE401B491E00EBC10292ED5E
:10EE0000000B31F006020DD0491E00EBC10292ED5D
:10EE1000002BB0EE403BB0EE420B03EE010B31F0A5
:10EE20000602F1D1022914D004290AD0062918BFFC
:10EE3000704790ED0A2B00EE012B90ED080B02EECF
:10EE4000010B90ED062B00EE012B90ED040B02EE72
:10EE5000010B90ED022B00EE012B90ED000B02EE6A
:10EE6000010B70470000000031B504462DED040B86
:10EE70002DED068BB0EE419B07989DED060B20F023
:10EE80000040B0F1795F0DDA51EC100BFFF7F6FBA3
:10EE9000042808BF00F048F89DED060BBDEC068B7A
:10EEA00005B030BD20EE008B28EE00ABB0EE480B75
:10EEB000114805217844FFF79DFF9FED111B8CB190
:10EEC000B6EE002B29EE022B0AEE402B18EE029B29
:10EED0000AEE419B9DED060B30EE490BBDEC068B17
:10EEE00005B030BD08EE001B9DED060B0AEE010BD0
:10EEF000BDEC068B05B030BD680B000000000000C3
:10EF0000495555555555C5BF30EE000B70470000AB
:10EF10009FED031B81EE010B704700000000000015
:10EF200000000000000000009FED030B20EE000B2E
:10EF3000704700000000000000000000000000100A
:10EF400002E008C8121F08C1002AFAD170477047B2
:10EF5000002001E001C1121F002AFBD17047000010
:10EF60000149086070470000080000202DE9FF5F9C
:10EF700082B00021DDE90430020DDDF840B003432A
:10EF800018D044F61050A2F2FF32424315141198E3
:10EF900001281FD0A5EB0B00401C5FEA000A4FF0D0
:10EFA00000064E4FDFF83891B046504615D5CAF1ED
:10EFB000000413E0119801244AA3012801D16FEA4B
:10EFC0000B010298119AC0E90031C0E9024206B073
:10EFD000BDE8F09FCBF10000DFE704460021404A86
:10EFE000491842EB0450CDE9001012E0E00707D0C9
:10EFF00032463B4640464946F1F791FA80468946FB
:10F0000032463B4610461946F1F789FA06460F4646
:10F010006410002CEAD1DDE90401DDE90023BAF136
:10F02000000F06DAF1F77BFA42464B46F1F777FA22
:10F0300005E0F1F7E6FA42464B46F1F7E2FA0446FC
:10F040000E460022284BF1F763FB03D84FF0FF3048
:10F05000014607E00022254B20463146F1F7B8F97A
:10F06000F1F73EFB102409E0002C0ADB0A22002302
:10F07000F1F732F9039B30321A55641E50EA01024F
:10F08000F2D1641C039AC4F111031444119A012AA9
:10F0900003D0012208430DD10AE0084304D0002028
:10F0A0004FF0110B119072E7A3EB0B056D1E0DE0F5
:10F0B0005B4504DD4FF0000205F1010504E003DAD1
:10F0C0004FF00002A5F10105002AECD00298119939
:10F0D000C0E90231C0E9004579E7000000001440B2
:10F0E0000000F03F300000000000F0430000E03F6F
:10F0F0002DE9FF4F95B09B468946064600250FE255
:10F10000252877D100242746F84A0121059400E0FC
:10F11000044316F8013F203B01FA03F01042F7D1F7
:10F1200030782A2811D06FF02F033078A0F1300208
:10F13000092A16D8059A44F0020402EB820203EB76
:10F1400042021044761C0590EFE759F8042B059213
:10F15000002A03DA504244F40054059044F00204BB
:10F16000761C30782E2816D116F8010F44F00404CE
:10F170002A280DD06FF02F023078A0F13003092B30
:10F1800009D807EB870302EB4303C718761CF3E7A4
:10F1900059F8047B761C30786C280FD006DC4C289C
:10F1A00017D068280DD06A2814D104E0742810D034
:10F1B0007A280FD10DE044F400140AE044F48014DE
:10F1C00001E044F440147278824202D104F58014C4
:10F1D000761C761C307866280BD013DC582877D044
:10F1E00009DC002875D04528F6D04628F4D04728F9
:10F1F0001AD19DE118E0632835D0642879D06528BC
:10F2000012D195E1702873D008DC6728F1D0692805
:10F210006FD06E280DD06F2806D1B5E073282CD0A2
:10F22000752875D0782874D05A46179990476D1C68
:10F2300075E1C4F30250022809D003280DD0D9F893
:10F24000001004280DD00D6009F1040967E1D9F818
:10F250000010EA17C1E90052F6E7D9F800100D8056
:10F26000F2E70D70F0E719F8041B8DF8001000208C
:10F270008DF80100EA46012003E059F804AB4FF095
:10F28000FF3061074FF0000102D40DE008F10101E9
:10F290008846B9420FDA8045F8DB1AF808100029D1
:10F2A000F4D108E008F1010188468142FADB1AF83E
:10F2B00008100029F6D105985B46A0EB0807214607
:10F2C0003846179A00F094FA284400EB080507E046
:10F2D0004DE029E10DE01AF8010B5A4617999047C5
:10F2E000B8F10108F7D25B4621463846179A13E178
:10F2F00042E00A220092C4F302524FF0000A022AAE
:10F3000008D059F804CB032A4FEAEC710AD00DE07B
:10F3100029E02AE009F1070121F00702F2E802C121
:10F32000914609E00FFA8CFC4FEAEC71042A03D1F4
:10F330004FFA8CFC4FEAEC71002907DA0A460021EB
:10F34000DCF1000C61EB02012D2202E0220504D564
:10F350002B228DF80420012203E0E20701D02022B5
:10F36000F7E7904659E00A2102E010220DE0102153
:10F370004FF0000A00910BE010224FF0000A44F019
:10F3800004040827009203E008224FF0000A0092CC
:10F39000C4F30252022A05D059F804CB0021032AF3
:10F3A00008D009E009F1070121F00702F2E802C1E3
:10F3B000914605E01FFA8CFC042A01D10CF0FF0CE9
:10F3C0004FF00008220728D5702806D0009B83F054
:10F3D000100353EA0A0305D00EE040228DF8042002
:10F3E000012208E05CEA010206D030228DF80420F8
:10F3F0008DF8050002229046009B83F0080353EA33
:10F400000A030AD15CEA010201D1620705D5302264
:10F410008DF804204FF001087F1E582804D034A036
:10F4200003900EA802900DE036A0F9E7534660461F
:10F43000009AF0F751FF84460398825C0298401EC0
:10F44000029002705CEA0100F0D1029806A9081A45
:10F4500000F1200A600702D524F4803400E001277F
:10F46000574502DDA7EB0A0000E0002000EB0A018F
:10F47000009005984144401A0590E00306D45B468D
:10F480002146179A059800F0B3F90544002706E0D5
:10F4900001A85A46C05D179990476D1C7F1C4745CF
:10F4A000F6DBE0030CD55B462146179A059800F081
:10F4B0009FF9054404E030205A46179990476D1C87
:10F4C0000099481E00900029F5DC08E00298029996
:10F4D0005A460078491C0291179990476D1CBAF161
:10F4E0000001AAF1010AF1DC65E100000928010030
:10F4F00030313233343536373839616263646566AA
:10F50000000000003031323334353637383941426B
:10F51000434445460000000000F058F90544761CBD
:10F52000307800287FF4ECAD19B02846BDE8F08FA4
:10F53000620700D4062709F1070222F0070CFCE855
:10F540000223E14603F000485FEA080C02D00FF204
:10F55000702C0DE05FEA045C02D50FF2682C07E026
:10F560005FEAC47C02D00FF2602C01E0AFF2700CB5
:10F570004FF0FF3823F00043CDF850C065280CD081
:10F5800006DC452809D046281DD047283DD13DE05E
:10F59000662818D067287ED138E00021112F01DBC2
:10F5A000112000E0781CCDE9000106A90EA8FFF7A4
:10F5B000DDFCDDE90F010E9A03910021009207F1B5
:10F5C000010A04914DE04FF000400097CDE9011091
:10F5D00006A90EA8FFF7CAFCDDE90F0203920E9BF5
:10F5E00011990022DDF80CA00093049211B9791C46
:10F5F00000EB010AB7EB0A0004D4C0F1FF3007F1B9
:10F60000010A0490AAEB0700019044E0012F00DA00
:10F6100001270021112F01DD112000E03846CDE93E
:10F62000000106A90EA8FFF7A1FCDDE90F010E9A63
:10F630000391002104910092BA4621070CD403994A
:10F64000514500DA8A46BAF1010F05DD009AAAF1A8
:10F650000101515C302908D0B84202DA10F1040FE0
:10F6600006DA0121CDE9011015E0AAF10101E9E76F
:10F67000002805DC049901440491AAEB000102E092
:10F68000411C514500DD8A460499401A401C0190F6
:10F690004FF000400290200704D40198504501DB50
:10F6A000CDF8048000208DF84F0002980DF14F072F
:10F6B000B0F1004F25D02B200E9002984FF0020899
:10F6C00000280CDA404202902D200E9007E00A211B
:10F6D0000298F0F748FE3031029007F8011DB8F1AA
:10F6E0000001A8F10108F2DC02980028EFD1791E90
:10F6F0000E980870307800F0200040F0450007F8C0
:10F70000020D12A8C01B00F107081498007800B180
:10F71000012000EB0A01019801EBE07105984144DA
:10F72000401A401E0590E00306D45B462146179A16
:10F73000059800F05DF805441498007818B15A4611
:10F74000179990476D1CE00324D55B462146179A14
:10F75000059800F04DF805441CE00498002807DBEC
:10F76000DDE90301884203DD0098405C179901E060
:10F77000179930205A469047049805F10105401C1E
:10F7800004900198401E019004D12E205A461799EA
:10F7900090476D1CBAF10001AAF1010ADDDC05E019
:10F7A00017F8010B5A46179990476D1CB8F10001E4
:10F7B000A8F10108F4DC5B462146179A0598ABE6F0
:10F7C0002D0000002B000000200000002DE9F0417A
:10F7D000044600251E461746880404D405E0394631
:10F7E0002020B0476D1C641EF9D52846BDE8F08185
:10F7F0002DE9F041044600251E469046C80301D578
:10F80000302700E02027880404D505E0414638462B
:10F81000B0476D1C641EF9D52846BDE8F08182B062
:10F82000CDE9000121F0004001909DED000B02B0F8
:10F8300051EC100B7047000010B5002821D0114B7F
:10F840000022001F196803E0814203D80A46496874
:10F850000029F9D152B11368841A9C4204D100687E
:10F8600018441060104602E0506000E0186039B1A2
:10F8700002680B1A934203D10B681A44026049686C
:10F88000416010BD040000204FBB610567ACDD3F47
:10F89000182D4454FB21E93F9BF681D20B73EF3FB7
:10F8A000182D4454FB21F93FE2652F227F2B7A3C2F
:10F8B000075C143326A6813CBDCBF07A8807703CE8
:10F8C000075C143326A6913CC4EB98999999C9BF5B
:10F8D000711623FEC671BCBF6D9A74AFF2B0B3BF90
:10F8E0009AFDDE522DDEADBF2F6C6A2C44B4A2BF50
:10F8F0000D5555555555D53FFF8300922449C23FBC
:10F900006E204CC5CD45B73F513DD0A0660DB13FEF
:10F91000EB0D76244B7BA93F11DA22E33AAD903F01
:10F920004C5555555555A53F7751C1166CC156BF1D
:10F930009015CB19A001FA3EAD529C804F7E92BE2D
:10F94000C4B1B4BD9EEE213ED43888BEE9FAA8BD4C
:10F9500000004054FB21F93F3163621A61B4D03D8D
:10F960000000601A61B4D03D7370032E8A19A33B66
:10F970000000002E8A19A33BC14920259A837B39B8
:10F9800000000000000000006E83F9A22915444E1B
:10F99000D15727FCC0DD34F5999562DB4190433C9B
:10F9A000AB6351FE61C5BBDE3A6E24B7E0D24D4277
:10F9B000EA2E49061C92D1091CEB1DFE3EA729B177
:10F9C000F53582E88444BB2E26709CE9417E5FB405
:10F9D00039D69139F43953838B5F849C3B28F9BD28
:10F9E000FF97F81F0F9805DE8B112FEF1F6D0A5A36
:10F9F000CF7E366DB709CB27663F464F2DEA5F9E17
:10FA0000C7BA27757BF1E5EBF739073DEA92528AD1
:10FA1000B15FFB6B085D8D1F463003560000000090
:10FA2000A6F810111111813FD561C119A0012ABF9B
:10FA30007DFEB157E31DC73EEB9C2B8AE6E55ABE1F
:10FA40007CD5CF5A3AD9E53D0000000001020304FD
:10FA50000102030406070809000610160006101626
:10FA6000080402040801010101010103070100006B
:10FA7000010002000400060008000A000C0010004B
:10FA80002000400080000001496E20414443310DB8
:10FA90000A0057617665316672653A2025640D0A61
:10FAA0000057617665326672653A2025640D0A005A
:10FAB00057617665317373733A2025640D0A0057D8
:10FAC000617665327373733A2025640D0A005469B8
:10FAD0006D36205472696767657265640D0A0000AF
:10FAE00000FB000800000020D000000040EF0008EC
:10FAF000D0FB0008D00000201077010050EF000874
:10FB000000000000000000000000000001000000F4
:10FB10000090D0030090D003150000000100000009
:10FB20001000000000000000000000000B000000BA
:10FB300005000000170000000A000000220000007D
:10FB40000F0000002E00000014000000390000002B
:10FB500019000000440000001E00000050000000DA
:10FB6000230000005B000000280000006600000089
:10FB70002D00000072000000320000007D00000037
:10FB800037000000890000003C00000094000000E5
:10FB9000410000009F00000046000000AB00000094
:10FBA0004B000000B600000050000000C200000042
:10FBB00055000000CD0000005A000000D8000000F1
:10FBC0005F000000E400000064000000000000008E
:020000042400D6
:1000000000000000000000000000000000000000F0
:1000100000000000000000000000000000000000E0
:1000200000000000000000000000000000000000D0
:1000300000000000000000000000000000000000C0
:1000400000000000000000000000000000000000B0
:1000500000000000000000000000000000000000A0
:100060000000000000000000000000000000000090
:100070000000000000000000000000000000000080
:100080000000000000000000000000000000000070
:100090000000000000000000000000000000000060
:1000A0000000000000000000000000000000000050
:1000B0000000000000000000000000000000000040
:1000C0000000000000000000000000000000000030
:1000D0000000000000000000000000000000000020
:1000E0000000000000000000000000000000000010
:1000F0000000000000000000000000000000000000
:1001000000000000000000000000000000000000EF
:1001100000000000000000000000000000000000DF
:1001200000000000000000000000000000000000CF
:1001300000000000000000000000000000000000BF
:1001400000000000000000000000000000000000AF
:10015000000000000000000000000000000000009F
:10016000000000000000000000000000000000008F
:10017000000000000000000000000000000000007F
:10018000000000000000000000000000000000006F
:10019000000000000000000000000000000000005F
:1001A000000000000000000000000000000000004F
:1001B000000000000000000000000000000000003F
:1001C000000000000000000000000000000000002F
:1001D000000000000000000000000000000000001F
:1001E000000000000000000000000000000000000F
:1001F00000000000000000000000000000000000FF
:1002000000000000000000000000000000000000EE
:1002100000000000000000000000000000000000DE
:1002200000000000000000000000000000000000CE
:1002300000000000000000000000000000000000BE
:1002400000000000000000000000000000000000AE
:10025000000000000000000000000000000000009E
:10026000000000000000000000000000000000008E
:10027000000000000000000000000000000000007E
:10028000000000000000000000000000000000006E
:10029000000000000000000000000000000000005E
:1002A000000000000000000000000000000000004E
:1002B000000000000000000000000000000000003E
:1002C000000000000000000000000000000000002E
:1002D000000000000000000000000000000000001E
:1002E000000000000000000000000000000000000E
:1002F00000000000000000000000000000000000FE
:1003000000000000000000000000000000000000ED
:1003100000000000000000000000000000000000DD
:1003200000000000000000000000000000000000CD
:1003300000000000000000000000000000000000BD
:1003400000000000000000000000000000000000AD
:10035000000000000000000000000000000000009D
:10036000000000000000000000000000000000008D
:10037000000000000000000000000000000000007D
:10038000000000000000000000000000000000006D
:10039000000000000000000000000000000000005D
:1003A000000000000000000000000000000000004D
:1003B000000000000000000000000000000000003D
:1003C000000000000000000000000000000000002D
:1003D000000000000000000000000000000000001D
:1003E000000000000000000000000000000000000D
:1003F00000000000000000000000000000000000FD
:1004000000000000000000000000000000000000EC
:1004100000000000000000000000000000000000DC
:1004200000000000000000000000000000000000CC
:1004300000000000000000000000000000000000BC
:1004400000000000000000000000000000000000AC
:10045000000000000000000000000000000000009C
:10046000000000000000000000000000000000008C
:10047000000000000000000000000000000000007C
:10048000000000000000000000000000000000006C
:10049000000000000000000000000000000000005C
:1004A000000000000000000000000000000000004C
:1004B000000000000000000000000000000000003C
:1004C000000000000000000000000000000000002C
:1004D000000000000000000000000000000000001C
:1004E000000000000000000000000000000000000C
:1004F00000000000000000000000000000000000FC
:1005000000000000000000000000000000000000EB
:1005100000000000000000000000000000000000DB
:1005200000000000000000000000000000000000CB
:1005300000000000000000000000000000000000BB
:1005400000000000000000000000000000000000AB
:10055000000000000000000000000000000000009B
:10056000000000000000000000000000000000008B
:10057000000000000000000000000000000000007B
:10058000000000000000000000000000000000006B
:10059000000000000000000000000000000000005B
:1005A000000000000000000000000000000000004B
:1005B000000000000000000000000000000000003B
:1005C000000000000000000000000000000000002B
:1005D000000000000000000000000000000000001B
:1005E000000000000000000000000000000000000B
:1005F00000000000000000000000000000000000FB
:1006000000000000000000000000000000000000EA
:1006100000000000000000000000000000000000DA
:1006200000000000000000000000000000000000CA
:1006300000000000000000000000000000000000BA
:1006400000000000000000000000000000000000AA
:10065000000000000000000000000000000000009A
:10066000000000000000000000000000000000008A
:10067000000000000000000000000000000000007A
:10068000000000000000000000000000000000006A
:10069000000000000000000000000000000000005A
:1006A000000000000000000000000000000000004A
:1006B000000000000000000000000000000000003A
:1006C000000000000000000000000000000000002A
:1006D000000000000000000000000000000000001A
:1006E000000000000000000000000000000000000A
:1006F00000000000000000000000000000000000FA
:1007000000000000000000000000000000000000E9
:1007100000000000000000000000000000000000D9
:1007200000000000000000000000000000000000C9
:1007300000000000000000000000000000000000B9
:1007400000000000000000000000000000000000A9
:100750000000000000000000000000000000000099
:100760000000000000000000000000000000000089
:100770000000000000000000000000000000000079
:100780000000000000000000000000000000000069
:100790000000000000000000000000000000000059
:1007A0000000000000000000000000000000000049
:1007B0000000000000000000000000000000000039
:1007C0000000000000000000000000000000000029
:1007D0000000000000000000000000000000000019
:1007E0000000000000000000000000000000000009
:1007F00000000000000000000000000000000000F9
:1008000000000000000000000000000000000000E8
:1008100000000000000000000000000000000000D8
:1008200000000000000000000000000000000000C8
:1008300000000000000000000000000000000000B8
:1008400000000000000000000000000000000000A8
:100850000000000000000000000000000000000098
:100860000000000000000000000000000000000088
:100870000000000000000000000000000000000078
:100880000000000000000000000000000000000068
:100890000000000000000000000000000000000058
:1008A0000000000000000000000000000000000048
:1008B0000000000000000000000000000000000038
:1008C0000000000000000000000000000000000028
:1008D0000000000000000000000000000000000018
:1008E0000000000000000000000000000000000008
:1008F00000000000000000000000000000000000F8
:1009000000000000000000000000000000000000E7
:1009100000000000000000000000000000000000D7
:1009200000000000000000000000000000000000C7
:1009300000000000000000000000000000000000B7
:1009400000000000000000000000000000000000A7
:100950000000000000000000000000000000000097
:100960000000000000000000000000000000000087
:100970000000000000000000000000000000000077
:100980000000000000000000000000000000000067
:100990000000000000000000000000000000000057
:1009A0000000000000000000000000000000000047
:1009B0000000000000000000000000000000000037
:1009C0000000000000000000000000000000000027
:1009D0000000000000000000000000000000000017
:1009E0000000000000000000000000000000000007
:1009F00000000000000000000000000000000000F7
:100A000000000000000000000000000000000000E6
:100A100000000000000000000000000000000000D6
:100A200000000000000000000000000000000000C6
:100A300000000000000000000000000000000000B6
:100A400000000000000000000000000000000000A6
:100A50000000000000000000000000000000000096
:100A60000000000000000000000000000000000086
:100A70000000000000000000000000000000000076
:100A80000000000000000000000000000000000066
:100A90000000000000000000000000000000000056
:100AA0000000000000000000000000000000000046
:100AB0000000000000000000000000000000000036
:100AC0000000000000000000000000000000000026
:100AD0000000000000000000000000000000000016
:100AE0000000000000000000000000000000000006
:100AF00000000000000000000000000000000000F6
:100B000000000000000000000000000000000000E5
:100B100000000000000000000000000000000000D5
:100B200000000000000000000000000000000000C5
:100B300000000000000000000000000000000000B5
:100B400000000000000000000000000000000000A5
:100B50000000000000000000000000000000000095
:100B60000000000000000000000000000000000085
:100B70000000000000000000000000000000000075
:100B80000000000000000000000000000000000065
:100B90000000000000000000000000000000000055
:100BA0000000000000000000000000000000000045
:100BB0000000000000000000000000000000000035
:100BC0000000000000000000000000000000000025
:100BD0000000000000000000000000000000000015
:100BE0000000000000000000000000000000000005
:100BF00000000000000000000000000000000000F5
:100C000000000000000000000000000000000000E4
:100C100000000000000000000000000000000000D4
:100C200000000000000000000000000000000000C4
:100C300000000000000000000000000000000000B4
:100C400000000000000000000000000000000000A4
:100C50000000000000000000000000000000000094
:100C60000000000000000000000000000000000084
:100C70000000000000000000000000000000000074
:100C80000000000000000000000000000000000064
:100C90000000000000000000000000000000000054
:100CA0000000000000000000000000000000000044
:100CB0000000000000000000000000000000000034
:100CC0000000000000000000000000000000000024
:100CD0000000000000000000000000000000000014
:100CE0000000000000000000000000000000000004
:100CF00000000000000000000000000000000000F4
:100D000000000000000000000000000000000000E3
:100D100000000000000000000000000000000000D3
:100D200000000000000000000000000000000000C3
:100D300000000000000000000000000000000000B3
:100D400000000000000000000000000000000000A3
:100D50000000000000000000000000000000000093
:100D60000000000000000000000000000000000083
:100D70000000000000000000000000000000000073
:100D80000000000000000000000000000000000063
:100D90000000000000000000000000000000000053
:100DA0000000000000000000000000000000000043
:100DB0000000000000000000000000000000000033
:100DC0000000000000000000000000000000000023
:100DD0000000000000000000000000000000000013
:100DE0000000000000000000000000000000000003
:100DF00000000000000000000000000000000000F3
:100E000000000000000000000000000000000000E2
:100E100000000000000000000000000000000000D2
:100E200000000000000000000000000000000000C2
:100E300000000000000000000000000000000000B2
:100E400000000000000000000000000000000000A2
:100E50000000000000000000000000000000000092
:100E60000000000000000000000000000000000082
:100E70000000000000000000000000000000000072
:100E80000000000000000000000000000000000062
:100E90000000000000000000000000000000000052
:100EA0000000000000000000000000000000000042
:100EB0000000000000000000000000000000000032
:100EC0000000000000000000000000000000000022
:100ED0000000000000000000000000000000000012
:100EE0000000000000000000000000000000000002
:100EF00000000000000000000000000000000000F2
:100F000000000000000000000000000000000000E1
:100F100000000000000000000000000000000000D1
:100F200000000000000000000000000000000000C1
:100F300000000000000000000000000000000000B1
:100F400000000000000000000000000000000000A1
:100F50000000000000000000000000000000000091
:100F60000000000000000000000000000000000081
:100F70000000000000000000000000000000000071
:100F80000000000000000000000000000000000061
:100F90000000000000000000000000000000000051
:100FA0000000000000000000000000000000000041
:100FB0000000000000000000000000000000000031
:100FC0000000000000000000000000000000000021
:100FD0000000000000000000000000000000000011
:100FE0000000000000000000000000000000000001
:100FF00000000000000000000000000000000000F1
:1010000000000000000000000000000000000000E0
:1010100000000000000000000000000000000000D0
:1010200000000000000000000000000000000000C0
:1010300000000000000000000000000000000000B0
:1010400000000000000000000000000000000000A0
:101050000000000000000000000000000000000090
:101060000000000000000000000000000000000080
:101070000000000000000000000000000000000070
:101080000000000000000000000000000000000060
:101090000000000000000000000000000000000050
:1010A0000000000000000000000000000000000040
:1010B0000000000000000000000000000000000030
:1010C0000000000000000000000000000000000020
:1010D0000000000000000000000000000000000010
:1010E0000000000000000000000000000000000000
:1010F00000000000000000000000000000000000F0
:1011000000000000000000000000000000000000DF
:1011100000000000000000000000000000000000CF
:1011200000000000000000000000000000000000BF
:1011300000000000000000000000000000000000AF
:10114000000000000000000000000000000000009F
:10115000000000000000000000000000000000008F
:10116000000000000000000000000000000000007F
:10117000000000000000000000000000000000006F
:10118000000000000000000000000000000000005F
:10119000000000000000000000000000000000004F
:1011A000000000000000000000000000000000003F
:1011B000000000000000000000000000000000002F
:1011C000000000000000000000000000000000001F
:1011D000000000000000000000000000000000000F
:1011E00000000000000000000000000000000000FF
:1011F00000000000000000000000000000000000EF
:1012000000000000000000000000000000000000DE
:1012100000000000000000000000000000000000CE
:1012200000000000000000000000000000000000BE
:1012300000000000000000000000000000000000AE
:10124000000000000000000000000000000000009E
:10125000000000000000000000000000000000008E
:10126000000000000000000000000000000000007E
:10127000000000000000000000000000000000006E
:10128000000000000000000000000000000000005E
:10129000000000000000000000000000000000004E
:1012A000000000000000000000000000000000003E
:1012B000000000000000000000000000000000002E
:1012C000000000000000000000000000000000001E
:1012D000000000000000000000000000000000000E
:1012E00000000000000000000000000000000000FE
:1012F00000000000000000000000000000000000EE
:1013000000000000000000000000000000000000DD
:1013100000000000000000000000000000000000CD
:1013200000000000000000000000000000000000BD
:1013300000000000000000000000000000000000AD
:10134000000000000000000000000000000000009D
:10135000000000000000000000000000000000008D
:10136000000000000000000000000000000000007D
:10137000000000000000000000000000000000006D
:10138000000000000000000000000000000000005D
:10139000000000000000000000000000000000004D
:1013A000000000000000000000000000000000003D
:1013B000000000000000000000000000000000002D
:1013C000000000000000000000000000000000001D
:1013D000000000000000000000000000000000000D
:1013E00000000000000000000000000000000000FD
:1013F00000000000000000000000000000000000ED
:1014000000000000000000000000000000000000DC
:1014100000000000000000000000000000000000CC
:1014200000000000000000000000000000000000BC
:1014300000000000000000000000000000000000AC
:10144000000000000000000000000000000000009C
:10145000000000000000000000000000000000008C
:10146000000000000000000000000000000000007C
:10147000000000000000000000000000000000006C
:10148000000000000000000000000000000000005C
:10149000000000000000000000000000000000004C
:1014A000000000000000000000000000000000003C
:1014B000000000000000000000000000000000002C
:1014C000000000000000000000000000000000001C
:1014D000000000000000000000000000000000000C
:1014E00000000000000000000000000000000000FC
:1014F00000000000000000000000000000000000EC
:1015000000000000000000000000000000000000DB
:1015100000000000000000000000000000000000CB
:1015200000000000000000000000000000000000BB
:1015300000000000000000000000000000000000AB
:10154000000000000000000000000000000000009B
:10155000000000000000000000000000000000008B
:10156000000000000000000000000000000000007B
:10157000000000000000000000000000000000006B
:10158000000000000000000000000000000000005B
:10159000000000000000000000000000000000004B
:1015A000000000000000000000000000000000003B
:1015B000000000000000000000000000000000002B
:1015C000000000000000000000000000000000001B
:1015D000000000000000000000000000000000000B
:1015E00000000000000000000000000000000000FB
:1015F00000000000000000000000000000000000EB
:1016000000000000000000000000000000000000DA
:1016100000000000000000000000000000000000CA
:1016200000000000000000000000000000000000BA
:1016300000000000000000000000000000000000AA
:10164000000000000000000000000000000000009A
:10165000000000000000000000000000000000008A
:10166000000000000000000000000000000000007A
:10167000000000000000000000000000000000006A
:10168000000000000000000000000000000000005A
:10169000000000000000000000000000000000004A
:1016A000000000000000000000000000000000003A
:1016B000000000000000000000000000000000002A
:1016C000000000000000000000000000000000001A
:1016D000000000000000000000000000000000000A
:1016E00000000000000000000000000000000000FA
:1016F00000000000000000000000000000000000EA
:1017000000000000000000000000000000000000D9
:1017100000000000000000000000000000000000C9
:1017200000000000000000000000000000000000B9
:1017300000000000000000000000000000000000A9
:101740000000000000000000000000000000000099
:101750000000000000000000000000000000000089
:101760000000000000000000000000000000000079
:101770000000000000000000000000000000000069
:101780000000000000000000000000000000000059
:101790000000000000000000000000000000000049
:1017A0000000000000000000000000000000000039
:1017B0000000000000000000000000000000000029
:1017C0000000000000000000000000000000000019
:1017D0000000000000000000000000000000000009
:1017E00000000000000000000000000000000000F9
:1017F00000000000000000000000000000000000E9
:1018000000000000000000000000000000000000D8
:1018100000000000000000000000000000000000C8
:1018200000000000000000000000000000000000B8
:1018300000000000000000000000000000000000A8
:101840000000000000000000000000000000000098
:101850000000000000000000000000000000000088
:101860000000000000000000000000000000000078
:101870000000000000000000000000000000000068
:101880000000000000000000000000000000000058
:101890000000000000000000000000000000000048
:1018A0000000000000000000000000000000000038
:1018B0000000000000000000000000000000000028
:1018C0000000000000000000000000000000000018
:1018D0000000000000000000000000000000000008
:1018E00000000000000000000000000000000000F8
:1018F00000000000000000000000000000000000E8
:1019000000000000000000000000000000000000D7
:1019100000000000000000000000000000000000C7
:1019200000000000000000000000000000000000B7
:1019300000000000000000000000000000000000A7
:101940000000000000000000000000000000000097
:101950000000000000000000000000000000000087
:101960000000000000000000000000000000000077
:101970000000000000000000000000000000000067
:101980000000000000000000000000000000000057
:101990000000000000000000000000000000000047
:1019A0000000000000000000000000000000000037
:1019B0000000000000000000000000000000000027
:1019C0000000000000000000000000000000000017
:1019D0000000000000000000000000000000000007
:1019E00000000000000000000000000000000000F7
:1019F00000000000000000000000000000000000E7
:101A000000000000000000000000000000000000D6
:101A100000000000000000000000000000000000C6
:101A200000000000000000000000000000000000B6
:101A300000000000000000000000000000000000A6
:101A40000000000000000000000000000000000096
:101A50000000000000000000000000000000000086
:101A60000000000000000000000000000000000076
:101A70000000000000000000000000000000000066
:101A80000000000000000000000000000000000056
:101A90000000000000000000000000000000000046
:101AA0000000000000000000000000000000000036
:101AB0000000000000000000000000000000000026
:101AC0000000000000000000000000000000000016
:101AD0000000000000000000000000000000000006
:101AE00000000000000000000000000000000000F6
:101AF00000000000000000000000000000000000E6
:101B000000000000000000000000000000000000D5
:101B100000000000000000000000000000000000C5
:101B200000000000000000000000000000000000B5
:101B300000000000000000000000000000000000A5
:101B40000000000000000000000000000000000095
:101B50000000000000000000000000000000000085
:101B60000000000000000000000000000000000075
:101B70000000000000000000000000000000000065
:101B80000000000000000000000000000000000055
:101B90000000000000000000000000000000000045
:101BA0000000000000000000000000000000000035
:101BB0000000000000000000000000000000000025
:101BC0000000000000000000000000000000000015
:101BD0000000000000000000000000000000000005
:101BE00000000000000000000000000000000000F5
:101BF00000000000000000000000000000000000E5
:101C000000000000000000000000000000000000D4
:101C100000000000000000000000000000000000C4
:101C200000000000000000000000000000000000B4
:101C300000000000000000000000000000000000A4
:101C40000000000000000000000000000000000094
:101C50000000000000000000000000000000000084
:101C60000000000000000000000000000000000074
:101C70000000000000000000000000000000000064
:101C80000000000000000000000000000000000054
:101C90000000000000000000000000000000000044
:101CA0000000000000000000000000000000000034
:101CB0000000000000000000000000000000000024
:101CC0000000000000000000000000000000000014
:101CD0000000000000000000000000000000000004
:101CE00000000000000000000000000000000000F4
:101CF00000000000000000000000000000000000E4
:101D000000000000000000000000000000000000D3
:101D100000000000000000000000000000000000C3
:101D200000000000000000000000000000000000B3
:101D300000000000000000000000000000000000A3
:101D40000000000000000000000000000000000093
:101D50000000000000000000000000000000000083
:101D60000000000000000000000000000000000073
:101D70000000000000000000000000000000000063
:101D80000000000000000000000000000000000053
:101D90000000000000000000000000000000000043
:101DA0000000000000000000000000000000000033
:101DB0000000000000000000000000000000000023
:101DC0000000000000000000000000000000000013
:101DD0000000000000000000000000000000000003
:101DE00000000000000000000000000000000000F3
:101DF00000000000000000000000000000000000E3
:101E000000000000000000000000000000000000D2
:101E100000000000000000000000000000000000C2
:101E200000000000000000000000000000000000B2
:101E300000000000000000000000000000000000A2
:101E40000000000000000000000000000000000092
:101E50000000000000000000000000000000000082
:101E60000000000000000000000000000000000072
:101E70000000000000000000000000000000000062
:101E80000000000000000000000000000000000052
:101E90000000000000000000000000000000000042
:101EA0000000000000000000000000000000000032
:101EB0000000000000000000000000000000000022
:101EC0000000000000000000000000000000000012
:101ED0000000000000000000000000000000000002
:101EE00000000000000000000000000000000000F2
:101EF00000000000000000000000000000000000E2
:101F000000000000000000000000000000000000D1
:101F100000000000000000000000000000000000C1
:101F200000000000000000000000000000000000B1
:101F300000000000000000000000000000000000A1
:101F40000000000000000000000000000000000091
:101F50000000000000000000000000000000000081
:101F60000000000000000000000000000000000071
:101F70000000000000000000000000000000000061
:101F80000000000000000000000000000000000051
:101F90000000000000000000000000000000000041
:101FA0000000000000000000000000000000000031
:101FB0000000000000000000000000000000000021
:101FC0000000000000000000000000000000000011
:101FD0000000000000000000000000000000000001
:101FE00000000000000000000000000000000000F1
:101FF00000000000000000000000000000000000E1
:1020000000000000000000000000000000000000D0
:1020100000000000000000000000000000000000C0
:1020200000000000000000000000000000000000B0
:1020300000000000000000000000000000000000A0
:102040000000000000000000000000000000000090
:102050000000000000000000000000000000000080
:102060000000000000000000000000000000000070
:102070000000000000000000000000000000000060
:102080000000000000000000000000000000000050
:102090000000000000000000000000000000000040
:1020A0000000000000000000000000000000000030
:1020B0000000000000000000000000000000000020
:1020C0000000000000000000000000000000000010
:1020D0000000000000000000000000000000000000
:1020E00000000000000000000000000000000000F0
:1020F00000000000000000000000000000000000E0
:1021000000000000000000000000000000000000CF
:1021100000000000000000000000000000000000BF
:1021200000000000000000000000000000000000AF
:10213000000000000000000000000000000000009F
:10214000000000000000000000000000000000008F
:10215000000000000000000000000000000000007F
:10216000000000000000000000000000000000006F
:10217000000000000000000000000000000000005F
:10218000000000000000000000000000000000004F
:10219000000000000000000000000000000000003F
:1021A000000000000000000000000000000000002F
:1021B000000000000000000000000000000000001F
:1021C000000000000000000000000000000000000F
:1021D00000000000000000000000000000000000FF
:1021E00000000000000000000000000000000000EF
:1021F00000000000000000000000000000000000DF
:1022000000000000000000000000000000000000CE
:1022100000000000000000000000000000000000BE
:1022200000000000000000000000000000000000AE
:10223000000000000000000000000000000000009E
:10224000000000000000000000000000000000008E
:10225000000000000000000000000000000000007E
:10226000000000000000000000000000000000006E
:10227000000000000000000000000000000000005E
:10228000000000000000000000000000000000004E
:10229000000000000000000000000000000000003E
:1022A000000000000000000000000000000000002E
:1022B000000000000000000000000000000000001E
:1022C000000000000000000000000000000000000E
:1022D00000000000000000000000000000000000FE
:1022E00000000000000000000000000000000000EE
:1022F00000000000000000000000000000000000DE
:1023000000000000000000000000000000000000CD
:1023100000000000000000000000000000000000BD
:1023200000000000000000000000000000000000AD
:10233000000000000000000000000000000000009D
:10234000000000000000000000000000000000008D
:10235000000000000000000000000000000000007D
:10236000000000000000000000000000000000006D
:10237000000000000000000000000000000000005D
:10238000000000000000000000000000000000004D
:10239000000000000000000000000000000000003D
:1023A000000000000000000000000000000000002D
:1023B000000000000000000000000000000000001D
:1023C000000000000000000000000000000000000D
:1023D00000000000000000000000000000000000FD
:1023E00000000000000000000000000000000000ED
:1023F00000000000000000000000000000000000DD
:1024000000000000000000000000000000000000CC
:1024100000000000000000000000000000000000BC
:1024200000000000000000000000000000000000AC
:10243000000000000000000000000000000000009C
:10244000000000000000000000000000000000008C
:10245000000000000000000000000000000000007C
:10246000000000000000000000000000000000006C
:10247000000000000000000000000000000000005C
:10248000000000000000000000000000000000004C
:10249000000000000000000000000000000000003C
:1024A000000000000000000000000000000000002C
:1024B000000000000000000000000000000000001C
:1024C000000000000000000000000000000000000C
:1024D00000000000000000000000000000000000FC
:1024E00000000000000000000000000000000000EC
:1024F00000000000000000000000000000000000DC
:1025000000000000000000000000000000000000CB
:1025100000000000000000000000000000000000BB
:1025200000000000000000000000000000000000AB
:10253000000000000000000000000000000000009B
:10254000000000000000000000000000000000008B
:10255000000000000000000000000000000000007B
:10256000000000000000000000000000000000006B
:10257000000000000000000000000000000000005B
:10258000000000000000000000000000000000004B
:10259000000000000000000000000000000000003B
:1025A000000000000000000000000000000000002B
:1025B000000000000000000000000000000000001B
:1025C000000000000000000000000000000000000B
:1025D00000000000000000000000000000000000FB
:1025E00000000000000000000000000000000000EB
:1025F00000000000000000000000000000000000DB
:1026000000000000000000000000000000000000CA
:1026100000000000000000000000000000000000BA
:1026200000000000000000000000000000000000AA
:10263000000000000000000000000000000000009A
:10264000000000000000000000000000000000008A
:10265000000000000000000000000000000000007A
:10266000000000000000000000000000000000006A
:10267000000000000000000000000000000000005A
:10268000000000000000000000000000000000004A
:10269000000000000000000000000000000000003A
:1026A000000000000000000000000000000000002A
:1026B000000000000000000000000000000000001A
:1026C000000000000000000000000000000000000A
:1026D00000000000000000000000000000000000FA
:1026E00000000000000000000000000000000000EA
:1026F00000000000000000000000000000000000DA
:1027000000000000000000000000000000000000C9
:1027100000000000000000000000000000000000B9
:1027200000000000000000000000000000000000A9
:102730000000000000000000000000000000000099
:102740000000000000000000000000000000000089
:102750000000000000000000000000000000000079
:102760000000000000000000000000000000000069
:102770000000000000000000000000000000000059
:102780000000000000000000000000000000000049
:102790000000000000000000000000000000000039
:1027A0000000000000000000000000000000000029
:1027B0000000000000000000000000000000000019
:1027C0000000000000000000000000000000000009
:1027D00000000000000000000000000000000000F9
:1027E00000000000000000000000000000000000E9
:1027F00000000000000000000000000000000000D9
:1028000000000000000000000000000000000000C8
:1028100000000000000000000000000000000000B8
:1028200000000000000000000000000000000000A8
:102830000000000000000000000000000000000098
:102840000000000000000000000000000000000088
:102850000000000000000000000000000000000078
:102860000000000000000000000000000000000068
:102870000000000000000000000000000000000058
:102880000000000000000000000000000000000048
:102890000000000000000000000000000000000038
:1028A0000000000000000000000000000000000028
:1028B0000000000000000000000000000000000018
:1028C0000000000000000000000000000000000008
:1028D00000000000000000000000000000000000F8
:1028E00000000000000000000000000000000000E8
:1028F00000000000000000000000000000000000D8
:1029000000000000000000000000000000000000C7
:1029100000000000000000000000000000000000B7
:1029200000000000000000000000000000000000A7
:102930000000000000000000000000000000000097
:102940000000000000000000000000000000000087
:102950000000000000000000000000000000000077
:102960000000000000000000000000000000000067
:102970000000000000000000000000000000000057
:102980000000000000000000000000000000000047
:102990000000000000000000000000000000000037
:1029A0000000000000000000000000000000000027
:1029B0000000000000000000000000000000000017
:1029C0000000000000000000000000000000000007
:1029D00000000000000000000000000000000000F7
:1029E00000000000000000000000000000000000E7
:1029F00000000000000000000000000000000000D7
:102A000000000000000000000000000000000000C6
:102A100000000000000000000000000000000000B6
:102A200000000000000000000000000000000000A6
:102A30000000000000000000000000000000000096
:102A40000000000000000000000000000000000086
:102A50000000000000000000000000000000000076
:102A60000000000000000000000000000000000066
:102A70000000000000000000000000000000000056
:102A80000000000000000000000000000000000046
:102A90000000000000000000000000000000000036
:102AA0000000000000000000000000000000000026
:102AB0000000000000000000000000000000000016
:102AC0000000000000000000000000000000000006
:102AD00000000000000000000000000000000000F6
:102AE00000000000000000000000000000000000E6
:102AF00000000000000000000000000000000000D6
:102B000000000000000000000000000000000000C5
:102B100000000000000000000000000000000000B5
:102B200000000000000000000000000000000000A5
:102B30000000000000000000000000000000000095
:102B40000000000000000000000000000000000085
:102B50000000000000000000000000000000000075
:102B60000000000000000000000000000000000065
:102B70000000000000000000000000000000000055
:102B80000000000000000000000000000000000045
:102B90000000000000000000000000000000000035
:102BA0000000000000000000000000000000000025
:102BB0000000000000000000000000000000000015
:102BC0000000000000000000000000000000000005
:102BD00000000000000000000000000000000000F5
:102BE00000000000000000000000000000000000E5
:102BF00000000000000000000000000000000000D5
:102C000000000000000000000000000000000000C4
:102C100000000000000000000000000000000000B4
:102C200000000000000000000000000000000000A4
:102C30000000000000000000000000000000000094
:102C40000000000000000000000000000000000084
:102C50000000000000000000000000000000000074
:102C60000000000000000000000000000000000064
:102C70000000000000000000000000000000000054
:102C80000000000000000000000000000000000044
:102C90000000000000000000000000000000000034
:102CA0000000000000000000000000000000000024
:102CB0000000000000000000000000000000000014
:102CC0000000000000000000000000000000000004
:102CD00000000000000000000000000000000000F4
:102CE00000000000000000000000000000000000E4
:102CF00000000000000000000000000000000000D4
:102D000000000000000000000000000000000000C3
:102D100000000000000000000000000000000000B3
:102D200000000000000000000000000000000000A3
:102D30000000000000000000000000000000000093
:102D40000000000000000000000000000000000083
:102D50000000000000000000000000000000000073
:102D60000000000000000000000000000000000063
:102D70000000000000000000000000000000000053
:102D80000000000000000000000000000000000043
:102D90000000000000000000000000000000000033
:102DA0000000000000000000000000000000000023
:102DB0000000000000000000000000000000000013
:102DC0000000000000000000000000000000000003
:102DD00000000000000000000000000000000000F3
:102DE00000000000000000000000000000000000E3
:102DF00000000000000000000000000000000000D3
:102E000000000000000000000000000000000000C2
:102E100000000000000000000000000000000000B2
:102E200000000000000000000000000000000000A2
:102E30000000000000000000000000000000000092
:102E40000000000000000000000000000000000082
:102E50000000000000000000000000000000000072
:102E60000000000000000000000000000000000062
:102E70000000000000000000000000000000000052
:102E80000000000000000000000000000000000042
:102E90000000000000000000000000000000000032
:102EA0000000000000000000000000000000000022
:102EB0000000000000000000000000000000000012
:102EC0000000000000000000000000000000000002
:102ED00000000000000000000000000000000000F2
:102EE00000000000000000000000000000000000E2
:102EF00000000000000000000000000000000000D2
:102F000000000000000000000000000000000000C1
:102F100000000000000000000000000000000000B1
:102F200000000000000000000000000000000000A1
:102F30000000000000000000000000000000000091
:102F40000000000000000000000000000000000081
:102F50000000000000000000000000000000000071
:102F60000000000000000000000000000000000061
:102F70000000000000000000000000000000000051
:102F80000000000000000000000000000000000041
:102F90000000000000000000000000000000000031
:102FA0000000000000000000000000000000000021
:102FB0000000000000000000000000000000000011
:102FC0000000000000000000000000000000000001
:102FD00000000000000000000000000000000000F1
:102FE00000000000000000000000000000000000E1
:102FF00000000000000000000000000000000000D1
:1030000000000000000000000000000000000000C0
:1030100000000000000000000000000000000000B0
:1030200000000000000000000000000000000000A0
:103030000000000000000000000000000000000090
:103040000000000000000000000000000000000080
:103050000000000000000000000000000000000070
:103060000000000000000000000000000000000060
:103070000000000000000000000000000000000050
:103080000000000000000000000000000000000040
:103090000000000000000000000000000000000030
:1030A0000000000000000000000000000000000020
:1030B0000000000000000000000000000000000010
:1030C0000000000000000000000000000000000000
:1030D00000000000000000000000000000000000F0
:1030E00000000000000000000000000000000000E0
:1030F00000000000000000000000000000000000D0
:1031000000000000000000000000000000000000BF
:1031100000000000000000000000000000000000AF
:10312000000000000000000000000000000000009F
:10313000000000000000000000000000000000008F
:10314000000000000000000000000000000000007F
:10315000000000000000000000000000000000006F
:10316000000000000000000000000000000000005F
:10317000000000000000000000000000000000004F
:10318000000000000000000000000000000000003F
:10319000000000000000000000000000000000002F
:1031A000000000000000000000000000000000001F
:1031B000000000000000000000000000000000000F
:1031C00000000000000000000000000000000000FF
:1031D00000000000000000000000000000000000EF
:1031E00000000000000000000000000000000000DF
:1031F00000000000000000000000000000000000CF
:1032000000000000000000000000000000000000BE
:1032100000000000000000000000000000000000AE
:10322000000000000000000000000000000000009E
:10323000000000000000000000000000000000008E
:10324000000000000000000000000000000000007E
:10325000000000000000000000000000000000006E
:10326000000000000000000000000000000000005E
:10327000000000000000000000000000000000004E
:10328000000000000000000000000000000000003E
:10329000000000000000000000000000000000002E
:1032A000000000000000000000000000000000001E
:1032B000000000000000000000000000000000000E
:1032C00000000000000000000000000000000000FE
:1032D00000000000000000000000000000000000EE
:1032E00000000000000000000000000000000000DE
:1032F00000000000000000000000000000000000CE
:1033000000000000000000000000000000000000BD
:1033100000000000000000000000000000000000AD
:10332000000000000000000000000000000000009D
:10333000000000000000000000000000000000008D
:10334000000000000000000000000000000000007D
:10335000000000000000000000000000000000006D
:10336000000000000000000000000000000000005D
:10337000000000000000000000000000000000004D
:10338000000000000000000000000000000000003D
:10339000000000000000000000000000000000002D
:1033A000000000000000000000000000000000001D
:1033B000000000000000000000000000000000000D
:1033C00000000000000000000000000000000000FD
:1033D00000000000000000000000000000000000ED
:1033E00000000000000000000000000000000000DD
:1033F00000000000000000000000000000000000CD
:1034000000000000000000000000000000000000BC
:1034100000000000000000000000000000000000AC
:10342000000000000000000000000000000000009C
:10343000000000000000000000000000000000008C
:10344000000000000000000000000000000000007C
:10345000000000000000000000000000000000006C
:10346000000000000000000000000000000000005C
:10347000000000000000000000000000000000004C
:10348000000000000000000000000000000000003C
:10349000000000000000000000000000000000002C
:1034A000000000000000000000000000000000001C
:1034B000000000000000000000000000000000000C
:1034C00000000000000000000000000000000000FC
:1034D00000000000000000000000000000000000EC
:1034E00000000000000000000000000000000000DC
:1034F00000000000000000000000000000000000CC
:1035000000000000000000000000000000000000BB
:1035100000000000000000000000000000000000AB
:10352000000000000000000000000000000000009B
:10353000000000000000000000000000000000008B
:10354000000000000000000000000000000000007B
:10355000000000000000000000000000000000006B
:10356000000000000000000000000000000000005B
:10357000000000000000000000000000000000004B
:10358000000000000000000000000000000000003B
:10359000000000000000000000000000000000002B
:1035A000000000000000000000000000000000001B
:1035B000000000000000000000000000000000000B
:1035C00000000000000000000000000000000000FB
:1035D00000000000000000000000000000000000EB
:1035E00000000000000000000000000000000000DB
:1035F00000000000000000000000000000000000CB
:1036000000000000000000000000000000000000BA
:1036100000000000000000000000000000000000AA
:10362000000000000000000000000000000000009A
:10363000000000000000000000000000000000008A
:10364000000000000000000000000000000000007A
:10365000000000000000000000000000000000006A
:10366000000000000000000000000000000000005A
:10367000000000000000000000000000000000004A
:10368000000000000000000000000000000000003A
:10369000000000000000000000000000000000002A
:1036A000000000000000000000000000000000001A
:1036B000000000000000000000000000000000000A
:1036C00000000000000000000000000000000000FA
:1036D00000000000000000000000000000000000EA
:1036E00000000000000000000000000000000000DA
:1036F00000000000000000000000000000000000CA
:1037000000000000000000000000000000000000B9
:1037100000000000000000000000000000000000A9
:103720000000000000000000000000000000000099
:103730000000000000000000000000000000000089
:103740000000000000000000000000000000000079
:103750000000000000000000000000000000000069
:103760000000000000000000000000000000000059
:103770000000000000000000000000000000000049
:103780000000000000000000000000000000000039
:103790000000000000000000000000000000000029
:1037A0000000000000000000000000000000000019
:1037B0000000000000000000000000000000000009
:1037C00000000000000000000000000000000000F9
:1037D00000000000000000000000000000000000E9
:1037E00000000000000000000000000000000000D9
:1037F00000000000000000000000000000000000C9
:1038000000000000000000000000000000000000B8
:1038100000000000000000000000000000000000A8
:103820000000000000000000000000000000000098
:103830000000000000000000000000000000000088
:103840000000000000000000000000000000000078
:103850000000000000000000000000000000000068
:103860000000000000000000000000000000000058
:103870000000000000000000000000000000000048
:103880000000000000000000000000000000000038
:103890000000000000000000000000000000000028
:1038A0000000000000000000000000000000000018
:1038B0000000000000000000000000000000000008
:1038C00000000000000000000000000000000000F8
:1038D00000000000000000000000000000000000E8
:1038E00000000000000000000000000000000000D8
:1038F00000000000000000000000000000000000C8
:1039000000000000000000000000000000000000B7
:1039100000000000000000000000000000000000A7
:103920000000000000000000000000000000000097
:103930000000000000000000000000000000000087
:103940000000000000000000000000000000000077
:103950000000000000000000000000000000000067
:103960000000000000000000000000000000000057
:103970000000000000000000000000000000000047
:103980000000000000000000000000000000000037
:103990000000000000000000000000000000000027
:1039A0000000000000000000000000000000000017
:1039B0000000000000000000000000000000000007
:1039C00000000000000000000000000000000000F7
:1039D00000000000000000000000000000000000E7
:1039E00000000000000000000000000000000000D7
:1039F00000000000000000000000000000000000C7
:103A000000000000000000000000000000000000B6
:103A100000000000000000000000000000000000A6
:103A20000000000000000000000000000000000096
:103A30000000000000000000000000000000000086
:103A40000000000000000000000000000000000076
:103A50000000000000000000000000000000000066
:103A60000000000000000000000000000000000056
:103A70000000000000000000000000000000000046
:103A80000000000000000000000000000000000036
:103A90000000000000000000000000000000000026
:103AA0000000000000000000000000000000000016
:103AB0000000000000000000000000000000000006
:103AC00000000000000000000000000000000000F6
:103AD00000000000000000000000000000000000E6
:103AE00000000000000000000000000000000000D6
:103AF00000000000000000000000000000000000C6
:103B000000000000000000000000000000000000B5
:103B100000000000000000000000000000000000A5
:103B20000000000000000000000000000000000095
:103B30000000000000000000000000000000000085
:103B40000000000000000000000000000000000075
:103B50000000000000000000000000000000000065
:103B60000000000000000000000000000000000055
:103B70000000000000000000000000000000000045
:103B80000000000000000000000000000000000035
:103B90000000000000000000000000000000000025
:103BA0000000000000000000000000000000000015
:103BB0000000000000000000000000000000000005
:103BC00000000000000000000000000000000000F5
:103BD00000000000000000000000000000000000E5
:103BE00000000000000000000000000000000000D5
:103BF00000000000000000000000000000000000C5
:103C000000000000000000000000000000000000B4
:103C100000000000000000000000000000000000A4
:103C20000000000000000000000000000000000094
:103C30000000000000000000000000000000000084
:103C40000000000000000000000000000000000074
:103C50000000000000000000000000000000000064
:103C60000000000000000000000000000000000054
:103C70000000000000000000000000000000000044
:103C80000000000000000000000000000000000034
:103C90000000000000000000000000000000000024
:103CA0000000000000000000000000000000000014
:103CB0000000000000000000000000000000000004
:103CC00000000000000000000000000000000000F4
:103CD00000000000000000000000000000000000E4
:103CE00000000000000000000000000000000000D4
:103CF00000000000000000000000000000000000C4
:103D000000000000000000000000000000000000B3
:103D100000000000000000000000000000000000A3
:103D20000000000000000000000000000000000093
:103D30000000000000000000000000000000000083
:103D40000000000000000000000000000000000073
:103D50000000000000000000000000000000000063
:103D60000000000000000000000000000000000053
:103D70000000000000000000000000000000000043
:103D80000000000000000000000000000000000033
:103D90000000000000000000000000000000000023
:103DA0000000000000000000000000000000000013
:103DB0000000000000000000000000000000000003
:103DC00000000000000000000000000000000000F3
:103DD00000000000000000000000000000000000E3
:103DE00000000000000000000000000000000000D3
:103DF00000000000000000000000000000000000C3
:103E000000000000000000000000000000000000B2
:103E100000000000000000000000000000000000A2
:103E20000000000000000000000000000000000092
:103E30000000000000000000000000000000000082
:103E40000000000000000000000000000000000072
:103E50000000000000000000000000000000000062
:103E60000000000000000000000000000000000052
:103E70000000000000000000000000000000000042
:103E80000000000000000000000000000000000032
:103E90000000000000000000000000000000000022
:103EA0000000000000000000000000000000000012
:103EB0000000000000000000000000000000000002
:103EC00000000000000000000000000000000000F2
:103ED00000000000000000000000000000000000E2
:103EE00000000000000000000000000000000000D2
:103EF00000000000000000000000000000000000C2
:103F000000000000000000000000000000000000B1
:103F100000000000000000000000000000000000A1
:103F20000000000000000000000000000000000091
:103F30000000000000000000000000000000000081
:103F40000000000000000000000000000000000071
:103F50000000000000000000000000000000000061
:103F60000000000000000000000000000000000051
:103F70000000000000000000000000000000000041
:103F80000000000000000000000000000000000031
:103F90000000000000000000000000000000000021
:103FA0000000000000000000000000000000000011
:103FB0000000000000000000000000000000000001
:103FC00000000000000000000000000000000000F1
:103FD00000000000000000000000000000000000E1
:103FE00000000000000000000000000000000000D1
:103FF00000000000000000000000000000000000C1
:1040000000000000000000000000000000000000B0
:1040100000000000000000000000000000000000A0
:104020000000000000000000000000000000000090
:104030000000000000000000000000000000000080
:104040000000000000000000000000000000000070
:104050000000000000000000000000000000000060
:104060000000000000000000000000000000000050
:104070000000000000000000000000000000000040
:104080000000000000000000000000000000000030
:104090000000000000000000000000000000000020
:1040A0000000000000000000000000000000000010
:1040B0000000000000000000000000000000000000
:1040C00000000000000000000000000000000000F0
:1040D00000000000000000000000000000000000E0
:1040E00000000000000000000000000000000000D0
:1040F00000000000000000000000000000000000C0
:1041000000000000000000000000000000000000AF
:10411000000000000000000000000000000000009F
:10412000000000000000000000000000000000008F
:10413000000000000000000000000000000000007F
:10414000000000000000000000000000000000006F
:10415000000000000000000000000000000000005F
:10416000000000000000000000000000000000004F
:10417000000000000000000000000000000000003F
:10418000000000000000000000000000000000002F
:10419000000000000000000000000000000000001F
:1041A000000000000000000000000000000000000F
:1041B00000000000000000000000000000000000FF
:1041C00000000000000000000000000000000000EF
:1041D00000000000000000000000000000000000DF
:1041E00000000000000000000000000000000000CF
:1041F00000000000000000000000000000000000BF
:1042000000000000000000000000000000000000AE
:10421000000000000000000000000000000000009E
:10422000000000000000000000000000000000008E
:10423000000000000000000000000000000000007E
:10424000000000000000000000000000000000006E
:10425000000000000000000000000000000000005E
:10426000000000000000000000000000000000004E
:10427000000000000000000000000000000000003E
:10428000000000000000000000000000000000002E
:10429000000000000000000000000000000000001E
:1042A000000000000000000000000000000000000E
:1042B00000000000000000000000000000000000FE
:1042C00000000000000000000000000000000000EE
:1042D00000000000000000000000000000000000DE
:1042E00000000000000000000000000000000000CE
:1042F00000000000000000000000000000000000BE
:1043000000000000000000000000000000000000AD
:10431000000000000000000000000000000000009D
:10432000000000000000000000000000000000008D
:10433000000000000000000000000000000000007D
:10434000000000000000000000000000000000006D
:10435000000000000000000000000000000000005D
:10436000000000000000000000000000000000004D
:10437000000000000000000000000000000000003D
:10438000000000000000000000000000000000002D
:10439000000000000000000000000000000000001D
:1043A000000000000000000000000000000000000D
:1043B00000000000000000000000000000000000FD
:1043C00000000000000000000000000000000000ED
:1043D00000000000000000000000000000000000DD
:1043E00000000000000000000000000000000000CD
:1043F00000000000000000000000000000000000BD
:1044000000000000000000000000000000000000AC
:10441000000000000000000000000000000000009C
:10442000000000000000000000000000000000008C
:10443000000000000000000000000000000000007C
:10444000000000000000000000000000000000006C
:10445000000000000000000000000000000000005C
:10446000000000000000000000000000000000004C
:10447000000000000000000000000000000000003C
:10448000000000000000000000000000000000002C
:10449000000000000000000000000000000000001C
:1044A000000000000000000000000000000000000C
:1044B00000000000000000000000000000000000FC
:1044C00000000000000000000000000000000000EC
:1044D00000000000000000000000000000000000DC
:1044E00000000000000000000000000000000000CC
:1044F00000000000000000000000000000000000BC
:1045000000000000000000000000000000000000AB
:10451000000000000000000000000000000000009B
:10452000000000000000000000000000000000008B
:10453000000000000000000000000000000000007B
:10454000000000000000000000000000000000006B
:10455000000000000000000000000000000000005B
:10456000000000000000000000000000000000004B
:10457000000000000000000000000000000000003B
:10458000000000000000000000000000000000002B
:10459000000000000000000000000000000000001B
:1045A000000000000000000000000000000000000B
:1045B00000000000000000000000000000000000FB
:1045C00000000000000000000000000000000000EB
:1045D00000000000000000000000000000000000DB
:1045E00000000000000000000000000000000000CB
:1045F00000000000000000000000000000000000BB
:1046000000000000000000000000000000000000AA
:10461000000000000000000000000000000000009A
:10462000000000000000000000000000000000008A
:10463000000000000000000000000000000000007A
:10464000000000000000000000000000000000006A
:10465000000000000000000000000000000000005A
:10466000000000000000000000000000000000004A
:10467000000000000000000000000000000000003A
:10468000000000000000000000000000000000002A
:10469000000000000000000000000000000000001A
:1046A000000000000000000000000000000000000A
:1046B00000000000000000000000000000000000FA
:1046C00000000000000000000000000000000000EA
:1046D00000000000000000000000000000000000DA
:1046E00000000000000000000000000000000000CA
:1046F00000000000000000000000000000000000BA
:1047000000000000000000000000000000000000A9
:104710000000000000000000000000000000000099
:104720000000000000000000000000000000000089
:104730000000000000000000000000000000000079
:104740000000000000000000000000000000000069
:104750000000000000000000000000000000000059
:104760000000000000000000000000000000000049
:104770000000000000000000000000000000000039
:104780000000000000000000000000000000000029
:104790000000000000000000000000000000000019
:1047A0000000000000000000000000000000000009
:1047B00000000000000000000000000000000000F9
:1047C00000000000000000000000000000000000E9
:1047D00000000000000000000000000000000000D9
:1047E00000000000000000000000000000000000C9
:1047F00000000000000000000000000000000000B9
:1048000000000000000000000000000000000000A8
:104810000000000000000000000000000000000098
:104820000000000000000000000000000000000088
:104830000000000000000000000000000000000078
:104840000000000000000000000000000000000068
:104850000000000000000000000000000000000058
:104860000000000000000000000000000000000048
:104870000000000000000000000000000000000038
:104880000000000000000000000000000000000028
:104890000000000000000000000000000000000018
:1048A0000000000000000000000000000000000008
:1048B00000000000000000000000000000000000F8
:1048C00000000000000000000000000000000000E8
:1048D00000000000000000000000000000000000D8
:1048E00000000000000000000000000000000000C8
:1048F00000000000000000000000000000000000B8
:1049000000000000000000000000000000000000A7
:104910000000000000000000000000000000000097
:104920000000000000000000000000000000000087
:104930000000000000000000000000000000000077
:104940000000000000000000000000000000000067
:104950000000000000000000000000000000000057
:104960000000000000000000000000000000000047
:104970000000000000000000000000000000000037
:104980000000000000000000000000000000000027
:104990000000000000000000000000000000000017
:1049A0000000000000000000000000000000000007
:1049B00000000000000000000000000000000000F7
:1049C00000000000000000000000000000000000E7
:1049D00000000000000000000000000000000000D7
:1049E00000000000000000000000000000000000C7
:1049F00000000000000000000000000000000000B7
:104A000000000000000000000000000000000000A6
:104A10000000000000000000000000000000000096
:104A20000000000000000000000000000000000086
:104A30000000000000000000000000000000000076
:104A40000000000000000000000000000000000066
:104A50000000000000000000000000000000000056
:104A60000000000000000000000000000000000046
:104A70000000000000000000000000000000000036
:104A80000000000000000000000000000000000026
:104A90000000000000000000000000000000000016
:104AA0000000000000000000000000000000000006
:104AB00000000000000000000000000000000000F6
:104AC00000000000000000000000000000000000E6
:104AD00000000000000000000000000000000000D6
:104AE00000000000000000000000000000000000C6
:104AF00000000000000000000000000000000000B6
:104B000000000000000000000000000000000000A5
:104B10000000000000000000000000000000000095
:104B20000000000000000000000000000000000085
:104B30000000000000000000000000000000000075
:104B40000000000000000000000000000000000065
:104B50000000000000000000000000000000000055
:104B60000000000000000000000000000000000045
:104B70000000000000000000000000000000000035
:104B80000000000000000000000000000000000025
:104B90000000000000000000000000000000000015
:104BA0000000000000000000000000000000000005
:104BB00000000000000000000000000000000000F5
:104BC00000000000000000000000000000000000E5
:104BD00000000000000000000000000000000000D5
:104BE00000000000000000000000000000000000C5
:104BF00000000000000000000000000000000000B5
:104C000000000000000000000000000000000000A4
:104C10000000000000000000000000000000000094
:104C20000000000000000000000000000000000084
:104C30000000000000000000000000000000000074
:104C40000000000000000000000000000000000064
:104C50000000000000000000000000000000000054
:104C60000000000000000000000000000000000044
:104C70000000000000000000000000000000000034
:104C80000000000000000000000000000000000024
:104C90000000000000000000000000000000000014
:104CA0000000000000000000000000000000000004
:104CB00000000000000000000000000000000000F4
:104CC00000000000000000000000000000000000E4
:104CD00000000000000000000000000000000000D4
:104CE00000000000000000000000000000000000C4
:104CF00000000000000000000000000000000000B4
:104D000000000000000000000000000000000000A3
:104D10000000000000000000000000000000000093
:104D20000000000000000000000000000000000083
:104D30000000000000000000000000000000000073
:104D40000000000000000000000000000000000063
:104D50000000000000000000000000000000000053
:104D60000000000000000000000000000000000043
:104D70000000000000000000000000000000000033
:104D80000000000000000000000000000000000023
:104D90000000000000000000000000000000000013
:104DA0000000000000000000000000000000000003
:104DB00000000000000000000000000000000000F3
:104DC00000000000000000000000000000000000E3
:104DD00000000000000000000000000000000000D3
:104DE00000000000000000000000000000000000C3
:104DF00000000000000000000000000000000000B3
:104E000000000000000000000000000000000000A2
:104E10000000000000000000000000000000000092
:104E20000000000000000000000000000000000082
:104E30000000000000000000000000000000000072
:104E40000000000000000000000000000000000062
:104E50000000000000000000000000000000000052
:104E60000000000000000000000000000000000042
:104E70000000000000000000000000000000000032
:104E80000000000000000000000000000000000022
:104E90000000000000000000000000000000000012
:104EA0000000000000000000000000000000000002
:104EB00000000000000000000000000000000000F2
:104EC00000000000000000000000000000000000E2
:104ED00000000000000000000000000000000000D2
:104EE00000000000000000000000000000000000C2
:104EF00000000000000000000000000000000000B2
:104F000000000000000000000000000000000000A1
:104F10000000000000000000000000000000000091
:104F20000000000000000000000000000000000081
:104F30000000000000000000000000000000000071
:104F40000000000000000000000000000000000061
:104F50000000000000000000000000000000000051
:104F60000000000000000000000000000000000041
:104F70000000000000000000000000000000000031
:104F80000000000000000000000000000000000021
:104F90000000000000000000000000000000000011
:104FA0000000000000000000000000000000000001
:104FB00000000000000000000000000000000000F1
:104FC00000000000000000000000000000000000E1
:104FD00000000000000000000000000000000000D1
:104FE00000000000000000000000000000000000C1
:104FF00000000000000000000000000000000000B1
:1050000000000000000000000000000000000000A0
:105010000000000000000000000000000000000090
:105020000000000000000000000000000000000080
:105030000000000000000000000000000000000070
:105040000000000000000000000000000000000060
:105050000000000000000000000000000000000050
:105060000000000000000000000000000000000040
:105070000000000000000000000000000000000030
:105080000000000000000000000000000000000020
:105090000000000000000000000000000000000010
:1050A0000000000000000000000000000000000000
:1050B00000000000000000000000000000000000F0
:1050C00000000000000000000000000000000000E0
:1050D00000000000000000000000000000000000D0
:1050E00000000000000000000000000000000000C0
:1050F00000000000000000000000000000000000B0
:10510000000000000000000000000000000000009F
:10511000000000000000000000000000000000008F
:10512000000000000000000000000000000000007F
:10513000000000000000000000000000000000006F
:10514000000000000000000000000000000000005F
:10515000000000000000000000000000000000004F
:10516000000000000000000000000000000000003F
:10517000000000000000000000000000000000002F
:10518000000000000000000000000000000000001F
:10519000000000000000000000000000000000000F
:1051A00000000000000000000000000000000000FF
:1051B00000000000000000000000000000000000EF
:1051C00000000000000000000000000000000000DF
:1051D00000000000000000000000000000000000CF
:1051E00000000000000000000000000000000000BF
:1051F00000000000000000000000000000000000AF
:10520000000000000000000000000000000000009E
:10521000000000000000000000000000000000008E
:10522000000000000000000000000000000000007E
:10523000000000000000000000000000000000006E
:10524000000000000000000000000000000000005E
:10525000000000000000000000000000000000004E
:10526000000000000000000000000000000000003E
:10527000000000000000000000000000000000002E
:10528000000000000000000000000000000000001E
:10529000000000000000000000000000000000000E
:1052A00000000000000000000000000000000000FE
:1052B00000000000000000000000000000000000EE
:1052C00000000000000000000000000000000000DE
:1052D00000000000000000000000000000000000CE
:1052E00000000000000000000000000000000000BE
:1052F00000000000000000000000000000000000AE
:10530000000000000000000000000000000000009D
:10531000000000000000000000000000000000008D
:10532000000000000000000000000000000000007D
:10533000000000000000000000000000000000006D
:10534000000000000000000000000000000000005D
:10535000000000000000000000000000000000004D
:10536000000000000000000000000000000000003D
:10537000000000000000000000000000000000002D
:10538000000000000000000000000000000000001D
:10539000000000000000000000000000000000000D
:1053A00000000000000000000000000000000000FD
:1053B00000000000000000000000000000000000ED
:1053C00000000000000000000000000000000000DD
:1053D00000000000000000000000000000000000CD
:1053E00000000000000000000000000000000000BD
:1053F00000000000000000000000000000000000AD
:10540000000000000000000000000000000000009C
:10541000000000000000000000000000000000008C
:10542000000000000000000000000000000000007C
:10543000000000000000000000000000000000006C
:10544000000000000000000000000000000000005C
:10545000000000000000000000000000000000004C
:10546000000000000000000000000000000000003C
:10547000000000000000000000000000000000002C
:10548000000000000000000000000000000000001C
:10549000000000000000000000000000000000000C
:1054A00000000000000000000000000000000000FC
:1054B00000000000000000000000000000000000EC
:1054C00000000000000000000000000000000000DC
:1054D00000000000000000000000000000000000CC
:1054E00000000000000000000000000000000000BC
:1054F00000000000000000000000000000000000AC
:10550000000000000000000000000000000000009B
:10551000000000000000000000000000000000008B
:10552000000000000000000000000000000000007B
:10553000000000000000000000000000000000006B
:10554000000000000000000000000000000000005B
:10555000000000000000000000000000000000004B
:10556000000000000000000000000000000000003B
:10557000000000000000000000000000000000002B
:10558000000000000000000000000000000000001B
:10559000000000000000000000000000000000000B
:1055A00000000000000000000000000000000000FB
:1055B00000000000000000000000000000000000EB
:1055C00000000000000000000000000000000000DB
:1055D00000000000000000000000000000000000CB
:1055E00000000000000000000000000000000000BB
:1055F00000000000000000000000000000000000AB
:10560000000000000000000000000000000000009A
:10561000000000000000000000000000000000008A
:10562000000000000000000000000000000000007A
:10563000000000000000000000000000000000006A
:10564000000000000000000000000000000000005A
:10565000000000000000000000000000000000004A
:10566000000000000000000000000000000000003A
:10567000000000000000000000000000000000002A
:10568000000000000000000000000000000000001A
:10569000000000000000000000000000000000000A
:1056A00000000000000000000000000000000000FA
:1056B00000000000000000000000000000000000EA
:1056C00000000000000000000000000000000000DA
:1056D00000000000000000000000000000000000CA
:1056E00000000000000000000000000000000000BA
:1056F00000000000000000000000000000000000AA
:105700000000000000000000000000000000000099
:105710000000000000000000000000000000000089
:105720000000000000000000000000000000000079
:105730000000000000000000000000000000000069
:105740000000000000000000000000000000000059
:105750000000000000000000000000000000000049
:105760000000000000000000000000000000000039
:105770000000000000000000000000000000000029
:105780000000000000000000000000000000000019
:105790000000000000000000000000000000000009
:1057A00000000000000000000000000000000000F9
:1057B00000000000000000000000000000000000E9
:1057C00000000000000000000000000000000000D9
:1057D00000000000000000000000000000000000C9
:1057E00000000000000000000000000000000000B9
:1057F00000000000000000000000000000000000A9
:105800000000000000000000000000000000000098
:105810000000000000000000000000000000000088
:105820000000000000000000000000000000000078
:105830000000000000000000000000000000000068
:105840000000000000000000000000000000000058
:105850000000000000000000000000000000000048
:105860000000000000000000000000000000000038
:105870000000000000000000000000000000000028
:105880000000000000000000000000000000000018
:105890000000000000000000000000000000000008
:1058A00000000000000000000000000000000000F8
:1058B00000000000000000000000000000000000E8
:1058C00000000000000000000000000000000000D8
:1058D00000000000000000000000000000000000C8
:1058E00000000000000000000000000000000000B8
:1058F00000000000000000000000000000000000A8
:105900000000000000000000000000000000000097
:105910000000000000000000000000000000000087
:105920000000000000000000000000000000000077
:105930000000000000000000000000000000000067
:105940000000000000000000000000000000000057
:105950000000000000000000000000000000000047
:105960000000000000000000000000000000000037
:105970000000000000000000000000000000000027
:105980000000000000000000000000000000000017
:105990000000000000000000000000000000000007
:1059A00000000000000000000000000000000000F7
:1059B00000000000000000000000000000000000E7
:1059C00000000000000000000000000000000000D7
:1059D00000000000000000000000000000000000C7
:1059E00000000000000000000000000000000000B7
:1059F00000000000000000000000000000000000A7
:105A00000000000000000000000000000000000096
:105A10000000000000000000000000000000000086
:105A20000000000000000000000000000000000076
:105A30000000000000000000000000000000000066
:105A40000000000000000000000000000000000056
:105A50000000000000000000000000000000000046
:105A60000000000000000000000000000000000036
:105A70000000000000000000000000000000000026
:105A80000000000000000000000000000000000016
:105A90000000000000000000000000000000000006
:105AA00000000000000000000000000000000000F6
:105AB00000000000000000000000000000000000E6
:105AC00000000000000000000000000000000000D6
:105AD00000000000000000000000000000000000C6
:105AE00000000000000000000000000000000000B6
:105AF00000000000000000000000000000000000A6
:105B00000000000000000000000000000000000095
:105B10000000000000000000000000000000000085
:105B20000000000000000000000000000000000075
:105B30000000000000000000000000000000000065
:105B40000000000000000000000000000000000055
:105B50000000000000000000000000000000000045
:105B60000000000000000000000000000000000035
:105B70000000000000000000000000000000000025
:105B80000000000000000000000000000000000015
:105B90000000000000000000000000000000000005
:105BA00000000000000000000000000000000000F5
:105BB00000000000000000000000000000000000E5
:105BC00000000000000000000000000000000000D5
:105BD00000000000000000000000000000000000C5
:105BE00000000000000000000000000000000000B5
:105BF00000000000000000000000000000000000A5
:105C00000000000000000000000000000000000094
:105C10000000000000000000000000000000000084
:105C20000000000000000000000000000000000074
:105C30000000000000000000000000000000000064
:105C40000000000000000000000000000000000054
:105C50000000000000000000000000000000000044
:105C60000000000000000000000000000000000034
:105C70000000000000000000000000000000000024
:105C80000000000000000000000000000000000014
:105C90000000000000000000000000000000000004
:105CA00000000000000000000000000000000000F4
:105CB00000000000000000000000000000000000E4
:105CC00000000000000000000000000000000000D4
:105CD00000000000000000000000000000000000C4
:105CE00000000000000000000000000000000000B4
:105CF00000000000000000000000000000000000A4
:105D00000000000000000000000000000000000093
:105D10000000000000000000000000000000000083
:105D20000000000000000000000000000000000073
:105D30000000000000000000000000000000000063
:105D40000000000000000000000000000000000053
:105D50000000000000000000000000000000000043
:105D60000000000000000000000000000000000033
:105D70000000000000000000000000000000000023
:105D80000000000000000000000000000000000013
:105D90000000000000000000000000000000000003
:105DA00000000000000000000000000000000000F3
:105DB00000000000000000000000000000000000E3
:105DC00000000000000000000000000000000000D3
:105DD00000000000000000000000000000000000C3
:105DE00000000000000000000000000000000000B3
:105DF00000000000000000000000000000000000A3
:105E00000000000000000000000000000000000092
:105E10000000000000000000000000000000000082
:105E20000000000000000000000000000000000072
:105E30000000000000000000000000000000000062
:105E40000000000000000000000000000000000052
:105E50000000000000000000000000000000000042
:105E60000000000000000000000000000000000032
:105E70000000000000000000000000000000000022
:105E80000000000000000000000000000000000012
:105E90000000000000000000000000000000000002
:105EA00000000000000000000000000000000000F2
:105EB00000000000000000000000000000000000E2
:105EC00000000000000000000000000000000000D2
:105ED00000000000000000000000000000000000C2
:105EE00000000000000000000000000000000000B2
:105EF00000000000000000000000000000000000A2
:105F00000000000000000000000000000000000091
:105F10000000000000000000000000000000000081
:105F20000000000000000000000000000000000071
:105F30000000000000000000000000000000000061
:105F40000000000000000000000000000000000051
:105F50000000000000000000000000000000000041
:105F60000000000000000000000000000000000031
:105F70000000000000000000000000000000000021
:105F80000000000000000000000000000000000011
:105F90000000000000000000000000000000000001
:105FA00000000000000000000000000000000000F1
:105FB00000000000000000000000000000000000E1
:105FC00000000000000000000000000000000000D1
:105FD00000000000000000000000000000000000C1
:105FE00000000000000000000000000000000000B1
:105FF00000000000000000000000000000000000A1
:106000000000000000000000000000000000000090
:106010000000000000000000000000000000000080
:106020000000000000000000000000000000000070
:106030000000000000000000000000000000000060
:106040000000000000000000000000000000000050
:106050000000000000000000000000000000000040
:106060000000000000000000000000000000000030
:106070000000000000000000000000000000000020
:106080000000000000000000000000000000000010
:106090000000000000000000000000000000000000
:1060A00000000000000000000000000000000000F0
:1060B00000000000000000000000000000000000E0
:1060C00000000000000000000000000000000000D0
:1060D00000000000000000000000000000000000C0
:1060E00000000000000000000000000000000000B0
:1060F00000000000000000000000000000000000A0
:10610000000000000000000000000000000000008F
:10611000000000000000000000000000000000007F
:10612000000000000000000000000000000000006F
:10613000000000000000000000000000000000005F
:10614000000000000000000000000000000000004F
:10615000000000000000000000000000000000003F
:10616000000000000000000000000000000000002F
:10617000000000000000000000000000000000001F
:10618000000000000000000000000000000000000F
:1061900000000000000000000000000000000000FF
:1061A00000000000000000000000000000000000EF
:1061B00000000000000000000000000000000000DF
:1061C00000000000000000000000000000000000CF
:1061D00000000000000000000000000000000000BF
:1061E00000000000000000000000000000000000AF
:1061F000000000000000000000000000000000009F
:10620000000000000000000000000000000000008E
:10621000000000000000000000000000000000007E
:10622000000000000000000000000000000000006E
:10623000000000000000000000000000000000005E
:10624000000000000000000000000000000000004E
:10625000000000000000000000000000000000003E
:10626000000000000000000000000000000000002E
:10627000000000000000000000000000000000001E
:10628000000000000000000000000000000000000E
:1062900000000000000000000000000000000000FE
:1062A00000000000000000000000000000000000EE
:1062B00000000000000000000000000000000000DE
:1062C00000000000000000000000000000000000CE
:1062D00000000000000000000000000000000000BE
:1062E00000000000000000000000000000000000AE
:1062F000000000000000000000000000000000009E
:10630000000000000000000000000000000000008D
:10631000000000000000000000000000000000007D
:10632000000000000000000000000000000000006D
:10633000000000000000000000000000000000005D
:10634000000000000000000000000000000000004D
:10635000000000000000000000000000000000003D
:10636000000000000000000000000000000000002D
:10637000000000000000000000000000000000001D
:10638000000000000000000000000000000000000D
:1063900000000000000000000000000000000000FD
:1063A00000000000000000000000000000000000ED
:1063B00000000000000000000000000000000000DD
:1063C00000000000000000000000000000000000CD
:1063D00000000000000000000000000000000000BD
:1063E00000000000000000000000000000000000AD
:1063F000000000000000000000000000000000009D
:10640000000000000000000000000000000000008C
:10641000000000000000000000000000000000007C
:10642000000000000000000000000000000000006C
:10643000000000000000000000000000000000005C
:10644000000000000000000000000000000000004C
:10645000000000000000000000000000000000003C
:10646000000000000000000000000000000000002C
:10647000000000000000000000000000000000001C
:10648000000000000000000000000000000000000C
:1064900000000000000000000000000000000000FC
:1064A00000000000000000000000000000000000EC
:1064B00000000000000000000000000000000000DC
:1064C00000000000000000000000000000000000CC
:1064D00000000000000000000000000000000000BC
:1064E00000000000000000000000000000000000AC
:1064F000000000000000000000000000000000009C
:10650000000000000000000000000000000000008B
:10651000000000000000000000000000000000007B
:10652000000000000000000000000000000000006B
:10653000000000000000000000000000000000005B
:10654000000000000000000000000000000000004B
:10655000000000000000000000000000000000003B
:10656000000000000000000000000000000000002B
:10657000000000000000000000000000000000001B
:10658000000000000000000000000000000000000B
:1065900000000000000000000000000000000000FB
:1065A00000000000000000000000000000000000EB
:1065B00000000000000000000000000000000000DB
:1065C00000000000000000000000000000000000CB
:1065D00000000000000000000000000000000000BB
:1065E00000000000000000000000000000000000AB
:1065F000000000000000000000000000000000009B
:10660000000000000000000000000000000000008A
:10661000000000000000000000000000000000007A
:10662000000000000000000000000000000000006A
:10663000000000000000000000000000000000005A
:10664000000000000000000000000000000000004A
:10665000000000000000000000000000000000003A
:10666000000000000000000000000000000000002A
:10667000000000000000000000000000000000001A
:10668000000000000000000000000000000000000A
:1066900000000000000000000000000000000000FA
:1066A00000000000000000000000000000000000EA
:1066B00000000000000000000000000000000000DA
:1066C00000000000000000000000000000000000CA
:1066D00000000000000000000000000000000000BA
:1066E00000000000000000000000000000000000AA
:1066F000000000000000000000000000000000009A
:106700000000000000000000000000000000000089
:106710000000000000000000000000000000000079
:106720000000000000000000000000000000000069
:106730000000000000000000000000000000000059
:106740000000000000000000000000000000000049
:106750000000000000000000000000000000000039
:106760000000000000000000000000000000000029
:106770000000000000000000000000000000000019
:106780000000000000000000000000000000000009
:1067900000000000000000000000000000000000F9
:1067A00000000000000000000000000000000000E9
:1067B00000000000000000000000000000000000D9
:1067C00000000000000000000000000000000000C9
:1067D00000000000000000000000000000000000B9
:1067E00000000000000000000000000000000000A9
:1067F0000000000000000000000000000000000099
:106800000000000000000000000000000000000088
:106810000000000000000000000000000000000078
:106820000000000000000000000000000000000068
:106830000000000000000000000000000000000058
:106840000000000000000000000000000000000048
:106850000000000000000000000000000000000038
:106860000000000000000000000000000000000028
:106870000000000000000000000000000000000018
:106880000000000000000000000000000000000008
:1068900000000000000000000000000000000000F8
:1068A00000000000000000000000000000000000E8
:1068B00000000000000000000000000000000000D8
:1068C00000000000000000000000000000000000C8
:1068D00000000000000000000000000000000000B8
:1068E00000000000000000000000000000000000A8
:1068F0000000000000000000000000000000000098
:106900000000000000000000000000000000000087
:106910000000000000000000000000000000000077
:106920000000000000000000000000000000000067
:106930000000000000000000000000000000000057
:106940000000000000000000000000000000000047
:106950000000000000000000000000000000000037
:106960000000000000000000000000000000000027
:106970000000000000000000000000000000000017
:106980000000000000000000000000000000000007
:1069900000000000000000000000000000000000F7
:1069A00000000000000000000000000000000000E7
:1069B00000000000000000000000000000000000D7
:1069C00000000000000000000000000000000000C7
:1069D00000000000000000000000000000000000B7
:1069E00000000000000000000000000000000000A7
:1069F0000000000000000000000000000000000097
:106A00000000000000000000000000000000000086
:106A10000000000000000000000000000000000076
:106A20000000000000000000000000000000000066
:106A30000000000000000000000000000000000056
:106A40000000000000000000000000000000000046
:106A50000000000000000000000000000000000036
:106A60000000000000000000000000000000000026
:106A70000000000000000000000000000000000016
:106A80000000000000000000000000000000000006
:106A900000000000000000000000000000000000F6
:106AA00000000000000000000000000000000000E6
:106AB00000000000000000000000000000000000D6
:106AC00000000000000000000000000000000000C6
:106AD00000000000000000000000000000000000B6
:106AE00000000000000000000000000000000000A6
:106AF0000000000000000000000000000000000096
:106B00000000000000000000000000000000000085
:106B10000000000000000000000000000000000075
:106B20000000000000000000000000000000000065
:106B30000000000000000000000000000000000055
:106B40000000000000000000000000000000000045
:106B50000000000000000000000000000000000035
:106B60000000000000000000000000000000000025
:106B70000000000000000000000000000000000015
:106B80000000000000000000000000000000000005
:106B900000000000000000000000000000000000F5
:106BA00000000000000000000000000000000000E5
:106BB00000000000000000000000000000000000D5
:106BC00000000000000000000000000000000000C5
:106BD00000000000000000000000000000000000B5
:106BE00000000000000000000000000000000000A5
:106BF0000000000000000000000000000000000095
:106C00000000000000000000000000000000000084
:106C10000000000000000000000000000000000074
:106C20000000000000000000000000000000000064
:106C30000000000000000000000000000000000054
:106C40000000000000000000000000000000000044
:106C50000000000000000000000000000000000034
:106C60000000000000000000000000000000000024
:106C70000000000000000000000000000000000014
:106C80000000000000000000000000000000000004
:106C900000000000000000000000000000000000F4
:106CA00000000000000000000000000000000000E4
:106CB00000000000000000000000000000000000D4
:106CC00000000000000000000000000000000000C4
:106CD00000000000000000000000000000000000B4
:106CE00000000000000000000000000000000000A4
:106CF0000000000000000000000000000000000094
:106D00000000000000000000000000000000000083
:106D10000000000000000000000000000000000073
:106D20000000000000000000000000000000000063
:106D30000000000000000000000000000000000053
:106D40000000000000000000000000000000000043
:106D50000000000000000000000000000000000033
:106D60000000000000000000000000000000000023
:106D70000000000000000000000000000000000013
:106D80000000000000000000000000000000000003
:106D900000000000000000000000000000000000F3
:106DA00000000000000000000000000000000000E3
:106DB00000000000000000000000000000000000D3
:106DC00000000000000000000000000000000000C3
:106DD00000000000000000000000000000000000B3
:106DE00000000000000000000000000000000000A3
:106DF0000000000000000000000000000000000093
:106E00000000000000000000000000000000000082
:106E10000000000000000000000000000000000072
:106E20000000000000000000000000000000000062
:106E30000000000000000000000000000000000052
:106E40000000000000000000000000000000000042
:106E50000000000000000000000000000000000032
:106E60000000000000000000000000000000000022
:106E70000000000000000000000000000000000012
:106E80000000000000000000000000000000000002
:106E900000000000000000000000000000000000F2
:106EA00000000000000000000000000000000000E2
:106EB00000000000000000000000000000000000D2
:106EC00000000000000000000000000000000000C2
:106ED00000000000000000000000000000000000B2
:106EE00000000000000000000000000000000000A2
:106EF0000000000000000000000000000000000092
:106F00000000000000000000000000000000000081
:106F10000000000000000000000000000000000071
:106F20000000000000000000000000000000000061
:106F30000000000000000000000000000000000051
:106F40000000000000000000000000000000000041
:106F50000000000000000000000000000000000031
:106F60000000000000000000000000000000000021
:106F70000000000000000000000000000000000011
:106F80000000000000000000000000000000000001
:106F900000000000000000000000000000000000F1
:106FA00000000000000000000000000000000000E1
:106FB00000000000000000000000000000000000D1
:106FC00000000000000000000000000000000000C1
:106FD00000000000000000000000000000000000B1
:106FE00000000000000000000000000000000000A1
:106FF0000000000000000000000000000000000091
:107000000000000000000000000000000000000080
:107010000000000000000000000000000000000070
:107020000000000000000000000000000000000060
:107030000000000000000000000000000000000050
:107040000000000000000000000000000000000040
:107050000000000000000000000000000000000030
:107060000000000000000000000000000000000020
:107070000000000000000000000000000000000010
:107080000000000000000000000000000000000000
:1070900000000000000000000000000000000000F0
:1070A00000000000000000000000000000000000E0
:1070B00000000000000000000000000000000000D0
:1070C00000000000000000000000000000000000C0
:1070D00000000000000000000000000000000000B0
:1070E00000000000000000000000000000000000A0
:1070F0000000000000000000000000000000000090
:10710000000000000000000000000000000000007F
:10711000000000000000000000000000000000006F
:10712000000000000000000000000000000000005F
:10713000000000000000000000000000000000004F
:10714000000000000000000000000000000000003F
:10715000000000000000000000000000000000002F
:10716000000000000000000000000000000000001F
:10717000000000000000000000000000000000000F
:1071800000000000000000000000000000000000FF
:1071900000000000000000000000000000000000EF
:1071A00000000000000000000000000000000000DF
:1071B00000000000000000000000000000000000CF
:1071C00000000000000000000000000000000000BF
:1071D00000000000000000000000000000000000AF
:1071E000000000000000000000000000000000009F
:1071F000000000000000000000000000000000008F
:10720000000000000000000000000000000000007E
:10721000000000000000000000000000000000006E
:10722000000000000000000000000000000000005E
:10723000000000000000000000000000000000004E
:10724000000000000000000000000000000000003E
:10725000000000000000000000000000000000002E
:10726000000000000000000000000000000000001E
:10727000000000000000000000000000000000000E
:1072800000000000000000000000000000000000FE
:1072900000000000000000000000000000000000EE
:1072A00000000000000000000000000000000000DE
:1072B00000000000000000000000000000000000CE
:1072C00000000000000000000000000000000000BE
:1072D00000000000000000000000000000000000AE
:1072E000000000000000000000000000000000009E
:1072F000000000000000000000000000000000008E
:10730000000000000000000000000000000000007D
:10731000000000000000000000000000000000006D
:10732000000000000000000000000000000000005D
:10733000000000000000000000000000000000004D
:10734000000000000000000000000000000000003D
:10735000000000000000000000000000000000002D
:10736000000000000000000000000000000000001D
:10737000000000000000000000000000000000000D
:1073800000000000000000000000000000000000FD
:1073900000000000000000000000000000000000ED
:1073A00000000000000000000000000000000000DD
:1073B00000000000000000000000000000000000CD
:1073C00000000000000000000000000000000000BD
:1073D00000000000000000000000000000000000AD
:1073E000000000000000000000000000000000009D
:1073F000000000000000000000000000000000008D
:10740000000000000000000000000000000000007C
:10741000000000000000000000000000000000006C
:10742000000000000000000000000000000000005C
:10743000000000000000000000000000000000004C
:10744000000000000000000000000000000000003C
:10745000000000000000000000000000000000002C
:10746000000000000000000000000000000000001C
:10747000000000000000000000000000000000000C
:1074800000000000000000000000000000000000FC
:1074900000000000000000000000000000000000EC
:1074A00000000000000000000000000000000000DC
:1074B00000000000000000000000000000000000CC
:1074C00000000000000000000000000000000000BC
:1074D00000000000000000000000000000000000AC
:1074E000000000000000000000000000000000009C
:1074F000000000000000000000000000000000008C
:10750000000000000000000000000000000000007B
:10751000000000000000000000000000000000006B
:10752000000000000000000000000000000000005B
:10753000000000000000000000000000000000004B
:10754000000000000000000000000000000000003B
:10755000000000000000000000000000000000002B
:10756000000000000000000000000000000000001B
:10757000000000000000000000000000000000000B
:1075800000000000000000000000000000000000FB
:1075900000000000000000000000000000000000EB
:1075A00000000000000000000000000000000000DB
:1075B00000000000000000000000000000000000CB
:1075C00000000000000000000000000000000000BB
:1075D00000000000000000000000000000000000AB
:1075E000000000000000000000000000000000009B
:1075F000000000000000000000000000000000008B
:10760000000000000000000000000000000000007A
:10761000000000000000000000000000000000006A
:10762000000000000000000000000000000000005A
:10763000000000000000000000000000000000004A
:10764000000000000000000000000000000000003A
:10765000000000000000000000000000000000002A
:10766000000000000000000000000000000000001A
:10767000000000000000000000000000000000000A
:1076800000000000000000000000000000000000FA
:1076900000000000000000000000000000000000EA
:1076A00000000000000000000000000000000000DA
:1076B00000000000000000000000000000000000CA
:1076C00000000000000000000000000000000000BA
:1076D00000000000000000000000000000000000AA
:1076E000000000000000000000000000000000009A
:1076F000000000000000000000000000000000008A
:107700000000000000000000000000000000000079
:107710000000000000000000000000000000000069
:107720000000000000000000000000000000000059
:107730000000000000000000000000000000000049
:107740000000000000000000000000000000000039
:107750000000000000000000000000000000000029
:107760000000000000000000000000000000000019
:107770000000000000000000000000000000000009
:1077800000000000000000000000000000000000F9
:1077900000000000000000000000000000000000E9
:1077A00000000000000000000000000000000000D9
:1077B00000000000000000000000000000000000C9
:1077C00000000000000000000000000000000000B9
:1077D00000000000000000000000000000000000A9
:1077E0000000000000000000000000000000000099
:1077F0000000000000000000000000000000000089
:107800000000000000000000000000000000000078
:107810000000000000000000000000000000000068
:107820000000000000000000000000000000000058
:107830000000000000000000000000000000000048
:107840000000000000000000000000000000000038
:107850000000000000000000000000000000000028
:107860000000000000000000000000000000000018
:107870000000000000000000000000000000000008
:1078800000000000000000000000000000000000F8
:1078900000000000000000000000000000000000E8
:1078A00000000000000000000000000000000000D8
:1078B00000000000000000000000000000000000C8
:1078C00000000000000000000000000000000000B8
:1078D00000000000000000000000000000000000A8
:1078E0000000000000000000000000000000000098
:1078F0000000000000000000000000000000000088
:107900000000000000000000000000000000000077
:107910000000000000000000000000000000000067
:107920000000000000000000000000000000000057
:107930000000000000000000000000000000000047
:107940000000000000000000000000000000000037
:107950000000000000000000000000000000000027
:107960000000000000000000000000000000000017
:107970000000000000000000000000000000000007
:1079800000000000000000000000000000000000F7
:1079900000000000000000000000000000000000E7
:1079A00000000000000000000000000000000000D7
:1079B00000000000000000000000000000000000C7
:1079C00000000000000000000000000000000000B7
:1079D00000000000000000000000000000000000A7
:1079E0000000000000000000000000000000000097
:1079F0000000000000000000000000000000000087
:107A00000000000000000000000000000000000076
:107A10000000000000000000000000000000000066
:107A20000000000000000000000000000000000056
:107A30000000000000000000000000000000000046
:107A40000000000000000000000000000000000036
:107A50000000000000000000000000000000000026
:107A60000000000000000000000000000000000016
:107A70000000000000000000000000000000000006
:107A800000000000000000000000000000000000F6
:107A900000000000000000000000000000000000E6
:107AA00000000000000000000000000000000000D6
:107AB00000000000000000000000000000000000C6
:107AC00000000000000000000000000000000000B6
:107AD00000000000000000000000000000000000A6
:107AE0000000000000000000000000000000000096
:107AF0000000000000000000000000000000000086
:107B00000000000000000000000000000000000075
:107B10000000000000000000000000000000000065
:107B20000000000000000000000000000000000055
:107B30000000000000000000000000000000000045
:107B40000000000000000000000000000000000035
:107B50000000000000000000000000000000000025
:107B60000000000000000000000000000000000015
:107B70000000000000000000000000000000000005
:107B800000000000000000000000000000000000F5
:107B900000000000000000000000000000000000E5
:107BA00000000000000000000000000000000000D5
:107BB00000000000000000000000000000000000C5
:107BC00000000000000000000000000000000000B5
:107BD00000000000000000000000000000000000A5
:107BE0000000000000000000000000000000000095
:107BF0000000000000000000000000000000000085
:107C00000000000000000000000000000000000074
:107C10000000000000000000000000000000000064
:107C20000000000000000000000000000000000054
:107C30000000000000000000000000000000000044
:107C40000000000000000000000000000000000034
:107C50000000000000000000000000000000000024
:107C60000000000000000000000000000000000014
:107C70000000000000000000000000000000000004
:107C800000000000000000000000000000000000F4
:107C900000000000000000000000000000000000E4
:107CA00000000000000000000000000000000000D4
:107CB00000000000000000000000000000000000C4
:107CC00000000000000000000000000000000000B4
:107CD00000000000000000000000000000000000A4
:107CE0000000000000000000000000000000000094
:107CF0000000000000000000000000000000000084
:107D00000000000000000000000000000000000073
:107D10000000000000000000000000000000000063
:107D20000000000000000000000000000000000053
:107D30000000000000000000000000000000000043
:107D40000000000000000000000000000000000033
:107D50000000000000000000000000000000000023
:107D60000000000000000000000000000000000013
:107D70000000000000000000000000000000000003
:107D800000000000000000000000000000000000F3
:107D900000000000000000000000000000000000E3
:107DA00000000000000000000000000000000000D3
:107DB00000000000000000000000000000000000C3
:107DC00000000000000000000000000000000000B3
:107DD00000000000000000000000000000000000A3
:107DE0000000000000000000000000000000000093
:107DF0000000000000000000000000000000000083
:107E00000000000000000000000000000000000072
:107E10000000000000000000000000000000000062
:107E20000000000000000000000000000000000052
:107E30000000000000000000000000000000000042
:107E40000000000000000000000000000000000032
:107E50000000000000000000000000000000000022
:107E60000000000000000000000000000000000012
:107E70000000000000000000000000000000000002
:107E800000000000000000000000000000000000F2
:107E900000000000000000000000000000000000E2
:107EA00000000000000000000000000000000000D2
:107EB00000000000000000000000000000000000C2
:107EC00000000000000000000000000000000000B2
:107ED00000000000000000000000000000000000A2
:107EE0000000000000000000000000000000000092
:107EF0000000000000000000000000000000000082
:107F00000000000000000000000000000000000071
:107F10000000000000000000000000000000000061
:107F20000000000000000000000000000000000051
:107F30000000000000000000000000000000000041
:107F40000000000000000000000000000000000031
:107F50000000000000000000000000000000000021
:107F60000000000000000000000000000000000011
:107F70000000000000000000000000000000000001
:107F800000000000000000000000000000000000F1
:107F900000000000000000000000000000000000E1
:107FA00000000000000000000000000000000000D1
:107FB00000000000000000000000000000000000C1
:107FC00000000000000000000000000000000000B1
:107FD00000000000000000000000000000000000A1
:107FE0000000000000000000000000000000000091
:107FF0000000000000000000000000000000000081
:108000000000000000000000000000000000000070
:108010000000000000000000000000000000000060
:108020000000000000000000000000000000000050
:108030000000000000000000000000000000000040
:108040000000000000000000000000000000000030
:108050000000000000000000000000000000000020
:108060000000000000000000000000000000000010
:108070000000000000000000000000000000000000
:1080800000000000000000000000000000000000F0
:1080900000000000000000000000000000000000E0
:1080A00000000000000000000000000000000000D0
:1080B00000000000000000000000000000000000C0
:1080C00000000000000000000000000000000000B0
:1080D00000000000000000000000000000000000A0
:1080E0000000000000000000000000000000000090
:1080F0000000000000000000000000000000000080
:10810000000000000000000000000000000000006F
:10811000000000000000000000000000000000005F
:10812000000000000000000000000000000000004F
:10813000000000000000000000000000000000003F
:10814000000000000000000000000000000000002F
:10815000000000000000000000000000000000001F
:10816000000000000000000000000000000000000F
:1081700000000000000000000000000000000000FF
:1081800000000000000000000000000000000000EF
:1081900000000000000000000000000000000000DF
:1081A00000000000000000000000000000000000CF
:1081B00000000000000000000000000000000000BF
:1081C00000000000000000000000000000000000AF
:1081D000000000000000000000000000000000009F
:1081E000000000000000000000000000000000008F
:1081F000000000000000000000000000000000007F
:10820000000000000000000000000000000000006E
:10821000000000000000000000000000000000005E
:10822000000000000000000000000000000000004E
:10823000000000000000000000000000000000003E
:10824000000000000000000000000000000000002E
:10825000000000000000000000000000000000001E
:10826000000000000000000000000000000000000E
:1082700000000000000000000000000000000000FE
:1082800000000000000000000000000000000000EE
:1082900000000000000000000000000000000000DE
:1082A00000000000000000000000000000000000CE
:1082B00000000000000000000000000000000000BE
:1082C00000000000000000000000000000000000AE
:1082D000000000000000000000000000000000009E
:1082E000000000000000000000000000000000008E
:1082F000000000000000000000000000000000007E
:10830000000000000000000000000000000000006D
:10831000000000000000000000000000000000005D
:10832000000000000000000000000000000000004D
:10833000000000000000000000000000000000003D
:10834000000000000000000000000000000000002D
:10835000000000000000000000000000000000001D
:10836000000000000000000000000000000000000D
:1083700000000000000000000000000000000000FD
:1083800000000000000000000000000000000000ED
:1083900000000000000000000000000000000000DD
:1083A00000000000000000000000000000000000CD
:1083B00000000000000000000000000000000000BD
:1083C00000000000000000000000000000000000AD
:1083D000000000000000000000000000000000009D
:1083E000000000000000000000000000000000008D
:1083F000000000000000000000000000000000007D
:10840000000000000000000000000000000000006C
:10841000000000000000000000000000000000005C
:10842000000000000000000000000000000000004C
:10843000000000000000000000000000000000003C
:10844000000000000000000000000000000000002C
:10845000000000000000000000000000000000001C
:10846000000000000000000000000000000000000C
:1084700000000000000000000000000000000000FC
:1084800000000000000000000000000000000000EC
:1084900000000000000000000000000000000000DC
:1084A00000000000000000000000000000000000CC
:1084B00000000000000000000000000000000000BC
:1084C00000000000000000000000000000000000AC
:1084D000000000000000000000000000000000009C
:1084E000000000000000000000000000000000008C
:1084F000000000000000000000000000000000007C
:10850000000000000000000000000000000000006B
:10851000000000000000000000000000000000005B
:10852000000000000000000000000000000000004B
:10853000000000000000000000000000000000003B
:10854000000000000000000000000000000000002B
:10855000000000000000000000000000000000001B
:10856000000000000000000000000000000000000B
:1085700000000000000000000000000000000000FB
:1085800000000000000000000000000000000000EB
:1085900000000000000000000000000000000000DB
:1085A00000000000000000000000000000000000CB
:1085B00000000000000000000000000000000000BB
:1085C00000000000000000000000000000000000AB
:1085D000000000000000000000000000000000009B
:1085E000000000000000000000000000000000008B
:1085F000000000000000000000000000000000007B
:10860000000000000000000000000000000000006A
:10861000000000000000000000000000000000005A
:10862000000000000000000000000000000000004A
:10863000000000000000000000000000000000003A
:10864000000000000000000000000000000000002A
:10865000000000000000000000000000000000001A
:10866000000000000000000000000000000000000A
:1086700000000000000000000000000000000000FA
:1086800000000000000000000000000000000000EA
:1086900000000000000000000000000000000000DA
:1086A00000000000000000000000000000000000CA
:1086B00000000000000000000000000000000000BA
:1086C00000000000000000000000000000000000AA
:1086D000000000000000000000000000000000009A
:1086E000000000000000000000000000000000008A
:1086F000000000000000000000000000000000007A
:108700000000000000000000000000000000000069
:108710000000000000000000000000000000000059
:108720000000000000000000000000000000000049
:108730000000000000000000000000000000000039
:108740000000000000000000000000000000000029
:108750000000000000000000000000000000000019
:108760000000000000000000000000000000000009
:1087700000000000000000000000000000000000F9
:1087800000000000000000000000000000000000E9
:1087900000000000000000000000000000000000D9
:1087A00000000000000000000000000000000000C9
:1087B00000000000000000000000000000000000B9
:1087C00000000000000000000000000000000000A9
:1087D0000000000000000000000000000000000099
:1087E0000000000000000000000000000000000089
:1087F0000000000000000000000000000000000079
:108800000000000000000000000000000000000068
:108810000000000000000000000000000000000058
:108820000000000000000000000000000000000048
:108830000000000000000000000000000000000038
:108840000000000000000000000000000000000028
:108850000000000000000000000000000000000018
:108860000000000000000000000000000000000008
:1088700000000000000000000000000000000000F8
:1088800000000000000000000000000000000000E8
:1088900000000000000000000000000000000000D8
:1088A00000000000000000000000000000000000C8
:1088B00000000000000000000000000000000000B8
:1088C00000000000000000000000000000000000A8
:1088D0000000000000000000000000000000000098
:1088E0000000000000000000000000000000000088
:1088F0000000000000000000000000000000000078
:108900000000000000000000000000000000000067
:108910000000000000000000000000000000000057
:108920000000000000000000000000000000000047
:108930000000000000000000000000000000000037
:108940000000000000000000000000000000000027
:108950000000000000000000000000000000000017
:108960000000000000000000000000000000000007
:1089700000000000000000000000000000000000F7
:1089800000000000000000000000000000000000E7
:1089900000000000000000000000000000000000D7
:1089A00000000000000000000000000000000000C7
:1089B00000000000000000000000000000000000B7
:1089C00000000000000000000000000000000000A7
:1089D0000000000000000000000000000000000097
:1089E0000000000000000000000000000000000087
:1089F0000000000000000000000000000000000077
:108A00000000000000000000000000000000000066
:108A10000000000000000000000000000000000056
:108A20000000000000000000000000000000000046
:108A30000000000000000000000000000000000036
:108A40000000000000000000000000000000000026
:108A50000000000000000000000000000000000016
:108A60000000000000000000000000000000000006
:108A700000000000000000000000000000000000F6
:108A800000000000000000000000000000000000E6
:108A900000000000000000000000000000000000D6
:108AA00000000000000000000000000000000000C6
:108AB00000000000000000000000000000000000B6
:108AC00000000000000000000000000000000000A6
:108AD0000000000000000000000000000000000096
:108AE0000000000000000000000000000000000086
:108AF0000000000000000000000000000000000076
:108B00000000000000000000000000000000000065
:108B10000000000000000000000000000000000055
:108B20000000000000000000000000000000000045
:108B30000000000000000000000000000000000035
:108B40000000000000000000000000000000000025
:108B50000000000000000000000000000000000015
:108B60000000000000000000000000000000000005
:108B700000000000000000000000000000000000F5
:108B800000000000000000000000000000000000E5
:108B900000000000000000000000000000000000D5
:108BA00000000000000000000000000000000000C5
:108BB00000000000000000000000000000000000B5
:108BC00000000000000000000000000000000000A5
:108BD0000000000000000000000000000000000095
:108BE0000000000000000000000000000000000085
:108BF0000000000000000000000000000000000075
:108C00000000000000000000000000000000000064
:108C10000000000000000000000000000000000054
:108C20000000000000000000000000000000000044
:108C30000000000000000000000000000000000034
:108C40000000000000000000000000000000000024
:108C50000000000000000000000000000000000014
:108C60000000000000000000000000000000000004
:108C700000000000000000000000000000000000F4
:108C800000000000000000000000000000000000E4
:108C900000000000000000000000000000000000D4
:108CA00000000000000000000000000000000000C4
:108CB00000000000000000000000000000000000B4
:108CC00000000000000000000000000000000000A4
:108CD0000000000000000000000000000000000094
:108CE0000000000000000000000000000000000084
:108CF0000000000000000000000000000000000074
:108D00000000000000000000000000000000000063
:108D10000000000000000000000000000000000053
:108D20000000000000000000000000000000000043
:108D30000000000000000000000000000000000033
:108D40000000000000000000000000000000000023
:108D50000000000000000000000000000000000013
:108D60000000000000000000000000000000000003
:108D700000000000000000000000000000000000F3
:108D800000000000000000000000000000000000E3
:108D900000000000000000000000000000000000D3
:108DA00000000000000000000000000000000000C3
:108DB00000000000000000000000000000000000B3
:108DC00000000000000000000000000000000000A3
:108DD0000000000000000000000000000000000093
:108DE0000000000000000000000000000000000083
:108DF0000000000000000000000000000000000073
:108E00000000000000000000000000000000000062
:108E10000000000000000000000000000000000052
:108E20000000000000000000000000000000000042
:108E30000000000000000000000000000000000032
:108E40000000000000000000000000000000000022
:108E50000000000000000000000000000000000012
:108E60000000000000000000000000000000000002
:108E700000000000000000000000000000000000F2
:108E800000000000000000000000000000000000E2
:108E900000000000000000000000000000000000D2
:108EA00000000000000000000000000000000000C2
:108EB00000000000000000000000000000000000B2
:108EC00000000000000000000000000000000000A2
:108ED0000000000000000000000000000000000092
:108EE0000000000000000000000000000000000082
:108EF0000000000000000000000000000000000072
:108F00000000000000000000000000000000000061
:108F10000000000000000000000000000000000051
:108F20000000000000000000000000000000000041
:108F30000000000000000000000000000000000031
:108F40000000000000000000000000000000000021
:108F50000000000000000000000000000000000011
:108F60000000000000000000000000000000000001
:108F700000000000000000000000000000000000F1
:108F800000000000000000000000000000000000E1
:108F900000000000000000000000000000000000D1
:108FA00000000000000000000000000000000000C1
:108FB00000000000000000000000000000000000B1
:108FC00000000000000000000000000000000000A1
:108FD0000000000000000000000000000000000091
:108FE0000000000000000000000000000000000081
:108FF0000000000000000000000000000000000071
:109000000000000000000000000000000000000060
:109010000000000000000000000000000000000050
:109020000000000000000000000000000000000040
:109030000000000000000000000000000000000030
:109040000000000000000000000000000000000020
:109050000000000000000000000000000000000010
:109060000000000000000000000000000000000000
:1090700000000000000000000000000000000000F0
:1090800000000000000000000000000000000000E0
:1090900000000000000000000000000000000000D0
:1090A00000000000000000000000000000000000C0
:1090B00000000000000000000000000000000000B0
:1090C00000000000000000000000000000000000A0
:1090D0000000000000000000000000000000000090
:1090E0000000000000000000000000000000000080
:1090F0000000000000000000000000000000000070
:10910000000000000000000000000000000000005F
:10911000000000000000000000000000000000004F
:10912000000000000000000000000000000000003F
:10913000000000000000000000000000000000002F
:10914000000000000000000000000000000000001F
:10915000000000000000000000000000000000000F
:1091600000000000000000000000000000000000FF
:1091700000000000000000000000000000000000EF
:1091800000000000000000000000000000000000DF
:1091900000000000000000000000000000000000CF
:1091A00000000000000000000000000000000000BF
:1091B00000000000000000000000000000000000AF
:1091C000000000000000000000000000000000009F
:1091D000000000000000000000000000000000008F
:1091E000000000000000000000000000000000007F
:1091F000000000000000000000000000000000006F
:10920000000000000000000000000000000000005E
:10921000000000000000000000000000000000004E
:10922000000000000000000000000000000000003E
:10923000000000000000000000000000000000002E
:10924000000000000000000000000000000000001E
:10925000000000000000000000000000000000000E
:1092600000000000000000000000000000000000FE
:1092700000000000000000000000000000000000EE
:1092800000000000000000000000000000000000DE
:1092900000000000000000000000000000000000CE
:1092A00000000000000000000000000000000000BE
:1092B00000000000000000000000000000000000AE
:1092C000000000000000000000000000000000009E
:1092D000000000000000000000000000000000008E
:1092E000000000000000000000000000000000007E
:1092F000000000000000000000000000000000006E
:10930000000000000000000000000000000000005D
:10931000000000000000000000000000000000004D
:10932000000000000000000000000000000000003D
:10933000000000000000000000000000000000002D
:10934000000000000000000000000000000000001D
:10935000000000000000000000000000000000000D
:1093600000000000000000000000000000000000FD
:1093700000000000000000000000000000000000ED
:1093800000000000000000000000000000000000DD
:1093900000000000000000000000000000000000CD
:1093A00000000000000000000000000000000000BD
:1093B00000000000000000000000000000000000AD
:1093C000000000000000000000000000000000009D
:1093D000000000000000000000000000000000008D
:1093E000000000000000000000000000000000007D
:1093F000000000000000000000000000000000006D
:10940000000000000000000000000000000000005C
:10941000000000000000000000000000000000004C
:10942000000000000000000000000000000000003C
:10943000000000000000000000000000000000002C
:10944000000000000000000000000000000000001C
:10945000000000000000000000000000000000000C
:1094600000000000000000000000000000000000FC
:1094700000000000000000000000000000000000EC
:1094800000000000000000000000000000000000DC
:1094900000000000000000000000000000000000CC
:1094A00000000000000000000000000000000000BC
:1094B00000000000000000000000000000000000AC
:1094C000000000000000000000000000000000009C
:1094D000000000000000000000000000000000008C
:1094E000000000000000000000000000000000007C
:1094F000000000000000000000000000000000006C
:10950000000000000000000000000000000000005B
:10951000000000000000000000000000000000004B
:10952000000000000000000000000000000000003B
:10953000000000000000000000000000000000002B
:10954000000000000000000000000000000000001B
:10955000000000000000000000000000000000000B
:1095600000000000000000000000000000000000FB
:1095700000000000000000000000000000000000EB
:1095800000000000000000000000000000000000DB
:1095900000000000000000000000000000000000CB
:1095A00000000000000000000000000000000000BB
:1095B00000000000000000000000000000000000AB
:1095C000000000000000000000000000000000009B
:1095D000000000000000000000000000000000008B
:1095E000000000000000000000000000000000007B
:1095F000000000000000000000000000000000006B
:10960000000000000000000000000000000000005A
:10961000000000000000000000000000000000004A
:10962000000000000000000000000000000000003A
:10963000000000000000000000000000000000002A
:10964000000000000000000000000000000000001A
:10965000000000000000000000000000000000000A
:1096600000000000000000000000000000000000FA
:1096700000000000000000000000000000000000EA
:1096800000000000000000000000000000000000DA
:1096900000000000000000000000000000000000CA
:1096A00000000000000000000000000000000000BA
:1096B00000000000000000000000000000000000AA
:1096C000000000000000000000000000000000009A
:1096D000000000000000000000000000000000008A
:1096E000000000000000000000000000000000007A
:1096F000000000000000000000000000000000006A
:109700000000000000000000000000000000000059
:109710000000000000000000000000000000000049
:109720000000000000000000000000000000000039
:109730000000000000000000000000000000000029
:109740000000000000000000000000000000000019
:109750000000000000000000000000000000000009
:1097600000000000000000000000000000000000F9
:1097700000000000000000000000000000000000E9
:1097800000000000000000000000000000000000D9
:1097900000000000000000000000000000000000C9
:1097A00000000000000000000000000000000000B9
:1097B00000000000000000000000000000000000A9
:1097C0000000000000000000000000000000000099
:1097D0000000000000000000000000000000000089
:1097E0000000000000000000000000000000000079
:1097F0000000000000000000000000000000000069
:109800000000000000000000000000000000000058
:109810000000000000000000000000000000000048
:109820000000000000000000000000000000000038
:109830000000000000000000000000000000000028
:109840000000000000000000000000000000000018
:109850000000000000000000000000000000000008
:1098600000000000000000000000000000000000F8
:1098700000000000000000000000000000000000E8
:1098800000000000000000000000000000000000D8
:1098900000000000000000000000000000000000C8
:1098A00000000000000000000000000000000000B8
:1098B00000000000000000000000000000000000A8
:1098C0000000000000000000000000000000000098
:1098D0000000000000000000000000000000000088
:1098E0000000000000000000000000000000000078
:1098F0000000000000000000000000000000000068
:109900000000000000000000000000000000000057
:109910000000000000000000000000000000000047
:109920000000000000000000000000000000000037
:109930000000000000000000000000000000000027
:109940000000000000000000000000000000000017
:109950000000000000000000000000000000000007
:1099600000000000000000000000000000000000F7
:1099700000000000000000000000000000000000E7
:1099800000000000000000000000000000000000D7
:1099900000000000000000000000000000000000C7
:1099A00000000000000000000000000000000000B7
:1099B00000000000000000000000000000000000A7
:1099C0000000000000000000000000000000000097
:1099D0000000000000000000000000000000000087
:1099E0000000000000000000000000000000000077
:1099F0000000000000000000000000000000000067
:109A00000000000000000000000000000000000056
:109A10000000000000000000000000000000000046
:109A20000000000000000000000000000000000036
:109A30000000000000000000000000000000000026
:109A40000000000000000000000000000000000016
:109A50000000000000000000000000000000000006
:109A600000000000000000000000000000000000F6
:109A700000000000000000000000000000000000E6
:109A800000000000000000000000000000000000D6
:109A900000000000000000000000000000000000C6
:109AA00000000000000000000000000000000000B6
:109AB00000000000000000000000000000000000A6
:109AC0000000000000000000000000000000000096
:109AD0000000000000000000000000000000000086
:109AE0000000000000000000000000000000000076
:109AF0000000000000000000000000000000000066
:109B00000000000000000000000000000000000055
:109B10000000000000000000000000000000000045
:109B20000000000000000000000000000000000035
:109B30000000000000000000000000000000000025
:109B40000000000000000000000000000000000015
:109B50000000000000000000000000000000000005
:109B600000000000000000000000000000000000F5
:109B700000000000000000000000000000000000E5
:109B800000000000000000000000000000000000D5
:109B900000000000000000000000000000000000C5
:109BA00000000000000000000000000000000000B5
:109BB00000000000000000000000000000000000A5
:109BC0000000000000000000000000000000000095
:109BD0000000000000000000000000000000000085
:109BE0000000000000000000000000000000000075
:109BF0000000000000000000000000000000000065
:109C00000000000000000000000000000000000054
:109C10000000000000000000000000000000000044
:109C20000000000000000000000000000000000034
:109C30000000000000000000000000000000000024
:109C40000000000000000000000000000000000014
:109C50000000000000000000000000000000000004
:109C600000000000000000000000000000000000F4
:109C700000000000000000000000000000000000E4
:109C800000000000000000000000000000000000D4
:109C900000000000000000000000000000000000C4
:109CA00000000000000000000000000000000000B4
:109CB00000000000000000000000000000000000A4
:109CC0000000000000000000000000000000000094
:109CD0000000000000000000000000000000000084
:109CE0000000000000000000000000000000000074
:109CF0000000000000000000000000000000000064
:109D00000000000000000000000000000000000053
:109D10000000000000000000000000000000000043
:109D20000000000000000000000000000000000033
:109D30000000000000000000000000000000000023
:109D40000000000000000000000000000000000013
:109D50000000000000000000000000000000000003
:109D600000000000000000000000000000000000F3
:109D700000000000000000000000000000000000E3
:109D800000000000000000000000000000000000D3
:109D900000000000000000000000000000000000C3
:109DA00000000000000000000000000000000000B3
:109DB00000000000000000000000000000000000A3
:109DC0000000000000000000000000000000000093
:109DD0000000000000000000000000000000000083
:109DE0000000000000000000000000000000000073
:109DF0000000000000000000000000000000000063
:109E00000000000000000000000000000000000052
:109E10000000000000000000000000000000000042
:109E20000000000000000000000000000000000032
:109E30000000000000000000000000000000000022
:109E40000000000000000000000000000000000012
:109E50000000000000000000000000000000000002
:109E600000000000000000000000000000000000F2
:109E700000000000000000000000000000000000E2
:109E800000000000000000000000000000000000D2
:109E900000000000000000000000000000000000C2
:109EA00000000000000000000000000000000000B2
:109EB00000000000000000000000000000000000A2
:109EC0000000000000000000000000000000000092
:109ED0000000000000000000000000000000000082
:109EE0000000000000000000000000000000000072
:109EF0000000000000000000000000000000000062
:109F00000000000000000000000000000000000051
:109F10000000000000000000000000000000000041
:109F20000000000000000000000000000000000031
:109F30000000000000000000000000000000000021
:109F40000000000000000000000000000000000011
:109F50000000000000000000000000000000000001
:109F600000000000000000000000000000000000F1
:109F700000000000000000000000000000000000E1
:109F800000000000000000000000000000000000D1
:109F900000000000000000000000000000000000C1
:109FA00000000000000000000000000000000000B1
:109FB00000000000000000000000000000000000A1
:109FC0000000000000000000000000000000000091
:109FD0000000000000000000000000000000000081
:109FE0000000000000000000000000000000000071
:109FF0000000000000000000000000000000000061
:10A000000000000000000000000000000000000050
:10A010000000000000000000000000000000000040
:10A020000000000000000000000000000000000030
:10A030000000000000000000000000000000000020
:10A040000000000000000000000000000000000010
:10A050000000000000000000000000000000000000
:10A0600000000000000000000000000000000000F0
:10A0700000000000000000000000000000000000E0
:10A0800000000000000000000000000000000000D0
:10A0900000000000000000000000000000000000C0
:10A0A00000000000000000000000000000000000B0
:10A0B00000000000000000000000000000000000A0
:10A0C0000000000000000000000000000000000090
:10A0D0000000000000000000000000000000000080
:10A0E0000000000000000000000000000000000070
:10A0F0000000000000000000000000000000000060
:10A10000000000000000000000000000000000004F
:10A11000000000000000000000000000000000003F
:10A12000000000000000000000000000000000002F
:10A13000000000000000000000000000000000001F
:10A14000000000000000000000000000000000000F
:10A1500000000000000000000000000000000000FF
:10A1600000000000000000000000000000000000EF
:10A1700000000000000000000000000000000000DF
:10A1800000000000000000000000000000000000CF
:10A1900000000000000000000000000000000000BF
:10A1A00000000000000000000000000000000000AF
:10A1B000000000000000000000000000000000009F
:10A1C000000000000000000000000000000000008F
:10A1D000000000000000000000000000000000007F
:10A1E000000000000000000000000000000000006F
:10A1F000000000000000000000000000000000005F
:10A20000000000000000000000000000000000004E
:10A21000000000000000000000000000000000003E
:10A22000000000000000000000000000000000002E
:10A23000000000000000000000000000000000001E
:10A24000000000000000000000000000000000000E
:10A2500000000000000000000000000000000000FE
:10A2600000000000000000000000000000000000EE
:10A2700000000000000000000000000000000000DE
:10A2800000000000000000000000000000000000CE
:10A2900000000000000000000000000000000000BE
:10A2A00000000000000000000000000000000000AE
:10A2B000000000000000000000000000000000009E
:10A2C000000000000000000000000000000000008E
:10A2D000000000000000000000000000000000007E
:10A2E000000000000000000000000000000000006E
:10A2F000000000000000000000000000000000005E
:10A30000000000000000000000000000000000004D
:10A31000000000000000000000000000000000003D
:10A32000000000000000000000000000000000002D
:10A33000000000000000000000000000000000001D
:10A34000000000000000000000000000000000000D
:10A3500000000000000000000000000000000000FD
:10A3600000000000000000000000000000000000ED
:10A3700000000000000000000000000000000000DD
:10A3800000000000000000000000000000000000CD
:10A3900000000000000000000000000000000000BD
:10A3A00000000000000000000000000000000000AD
:10A3B000000000000000000000000000000000009D
:10A3C000000000000000000000000000000000008D
:10A3D000000000000000000000000000000000007D
:10A3E000000000000000000000000000000000006D
:10A3F000000000000000000000000000000000005D
:10A40000000000000000000000000000000000004C
:10A41000000000000000000000000000000000003C
:10A42000000000000000000000000000000000002C
:10A43000000000000000000000000000000000001C
:10A44000000000000000000000000000000000000C
:10A4500000000000000000000000000000000000FC
:10A4600000000000000000000000000000000000EC
:10A4700000000000000000000000000000000000DC
:10A4800000000000000000000000000000000000CC
:10A4900000000000000000000000000000000000BC
:10A4A00000000000000000000000000000000000AC
:10A4B000000000000000000000000000000000009C
:10A4C000000000000000000000000000000000008C
:10A4D000000000000000000000000000000000007C
:10A4E000000000000000000000000000000000006C
:10A4F000000000000000000000000000000000005C
:10A50000000000000000000000000000000000004B
:10A51000000000000000000000000000000000003B
:10A52000000000000000000000000000000000002B
:10A53000000000000000000000000000000000001B
:10A54000000000000000000000000000000000000B
:10A5500000000000000000000000000000000000FB
:10A5600000000000000000000000000000000000EB
:10A5700000000000000000000000000000000000DB
:10A5800000000000000000000000000000000000CB
:10A5900000000000000000000000000000000000BB
:10A5A00000000000000000000000000000000000AB
:10A5B000000000000000000000000000000000009B
:10A5C000000000000000000000000000000000008B
:10A5D000000000000000000000000000000000007B
:10A5E000000000000000000000000000000000006B
:10A5F000000000000000000000000000000000005B
:10A60000000000000000000000000000000000004A
:10A61000000000000000000000000000000000003A
:10A62000000000000000000000000000000000002A
:10A63000000000000000000000000000000000001A
:10A64000000000000000000000000000000000000A
:10A6500000000000000000000000000000000000FA
:10A6600000000000000000000000000000000000EA
:10A6700000000000000000000000000000000000DA
:10A6800000000000000000000000000000000000CA
:10A6900000000000000000000000000000000000BA
:10A6A00000000000000000000000000000000000AA
:10A6B000000000000000000000000000000000009A
:10A6C000000000000000000000000000000000008A
:10A6D000000000000000000000000000000000007A
:10A6E000000000000000000000000000000000006A
:10A6F000000000000000000000000000000000005A
:10A700000000000000000000000000000000000049
:10A710000000000000000000000000000000000039
:10A720000000000000000000000000000000000029
:10A730000000000000000000000000000000000019
:10A740000000000000000000000000000000000009
:10A7500000000000000000000000000000000000F9
:10A7600000000000000000000000000000000000E9
:10A7700000000000000000000000000000000000D9
:10A7800000000000000000000000000000000000C9
:10A7900000000000000000000000000000000000B9
:10A7A00000000000000000000000000000000000A9
:10A7B0000000000000000000000000000000000099
:10A7C0000000000000000000000000000000000089
:10A7D0000000000000000000000000000000000079
:10A7E0000000000000000000000000000000000069
:10A7F0000000000000000000000000000000000059
:10A800000000000000000000000000000000000048
:10A810000000000000000000000000000000000038
:10A820000000000000000000000000000000000028
:10A830000000000000000000000000000000000018
:10A840000000000000000000000000000000000008
:10A8500000000000000000000000000000000000F8
:10A8600000000000000000000000000000000000E8
:10A8700000000000000000000000000000000000D8
:10A8800000000000000000000000000000000000C8
:10A8900000000000000000000000000000000000B8
:10A8A00000000000000000000000000000000000A8
:10A8B0000000000000000000000000000000000098
:10A8C0000000000000000000000000000000000088
:10A8D0000000000000000000000000000000000078
:10A8E0000000000000000000000000000000000068
:10A8F0000000000000000000000000000000000058
:10A900000000000000000000000000000000000047
:10A910000000000000000000000000000000000037
:10A920000000000000000000000000000000000027
:10A930000000000000000000000000000000000017
:10A940000000000000000000000000000000000007
:10A9500000000000000000000000000000000000F7
:10A9600000000000000000000000000000000000E7
:10A9700000000000000000000000000000000000D7
:10A9800000000000000000000000000000000000C7
:10A9900000000000000000000000000000000000B7
:10A9A00000000000000000000000000000000000A7
:10A9B0000000000000000000000000000000000097
:10A9C0000000000000000000000000000000000087
:10A9D0000000000000000000000000000000000077
:10A9E0000000000000000000000000000000000067
:10A9F0000000000000000000000000000000000057
:10AA00000000000000000000000000000000000046
:10AA10000000000000000000000000000000000036
:10AA20000000000000000000000000000000000026
:10AA30000000000000000000000000000000000016
:10AA40000000000000000000000000000000000006
:10AA500000000000000000000000000000000000F6
:10AA600000000000000000000000000000000000E6
:10AA700000000000000000000000000000000000D6
:10AA800000000000000000000000000000000000C6
:10AA900000000000000000000000000000000000B6
:10AAA00000000000000000000000000000000000A6
:10AAB0000000000000000000000000000000000096
:10AAC0000000000000000000000000000000000086
:10AAD0000000000000000000000000000000000076
:10AAE0000000000000000000000000000000000066
:10AAF0000000000000000000000000000000000056
:10AB00000000000000000000000000000000000045
:10AB10000000000000000000000000000000000035
:10AB20000000000000000000000000000000000025
:10AB30000000000000000000000000000000000015
:10AB40000000000000000000000000000000000005
:10AB500000000000000000000000000000000000F5
:10AB600000000000000000000000000000000000E5
:10AB700000000000000000000000000000000000D5
:10AB800000000000000000000000000000000000C5
:10AB900000000000000000000000000000000000B5
:10ABA00000000000000000000000000000000000A5
:10ABB0000000000000000000000000000000000095
:10ABC0000000000000000000000000000000000085
:10ABD0000000000000000000000000000000000075
:10ABE0000000000000000000000000000000000065
:10ABF0000000000000000000000000000000000055
:10AC00000000000000000000000000000000000044
:10AC10000000000000000000000000000000000034
:10AC20000000000000000000000000000000000024
:10AC30000000000000000000000000000000000014
:10AC40000000000000000000000000000000000004
:10AC500000000000000000000000000000000000F4
:10AC600000000000000000000000000000000000E4
:10AC700000000000000000000000000000000000D4
:10AC800000000000000000000000000000000000C4
:10AC900000000000000000000000000000000000B4
:10ACA00000000000000000000000000000000000A4
:10ACB0000000000000000000000000000000000094
:10ACC0000000000000000000000000000000000084
:10ACD0000000000000000000000000000000000074
:10ACE0000000000000000000000000000000000064
:10ACF0000000000000000000000000000000000054
:10AD00000000000000000000000000000000000043
:10AD10000000000000000000000000000000000033
:10AD20000000000000000000000000000000000023
:10AD30000000000000000000000000000000000013
:10AD40000000000000000000000000000000000003
:10AD500000000000000000000000000000000000F3
:10AD600000000000000000000000000000000000E3
:10AD700000000000000000000000000000000000D3
:10AD800000000000000000000000000000000000C3
:10AD900000000000000000000000000000000000B3
:10ADA00000000000000000000000000000000000A3
:10ADB0000000000000000000000000000000000093
:10ADC0000000000000000000000000000000000083
:10ADD0000000000000000000000000000000000073
:10ADE0000000000000000000000000000000000063
:10ADF0000000000000000000000000000000000053
:10AE00000000000000000000000000000000000042
:10AE10000000000000000000000000000000000032
:10AE20000000000000000000000000000000000022
:10AE30000000000000000000000000000000000012
:10AE40000000000000000000000000000000000002
:10AE500000000000000000000000000000000000F2
:10AE600000000000000000000000000000000000E2
:10AE700000000000000000000000000000000000D2
:10AE800000000000000000000000000000000000C2
:10AE900000000000000000000000000000000000B2
:10AEA00000000000000000000000000000000000A2
:10AEB0000000000000000000000000000000000092
:10AEC0000000000000000000000000000000000082
:10AED0000000000000000000000000000000000072
:10AEE0000000000000000000000000000000000062
:10AEF0000000000000000000000000000000000052
:10AF00000000000000000000000000000000000041
:10AF10000000000000000000000000000000000031
:10AF20000000000000000000000000000000000021
:10AF30000000000000000000000000000000000011
:10AF40000000000000000000000000000000000001
:10AF500000000000000000000000000000000000F1
:10AF600000000000000000000000000000000000E1
:10AF700000000000000000000000000000000000D1
:10AF800000000000000000000000000000000000C1
:10AF900000000000000000000000000000000000B1
:10AFA00000000000000000000000000000000000A1
:10AFB0000000000000000000000000000000000091
:10AFC0000000000000000000000000000000000081
:10AFD0000000000000000000000000000000000071
:10AFE0000000000000000000000000000000000061
:10AFF0000000000000000000000000000000000051
:10B000000000000000000000000000000000000040
:10B010000000000000000000000000000000000030
:10B020000000000000000000000000000000000020
:10B030000000000000000000000000000000000010
:10B040000000000000000000000000000000000000
:10B0500000000000000000000000000000000000F0
:10B0600000000000000000000000000000000000E0
:10B0700000000000000000000000000000000000D0
:10B0800000000000000000000000000000000000C0
:10B0900000000000000000000000000000000000B0
:10B0A00000000000000000000000000000000000A0
:10B0B0000000000000000000000000000000000090
:10B0C0000000000000000000000000000000000080
:10B0D0000000000000000000000000000000000070
:10B0E0000000000000000000000000000000000060
:10B0F0000000000000000000000000000000000050
:10B10000000000000000000000000000000000003F
:10B11000000000000000000000000000000000002F
:10B12000000000000000000000000000000000001F
:10B13000000000000000000000000000000000000F
:10B1400000000000000000000000000000000000FF
:10B1500000000000000000000000000000000000EF
:10B1600000000000000000000000000000000000DF
:10B1700000000000000000000000000000000000CF
:10B1800000000000000000000000000000000000BF
:10B1900000000000000000000000000000000000AF
:10B1A000000000000000000000000000000000009F
:10B1B000000000000000000000000000000000008F
:10B1C000000000000000000000000000000000007F
:10B1D000000000000000000000000000000000006F
:10B1E000000000000000000000000000000000005F
:10B1F000000000000000000000000000000000004F
:10B20000000000000000000000000000000000003E
:10B21000000000000000000000000000000000002E
:10B22000000000000000000000000000000000001E
:10B23000000000000000000000000000000000000E
:10B2400000000000000000000000000000000000FE
:10B2500000000000000000000000000000000000EE
:10B2600000000000000000000000000000000000DE
:10B2700000000000000000000000000000000000CE
:10B2800000000000000000000000000000000000BE
:10B2900000000000000000000000000000000000AE
:10B2A000000000000000000000000000000000009E
:10B2B000000000000000000000000000000000008E
:10B2C000000000000000000000000000000000007E
:10B2D000000000000000000000000000000000006E
:10B2E000000000000000000000000000000000005E
:10B2F000000000000000000000000000000000004E
:10B30000000000000000000000000000000000003D
:10B31000000000000000000000000000000000002D
:10B32000000000000000000000000000000000001D
:10B33000000000000000000000000000000000000D
:10B3400000000000000000000000000000000000FD
:10B3500000000000000000000000000000000000ED
:10B3600000000000000000000000000000000000DD
:10B3700000000000000000000000000000000000CD
:10B3800000000000000000000000000000000000BD
:10B3900000000000000000000000000000000000AD
:10B3A000000000000000000000000000000000009D
:10B3B000000000000000000000000000000000008D
:10B3C000000000000000000000000000000000007D
:10B3D000000000000000000000000000000000006D
:10B3E000000000000000000000000000000000005D
:10B3F000000000000000000000000000000000004D
:10B40000000000000000000000000000000000003C
:10B41000000000000000000000000000000000002C
:10B42000000000000000000000000000000000001C
:10B43000000000000000000000000000000000000C
:10B4400000000000000000000000000000000000FC
:10B4500000000000000000000000000000000000EC
:10B4600000000000000000000000000000000000DC
:10B4700000000000000000000000000000000000CC
:10B4800000000000000000000000000000000000BC
:10B4900000000000000000000000000000000000AC
:10B4A000000000000000000000000000000000009C
:10B4B000000000000000000000000000000000008C
:10B4C000000000000000000000000000000000007C
:10B4D000000000000000000000000000000000006C
:10B4E000000000000000000000000000000000005C
:10B4F000000000000000000000000000000000004C
:10B50000000000000000000000000000000000003B
:10B51000000000000000000000000000000000002B
:10B52000000000000000000000000000000000001B
:10B53000000000000000000000000000000000000B
:10B5400000000000000000000000000000000000FB
:10B5500000000000000000000000000000000000EB
:10B5600000000000000000000000000000000000DB
:10B5700000000000000000000000000000000000CB
:10B5800000000000000000000000000000000000BB
:10B5900000000000000000000000000000000000AB
:10B5A000000000000000000000000000000000009B
:10B5B000000000000000000000000000000000008B
:10B5C000000000000000000000000000000000007B
:10B5D000000000000000000000000000000000006B
:10B5E000000000000000000000000000000000005B
:10B5F000000000000000000000000000000000004B
:10B60000000000000000000000000000000000003A
:10B61000000000000000000000000000000000002A
:10B62000000000000000000000000000000000001A
:10B63000000000000000000000000000000000000A
:10B6400000000000000000000000000000000000FA
:10B6500000000000000000000000000000000000EA
:10B6600000000000000000000000000000000000DA
:10B6700000000000000000000000000000000000CA
:10B6800000000000000000000000000000000000BA
:10B6900000000000000000000000000000000000AA
:10B6A000000000000000000000000000000000009A
:10B6B000000000000000000000000000000000008A
:10B6C000000000000000000000000000000000007A
:10B6D000000000000000000000000000000000006A
:10B6E000000000000000000000000000000000005A
:10B6F000000000000000000000000000000000004A
:10B700000000000000000000000000000000000039
:10B710000000000000000000000000000000000029
:10B720000000000000000000000000000000000019
:10B730000000000000000000000000000000000009
:10B7400000000000000000000000000000000000F9
:10B7500000000000000000000000000000000000E9
:10B7600000000000000000000000000000000000D9
:10B7700000000000000000000000000000000000C9
:10B7800000000000000000000000000000000000B9
:10B7900000000000000000000000000000000000A9
:10B7A0000000000000000000000000000000000099
:10B7B0000000000000000000000000000000000089
:10B7C0000000000000000000000000000000000079
:10B7D0000000000000000000000000000000000069
:10B7E0000000000000000000000000000000000059
:10B7F0000000000000000000000000000000000049
:10B800000000000000000000000000000000000038
:10B810000000000000000000000000000000000028
:10B820000000000000000000000000000000000018
:10B830000000000000000000000000000000000008
:10B8400000000000000000000000000000000000F8
:10B8500000000000000000000000000000000000E8
:10B8600000000000000000000000000000000000D8
:10B8700000000000000000000000000000000000C8
:10B8800000000000000000000000000000000000B8
:10B8900000000000000000000000000000000000A8
:10B8A0000000000000000000000000000000000098
:10B8B0000000000000000000000000000000000088
:10B8C0000000000000000000000000000000000078
:10B8D0000000000000000000000000000000000068
:10B8E0000000000000000000000000000000000058
:10B8F0000000000000000000000000000000000048
:10B900000000000000000000000000000000000037
:10B910000000000000000000000000000000000027
:10B920000000000000000000000000000000000017
:10B930000000000000000000000000000000000007
:10B9400000000000000000000000000000000000F7
:10B9500000000000000000000000000000000000E7
:10B9600000000000000000000000000000000000D7
:10B9700000000000000000000000000000000000C7
:10B9800000000000000000000000000000000000B7
:10B9900000000000000000000000000000000000A7
:10B9A0000000000000000000000000000000000097
:10B9B0000000000000000000000000000000000087
:10B9C0000000000000000000000000000000000077
:10B9D0000000000000000000000000000000000067
:10B9E0000000000000000000000000000000000057
:10B9F0000000000000000000000000000000000047
:10BA00000000000000000000000000000000000036
:10BA10000000000000000000000000000000000026
:10BA20000000000000000000000000000000000016
:10BA30000000000000000000000000000000000006
:10BA400000000000000000000000000000000000F6
:10BA500000000000000000000000000000000000E6
:10BA600000000000000000000000000000000000D6
:10BA700000000000000000000000000000000000C6
:10BA800000000000000000000000000000000000B6
:10BA900000000000000000000000000000000000A6
:10BAA0000000000000000000000000000000000096
:10BAB0000000000000000000000000000000000086
:10BAC0000000000000000000000000000000000076
:10BAD0000000000000000000000000000000000066
:10BAE0000000000000000000000000000000000056
:10BAF0000000000000000000000000000000000046
:10BB00000000000000000000000000000000000035
:10BB10000000000000000000000000000000000025
:10BB20000000000000000000000000000000000015
:10BB30000000000000000000000000000000000005
:10BB400000000000000000000000000000000000F5
:10BB500000000000000000000000000000000000E5
:10BB600000000000000000000000000000000000D5
:10BB700000000000000000000000000000000000C5
:10BB800000000000000000000000000000000000B5
:10BB900000000000000000000000000000000000A5
:10BBA0000000000000000000000000000000000095
:10BBB0000000000000000000000000000000000085
:10BBC0000000000000000000000000000000000075
:10BBD0000000000000000000000000000000000065
:10BBE0000000000000000000000000000000000055
:10BBF0000000000000000000000000000000000045
:10BC00000000000000000000000000000000000034
:10BC10000000000000000000000000000000000024
:10BC20000000000000000000000000000000000014
:10BC30000000000000000000000000000000000004
:10BC400000000000000000000000000000000000F4
:10BC500000000000000000000000000000000000E4
:10BC600000000000000000000000000000000000D4
:10BC700000000000000000000000000000000000C4
:10BC800000000000000000000000000000000000B4
:10BC900000000000000000000000000000000000A4
:10BCA0000000000000000000000000000000000094
:10BCB0000000000000000000000000000000000084
:10BCC0000000000000000000000000000000000074
:10BCD0000000000000000000000000000000000064
:10BCE0000000000000000000000000000000000054
:10BCF0000000000000000000000000000000000044
:10BD00000000000000000000000000000000000033
:10BD10000000000000000000000000000000000023
:10BD20000000000000000000000000000000000013
:10BD30000000000000000000000000000000000003
:10BD400000000000000000000000000000000000F3
:10BD500000000000000000000000000000000000E3
:10BD600000000000000000000000000000000000D3
:10BD700000000000000000000000000000000000C3
:10BD800000000000000000000000000000000000B3
:10BD900000000000000000000000000000000000A3
:10BDA0000000000000000000000000000000000093
:10BDB0000000000000000000000000000000000083
:10BDC0000000000000000000000000000000000073
:10BDD0000000000000000000000000000000000063
:10BDE0000000000000000000000000000000000053
:10BDF0000000000000000000000000000000000043
:10BE00000000000000000000000000000000000032
:10BE10000000000000000000000000000000000022
:10BE20000000000000000000000000000000000012
:10BE30000000000000000000000000000000000002
:10BE400000000000000000000000000000000000F2
:10BE500000000000000000000000000000000000E2
:10BE600000000000000000000000000000000000D2
:10BE700000000000000000000000000000000000C2
:10BE800000000000000000000000000000000000B2
:10BE900000000000000000000000000000000000A2
:10BEA0000000000000000000000000000000000092
:10BEB0000000000000000000000000000000000082
:10BEC0000000000000000000000000000000000072
:10BED0000000000000000000000000000000000062
:10BEE0000000000000000000000000000000000052
:10BEF0000000000000000000000000000000000042
:10BF00000000000000000000000000000000000031
:10BF10000000000000000000000000000000000021
:10BF20000000000000000000000000000000000011
:10BF30000000000000000000000000000000000001
:10BF400000000000000000000000000000000000F1
:10BF500000000000000000000000000000000000E1
:10BF600000000000000000000000000000000000D1
:10BF700000000000000000000000000000000000C1
:10BF800000000000000000000000000000000000B1
:10BF900000000000000000000000000000000000A1
:10BFA0000000000000000000000000000000000091
:10BFB0000000000000000000000000000000000081
:10BFC0000000000000000000000000000000000071
:10BFD0000000000000000000000000000000000061
:10BFE0000000000000000000000000000000000051
:10BFF0000000000000000000000000000000000041
:10C000000000000000000000000000000000000030
:10C010000000000000000000000000000000000020
:10C020000000000000000000000000000000000010
:10C030000000000000000000000000000000000000
:10C0400000000000000000000000000000000000F0
:10C0500000000000000000000000000000000000E0
:10C0600000000000000000000000000000000000D0
:10C0700000000000000000000000000000000000C0
:10C0800000000000000000000000000000000000B0
:10C0900000000000000000000000000000000000A0
:10C0A0000000000000000000000000000000000090
:10C0B0000000000000000000000000000000000080
:10C0C0000000000000000000000000000000000070
:10C0D0000000000000000000000000000000000060
:10C0E0000000000000000000000000000000000050
:10C0F0000000000000000000000000000000000040
:10C10000000000000000000000000000000000002F
:10C11000000000000000000000000000000000001F
:10C12000000000000000000000000000000000000F
:10C1300000000000000000000000000000000000FF
:10C1400000000000000000000000000000000000EF
:10C1500000000000000000000000000000000000DF
:10C1600000000000000000000000000000000000CF
:10C1700000000000000000000000000000000000BF
:10C1800000000000000000000000000000000000AF
:10C19000000000000000000000000000000000009F
:10C1A000000000000000000000000000000000008F
:10C1B000000000000000000000000000000000007F
:10C1C000000000000000000000000000000000006F
:10C1D000000000000000000000000000000000005F
:10C1E000000000000000000000000000000000004F
:10C1F000000000000000000000000000000000003F
:10C20000000000000000000000000000000000002E
:10C21000000000000000000000000000000000001E
:10C22000000000000000000000000000000000000E
:10C2300000000000000000000000000000000000FE
:10C2400000000000000000000000000000000000EE
:10C2500000000000000000000000000000000000DE
:10C2600000000000000000000000000000000000CE
:10C2700000000000000000000000000000000000BE
:10C2800000000000000000000000000000000000AE
:10C29000000000000000000000000000000000009E
:10C2A000000000000000000000000000000000008E
:10C2B000000000000000000000000000000000007E
:10C2C000000000000000000000000000000000006E
:10C2D000000000000000000000000000000000005E
:10C2E000000000000000000000000000000000004E
:10C2F000000000000000000000000000000000003E
:10C30000000000000000000000000000000000002D
:10C31000000000000000000000000000000000001D
:10C32000000000000000000000000000000000000D
:10C3300000000000000000000000000000000000FD
:10C3400000000000000000000000000000000000ED
:10C3500000000000000000000000000000000000DD
:10C3600000000000000000000000000000000000CD
:10C3700000000000000000000000000000000000BD
:10C3800000000000000000000000000000000000AD
:10C39000000000000000000000000000000000009D
:10C3A000000000000000000000000000000000008D
:10C3B000000000000000000000000000000000007D
:10C3C000000000000000000000000000000000006D
:10C3D000000000000000000000000000000000005D
:10C3E000000000000000000000000000000000004D
:10C3F000000000000000000000000000000000003D
:10C40000000000000000000000000000000000002C
:10C41000000000000000000000000000000000001C
:10C42000000000000000000000000000000000000C
:10C4300000000000000000000000000000000000FC
:10C4400000000000000000000000000000000000EC
:10C4500000000000000000000000000000000000DC
:10C4600000000000000000000000000000000000CC
:10C4700000000000000000000000000000000000BC
:10C4800000000000000000000000000000000000AC
:10C49000000000000000000000000000000000009C
:10C4A000000000000000000000000000000000008C
:10C4B000000000000000000000000000000000007C
:10C4C000000000000000000000000000000000006C
:10C4D000000000000000000000000000000000005C
:10C4E000000000000000000000000000000000004C
:10C4F000000000000000000000000000000000003C
:10C50000000000000000000000000000000000002B
:10C51000000000000000000000000000000000001B
:10C52000000000000000000000000000000000000B
:10C5300000000000000000000000000000000000FB
:10C5400000000000000000000000000000000000EB
:10C5500000000000000000000000000000000000DB
:10C5600000000000000000000000000000000000CB
:10C5700000000000000000000000000000000000BB
:10C5800000000000000000000000000000000000AB
:10C59000000000000000000000000000000000009B
:10C5A000000000000000000000000000000000008B
:10C5B000000000000000000000000000000000007B
:10C5C000000000000000000000000000000000006B
:10C5D000000000000000000000000000000000005B
:10C5E000000000000000000000000000000000004B
:10C5F000000000000000000000000000000000003B
:10C60000000000000000000000000000000000002A
:10C61000000000000000000000000000000000001A
:10C62000000000000000000000000000000000000A
:10C6300000000000000000000000000000000000FA
:10C6400000000000000000000000000000000000EA
:10C6500000000000000000000000000000000000DA
:10C6600000000000000000000000000000000000CA
:10C6700000000000000000000000000000000000BA
:10C6800000000000000000000000000000000000AA
:10C69000000000000000000000000000000000009A
:10C6A000000000000000000000000000000000008A
:10C6B000000000000000000000000000000000007A
:10C6C000000000000000000000000000000000006A
:10C6D000000000000000000000000000000000005A
:10C6E000000000000000000000000000000000004A
:10C6F000000000000000000000000000000000003A
:10C700000000000000000000000000000000000029
:10C710000000000000000000000000000000000019
:10C720000000000000000000000000000000000009
:10C7300000000000000000000000000000000000F9
:10C7400000000000000000000000000000000000E9
:10C7500000000000000000000000000000000000D9
:10C7600000000000000000000000000000000000C9
:10C7700000000000000000000000000000000000B9
:10C7800000000000000000000000000000000000A9
:10C790000000000000000000000000000000000099
:10C7A0000000000000000000000000000000000089
:10C7B0000000000000000000000000000000000079
:10C7C0000000000000000000000000000000000069
:10C7D0000000000000000000000000000000000059
:10C7E0000000000000000000000000000000000049
:10C7F0000000000000000000000000000000000039
:10C800000000000000000000000000000000000028
:10C810000000000000000000000000000000000018
:10C820000000000000000000000000000000000008
:10C8300000000000000000000000000000000000F8
:10C8400000000000000000000000000000000000E8
:10C8500000000000000000000000000000000000D8
:10C8600000000000000000000000000000000000C8
:10C8700000000000000000000000000000000000B8
:10C8800000000000000000000000000000000000A8
:10C890000000000000000000000000000000000098
:10C8A0000000000000000000000000000000000088
:10C8B0000000000000000000000000000000000078
:10C8C0000000000000000000000000000000000068
:10C8D0000000000000000000000000000000000058
:10C8E0000000000000000000000000000000000048
:10C8F0000000000000000000000000000000000038
:10C900000000000000000000000000000000000027
:10C910000000000000000000000000000000000017
:10C920000000000000000000000000000000000007
:10C9300000000000000000000000000000000000F7
:10C9400000000000000000000000000000000000E7
:10C9500000000000000000000000000000000000D7
:10C9600000000000000000000000000000000000C7
:10C9700000000000000000000000000000000000B7
:10C9800000000000000000000000000000000000A7
:10C990000000000000000000000000000000000097
:10C9A0000000000000000000000000000000000087
:10C9B0000000000000000000000000000000000077
:10C9C0000000000000000000000000000000000067
:10C9D0000000000000000000000000000000000057
:10C9E0000000000000000000000000000000000047
:10C9F0000000000000000000000000000000000037
:10CA00000000000000000000000000000000000026
:10CA10000000000000000000000000000000000016
:10CA20000000000000000000000000000000000006
:10CA300000000000000000000000000000000000F6
:10CA400000000000000000000000000000000000E6
:10CA500000000000000000000000000000000000D6
:10CA600000000000000000000000000000000000C6
:10CA700000000000000000000000000000000000B6
:10CA800000000000000000000000000000000000A6
:10CA90000000000000000000000000000000000096
:10CAA0000000000000000000000000000000000086
:10CAB0000000000000000000000000000000000076
:10CAC0000000000000000000000000000000000066
:10CAD0000000000000000000000000000000000056
:10CAE0000000000000000000000000000000000046
:10CAF0000000000000000000000000000000000036
:10CB00000000000000000000000000000000000025
:10CB10000000000000000000000000000000000015
:10CB20000000000000000000000000000000000005
:10CB300000000000000000000000000000000000F5
:10CB400000000000000000000000000000000000E5
:10CB500000000000000000000000000000000000D5
:10CB600000000000000000000000000000000000C5
:10CB700000000000000000000000000000000000B5
:10CB800000000000000000000000000000000000A5
:10CB90000000000000000000000000000000000095
:10CBA0000000000000000000000000000000000085
:10CBB0000000000000000000000000000000000075
:10CBC0000000000000000000000000000000000065
:10CBD0000000000000000000000000000000000055
:10CBE0000000000000000000000000000000000045
:10CBF0000000000000000000000000000000000035
:10CC00000000000000000000000000000000000024
:10CC10000000000000000000000000000000000014
:10CC20000000000000000000000000000000000004
:10CC300000000000000000000000000000000000F4
:10CC400000000000000000000000000000000000E4
:10CC500000000000000000000000000000000000D4
:10CC600000000000000000000000000000000000C4
:10CC700000000000000000000000000000000000B4
:10CC800000000000000000000000000000000000A4
:10CC90000000000000000000000000000000000094
:10CCA0000000000000000000000000000000000084
:10CCB0000000000000000000000000000000000074
:10CCC0000000000000000000000000000000000064
:10CCD0000000000000000000000000000000000054
:10CCE0000000000000000000000000000000000044
:10CCF0000000000000000000000000000000000034
:10CD00000000000000000000000000000000000023
:10CD10000000000000000000000000000000000013
:10CD20000000000000000000000000000000000003
:10CD300000000000000000000000000000000000F3
:10CD400000000000000000000000000000000000E3
:10CD500000000000000000000000000000000000D3
:10CD600000000000000000000000000000000000C3
:10CD700000000000000000000000000000000000B3
:10CD800000000000000000000000000000000000A3
:10CD90000000000000000000000000000000000093
:10CDA0000000000000000000000000000000000083
:10CDB0000000000000000000000000000000000073
:10CDC0000000000000000000000000000000000063
:10CDD0000000000000000000000000000000000053
:10CDE0000000000000000000000000000000000043
:10CDF0000000000000000000000000000000000033
:10CE00000000000000000000000000000000000022
:10CE10000000000000000000000000000000000012
:10CE20000000000000000000000000000000000002
:10CE300000000000000000000000000000000000F2
:10CE400000000000000000000000000000000000E2
:10CE500000000000000000000000000000000000D2
:10CE600000000000000000000000000000000000C2
:10CE700000000000000000000000000000000000B2
:10CE800000000000000000000000000000000000A2
:10CE90000000000000000000000000000000000092
:10CEA0000000000000000000000000000000000082
:10CEB0000000000000000000000000000000000072
:10CEC0000000000000000000000000000000000062
:10CED0000000000000000000000000000000000052
:10CEE0000000000000000000000000000000000042
:10CEF0000000000000000000000000000000000032
:10CF00000000000000000000000000000000000021
:10CF10000000000000000000000000000000000011
:10CF20000000000000000000000000000000000001
:10CF300000000000000000000000000000000000F1
:10CF400000000000000000000000000000000000E1
:10CF500000000000000000000000000000000000D1
:10CF600000000000000000000000000000000000C1
:10CF700000000000000000000000000000000000B1
:10CF800000000000000000000000000000000000A1
:10CF90000000000000000000000000000000000091
:10CFA0000000000000000000000000000000000081
:10CFB0000000000000000000000000000000000071
:10CFC0000000000000000000000000000000000061
:10CFD0000000000000000000000000000000000051
:10CFE0000000000000000000000000000000000041
:10CFF0000000000000000000000000000000000031
:10D000000000000000000000000000000000000020
:10D010000000000000000000000000000000000010
:10D020000000000000000000000000000000000000
:10D0300000000000000000000000000000000000F0
:10D0400000000000000000000000000000000000E0
:10D0500000000000000000000000000000000000D0
:10D0600000000000000000000000000000000000C0
:10D0700000000000000000000000000000000000B0
:10D0800000000000000000000000000000000000A0
:10D090000000000000000000000000000000000090
:10D0A0000000000000000000000000000000000080
:10D0B0000000000000000000000000000000000070
:10D0C0000000000000000000000000000000000060
:10D0D0000000000000000000000000000000000050
:10D0E0000000000000000000000000000000000040
:10D0F0000000000000000000000000000000000030
:10D10000000000000000000000000000000000001F
:10D11000000000000000000000000000000000000F
:10D1200000000000000000000000000000000000FF
:10D1300000000000000000000000000000000000EF
:10D1400000000000000000000000000000000000DF
:10D1500000000000000000000000000000000000CF
:10D1600000000000000000000000000000000000BF
:10D1700000000000000000000000000000000000AF
:10D18000000000000000000000000000000000009F
:10D19000000000000000000000000000000000008F
:10D1A000000000000000000000000000000000007F
:10D1B000000000000000000000000000000000006F
:10D1C000000000000000000000000000000000005F
:10D1D000000000000000000000000000000000004F
:10D1E000000000000000000000000000000000003F
:10D1F000000000000000000000000000000000002F
:10D20000000000000000000000000000000000001E
:10D21000000000000000000000000000000000000E
:10D2200000000000000000000000000000000000FE
:10D2300000000000000000000000000000000000EE
:10D2400000000000000000000000000000000000DE
:10D2500000000000000000000000000000000000CE
:10D2600000000000000000000000000000000000BE
:10D2700000000000000000000000000000000000AE
:10D28000000000000000000000000000000000009E
:10D29000000000000000000000000000000000008E
:10D2A000000000000000000000000000000000007E
:10D2B000000000000000000000000000000000006E
:10D2C000000000000000000000000000000000005E
:10D2D000000000000000000000000000000000004E
:10D2E000000000000000000000000000000000003E
:10D2F000000000000000000000000000000000002E
:10D30000000000000000000000000000000000001D
:10D31000000000000000000000000000000000000D
:10D3200000000000000000000000000000000000FD
:10D3300000000000000000000000000000000000ED
:10D3400000000000000000000000000000000000DD
:10D3500000000000000000000000000000000000CD
:10D3600000000000000000000000000000000000BD
:10D3700000000000000000000000000000000000AD
:10D38000000000000000000000000000000000009D
:10D39000000000000000000000000000000000008D
:10D3A000000000000000000000000000000000007D
:10D3B000000000000000000000000000000000006D
:10D3C000000000000000000000000000000000005D
:10D3D000000000000000000000000000000000004D
:10D3E000000000000000000000000000000000003D
:10D3F000000000000000000000000000000000002D
:10D40000000000000000000000000000000000001C
:10D41000000000000000000000000000000000000C
:10D4200000000000000000000000000000000000FC
:10D4300000000000000000000000000000000000EC
:10D4400000000000000000000000000000000000DC
:10D4500000000000000000000000000000000000CC
:10D4600000000000000000000000000000000000BC
:10D4700000000000000000000000000000000000AC
:10D48000000000000000000000000000000000009C
:10D49000000000000000000000000000000000008C
:10D4A000000000000000000000000000000000007C
:10D4B000000000000000000000000000000000006C
:10D4C000000000000000000000000000000000005C
:10D4D000000000000000000000000000000000004C
:10D4E000000000000000000000000000000000003C
:10D4F000000000000000000000000000000000002C
:10D50000000000000000000000000000000000001B
:10D51000000000000000000000000000000000000B
:10D5200000000000000000000000000000000000FB
:10D5300000000000000000000000000000000000EB
:10D5400000000000000000000000000000000000DB
:10D5500000000000000000000000000000000000CB
:10D5600000000000000000000000000000000000BB
:10D5700000000000000000000000000000000000AB
:10D58000000000000000000000000000000000009B
:10D59000000000000000000000000000000000008B
:10D5A000000000000000000000000000000000007B
:10D5B000000000000000000000000000000000006B
:10D5C000000000000000000000000000000000005B
:10D5D000000000000000000000000000000000004B
:10D5E000000000000000000000000000000000003B
:10D5F000000000000000000000000000000000002B
:10D60000000000000000000000000000000000001A
:10D61000000000000000000000000000000000000A
:10D6200000000000000000000000000000000000FA
:10D6300000000000000000000000000000000000EA
:10D6400000000000000000000000000000000000DA
:10D6500000000000000000000000000000000000CA
:10D6600000000000000000000000000000000000BA
:10D6700000000000000000000000000000000000AA
:10D68000000000000000000000000000000000009A
:10D69000000000000000000000000000000000008A
:10D6A000000000000000000000000000000000007A
:10D6B000000000000000000000000000000000006A
:10D6C000000000000000000000000000000000005A
:10D6D000000000000000000000000000000000004A
:10D6E000000000000000000000000000000000003A
:10D6F000000000000000000000000000000000002A
:10D700000000000000000000000000000000000019
:10D710000000000000000000000000000000000009
:10D7200000000000000000000000000000000000F9
:10D7300000000000000000000000000000000000E9
:10D7400000000000000000000000000000000000D9
:10D7500000000000000000000000000000000000C9
:10D7600000000000000000000000000000000000B9
:10D7700000000000000000000000000000000000A9
:10D780000000000000000000000000000000000099
:10D790000000000000000000000000000000000089
:10D7A0000000000000000000000000000000000079
:10D7B0000000000000000000000000000000000069
:10D7C0000000000000000000000000000000000059
:10D7D0000000000000000000000000000000000049
:10D7E0000000000000000000000000000000000039
:10D7F0000000000000000000000000000000000029
:10D800000000000000000000000000000000000018
:10D810000000000000000000000000000000000008
:10D8200000000000000000000000000000000000F8
:10D8300000000000000000000000000000000000E8
:10D8400000000000000000000000000000000000D8
:10D8500000000000000000000000000000000000C8
:10D8600000000000000000000000000000000000B8
:10D8700000000000000000000000000000000000A8
:10D880000000000000000000000000000000000098
:10D890000000000000000000000000000000000088
:10D8A0000000000000000000000000000000000078
:10D8B0000000000000000000000000000000000068
:10D8C0000000000000000000000000000000000058
:10D8D0000000000000000000000000000000000048
:10D8E0000000000000000000000000000000000038
:10D8F0000000000000000000000000000000000028
:10D900000000000000000000000000000000000017
:10D910000000000000000000000000000000000007
:10D9200000000000000000000000000000000000F7
:10D9300000000000000000000000000000000000E7
:10D9400000000000000000000000000000000000D7
:10D9500000000000000000000000000000000000C7
:10D9600000000000000000000000000000000000B7
:10D9700000000000000000000000000000000000A7
:10D980000000000000000000000000000000000097
:10D990000000000000000000000000000000000087
:10D9A0000000000000000000000000000000000077
:10D9B0000000000000000000000000000000000067
:10D9C0000000000000000000000000000000000057
:10D9D0000000000000000000000000000000000047
:10D9E0000000000000000000000000000000000037
:10D9F0000000000000000000000000000000000027
:10DA00000000000000000000000000000000000016
:10DA10000000000000000000000000000000000006
:10DA200000000000000000000000000000000000F6
:10DA300000000000000000000000000000000000E6
:10DA400000000000000000000000000000000000D6
:10DA500000000000000000000000000000000000C6
:10DA600000000000000000000000000000000000B6
:10DA700000000000000000000000000000000000A6
:10DA80000000000000000000000000000000000096
:10DA90000000000000000000000000000000000086
:10DAA0000000000000000000000000000000000076
:10DAB0000000000000000000000000000000000066
:10DAC0000000000000000000000000000000000056
:10DAD0000000000000000000000000000000000046
:10DAE0000000000000000000000000000000000036
:10DAF0000000000000000000000000000000000026
:10DB00000000000000000000000000000000000015
:10DB10000000000000000000000000000000000005
:10DB200000000000000000000000000000000000F5
:10DB300000000000000000000000000000000000E5
:10DB400000000000000000000000000000000000D5
:10DB500000000000000000000000000000000000C5
:10DB600000000000000000000000000000000000B5
:10DB700000000000000000000000000000000000A5
:10DB80000000000000000000000000000000000095
:10DB90000000000000000000000000000000000085
:10DBA0000000000000000000000000000000000075
:10DBB0000000000000000000000000000000000065
:10DBC0000000000000000000000000000000000055
:10DBD0000000000000000000000000000000000045
:10DBE0000000000000000000000000000000000035
:10DBF0000000000000000000000000000000000025
:10DC00000000000000000000000000000000000014
:10DC10000000000000000000000000000000000004
:10DC200000000000000000000000000000000000F4
:10DC300000000000000000000000000000000000E4
:10DC400000000000000000000000000000000000D4
:10DC500000000000000000000000000000000000C4
:10DC600000000000000000000000000000000000B4
:10DC700000000000000000000000000000000000A4
:10DC80000000000000000000000000000000000094
:10DC90000000000000000000000000000000000084
:10DCA0000000000000000000000000000000000074
:10DCB0000000000000000000000000000000000064
:10DCC0000000000000000000000000000000000054
:10DCD0000000000000000000000000000000000044
:10DCE0000000000000000000000000000000000034
:10DCF0000000000000000000000000000000000024
:10DD00000000000000000000000000000000000013
:10DD10000000000000000000000000000000000003
:10DD200000000000000000000000000000000000F3
:10DD300000000000000000000000000000000000E3
:10DD400000000000000000000000000000000000D3
:10DD500000000000000000000000000000000000C3
:10DD600000000000000000000000000000000000B3
:10DD700000000000000000000000000000000000A3
:10DD80000000000000000000000000000000000093
:10DD90000000000000000000000000000000000083
:10DDA0000000000000000000000000000000000073
:10DDB0000000000000000000000000000000000063
:10DDC0000000000000000000000000000000000053
:10DDD0000000000000000000000000000000000043
:10DDE0000000000000000000000000000000000033
:10DDF0000000000000000000000000000000000023
:10DE00000000000000000000000000000000000012
:10DE10000000000000000000000000000000000002
:10DE200000000000000000000000000000000000F2
:10DE300000000000000000000000000000000000E2
:10DE400000000000000000000000000000000000D2
:10DE500000000000000000000000000000000000C2
:10DE600000000000000000000000000000000000B2
:10DE700000000000000000000000000000000000A2
:10DE80000000000000000000000000000000000092
:10DE90000000000000000000000000000000000082
:10DEA0000000000000000000000000000000000072
:10DEB0000000000000000000000000000000000062
:10DEC0000000000000000000000000000000000052
:10DED0000000000000000000000000000000000042
:10DEE0000000000000000000000000000000000032
:10DEF0000000000000000000000000000000000022
:10DF00000000000000000000000000000000000011
:10DF10000000000000000000000000000000000001
:10DF200000000000000000000000000000000000F1
:10DF300000000000000000000000000000000000E1
:10DF400000000000000000000000000000000000D1
:10DF500000000000000000000000000000000000C1
:10DF600000000000000000000000000000000000B1
:10DF700000000000000000000000000000000000A1
:10DF80000000000000000000000000000000000091
:10DF90000000000000000000000000000000000081
:10DFA0000000000000000000000000000000000071
:10DFB0000000000000000000000000000000000061
:10DFC0000000000000000000000000000000000051
:10DFD0000000000000000000000000000000000041
:10DFE0000000000000000000000000000000000031
:10DFF0000000000000000000000000000000000021
:10E000000000000000000000000000000000000010
:10E010000000000000000000000000000000000000
:10E0200000000000000000000000000000000000F0
:10E0300000000000000000000000000000000000E0
:10E0400000000000000000000000000000000000D0
:10E0500000000000000000000000000000000000C0
:10E0600000000000000000000000000000000000B0
:10E0700000000000000000000000000000000000A0
:10E080000000000000000000000000000000000090
:10E090000000000000000000000000000000000080
:10E0A0000000000000000000000000000000000070
:10E0B0000000000000000000000000000000000060
:10E0C0000000000000000000000000000000000050
:10E0D0000000000000000000000000000000000040
:10E0E0000000000000000000000000000000000030
:10E0F0000000000000000000000000000000000020
:10E10000000000000000000000000000000000000F
:10E1100000000000000000000000000000000000FF
:10E1200000000000000000000000000000000000EF
:10E1300000000000000000000000000000000000DF
:10E1400000000000000000000000000000000000CF
:10E1500000000000000000000000000000000000BF
:10E1600000000000000000000000000000000000AF
:10E17000000000000000000000000000000000009F
:10E18000000000000000000000000000000000008F
:10E19000000000000000000000000000000000007F
:10E1A000000000000000000000000000000000006F
:10E1B000000000000000000000000000000000005F
:10E1C000000000000000000000000000000000004F
:10E1D000000000000000000000000000000000003F
:10E1E000000000000000000000000000000000002F
:10E1F000000000000000000000000000000000001F
:10E20000000000000000000000000000000000000E
:10E2100000000000000000000000000000000000FE
:10E2200000000000000000000000000000000000EE
:10E2300000000000000000000000000000000000DE
:10E2400000000000000000000000000000000000CE
:10E2500000000000000000000000000000000000BE
:10E2600000000000000000000000000000000000AE
:10E27000000000000000000000000000000000009E
:10E28000000000000000000000000000000000008E
:10E29000000000000000000000000000000000007E
:10E2A000000000000000000000000000000000006E
:10E2B000000000000000000000000000000000005E
:10E2C000000000000000000000000000000000004E
:10E2D000000000000000000000000000000000003E
:10E2E000000000000000000000000000000000002E
:10E2F000000000000000000000000000000000001E
:10E30000000000000000000000000000000000000D
:10E3100000000000000000000000000000000000FD
:10E3200000000000000000000000000000000000ED
:10E3300000000000000000000000000000000000DD
:10E3400000000000000000000000000000000000CD
:10E3500000000000000000000000000000000000BD
:10E3600000000000000000000000000000000000AD
:10E37000000000000000000000000000000000009D
:10E38000000000000000000000000000000000008D
:10E39000000000000000000000000000000000007D
:10E3A000000000000000000000000000000000006D
:10E3B000000000000000000000000000000000005D
:10E3C000000000000000000000000000000000004D
:10E3D000000000000000000000000000000000003D
:10E3E000000000000000000000000000000000002D
:10E3F000000000000000000000000000000000001D
:10E40000000000000000000000000000000000000C
:10E4100000000000000000000000000000000000FC
:10E4200000000000000000000000000000000000EC
:10E4300000000000000000000000000000000000DC
:10E4400000000000000000000000000000000000CC
:10E4500000000000000000000000000000000000BC
:10E4600000000000000000000000000000000000AC
:10E47000000000000000000000000000000000009C
:10E48000000000000000000000000000000000008C
:10E49000000000000000000000000000000000007C
:10E4A000000000000000000000000000000000006C
:10E4B000000000000000000000000000000000005C
:10E4C000000000000000000000000000000000004C
:10E4D000000000000000000000000000000000003C
:10E4E000000000000000000000000000000000002C
:10E4F000000000000000000000000000000000001C
:10E50000000000000000000000000000000000000B
:10E5100000000000000000000000000000000000FB
:10E5200000000000000000000000000000000000EB
:10E5300000000000000000000000000000000000DB
:10E5400000000000000000000000000000000000CB
:10E5500000000000000000000000000000000000BB
:10E5600000000000000000000000000000000000AB
:10E57000000000000000000000000000000000009B
:10E58000000000000000000000000000000000008B
:10E59000000000000000000000000000000000007B
:10E5A000000000000000000000000000000000006B
:10E5B000000000000000000000000000000000005B
:10E5C000000000000000000000000000000000004B
:10E5D000000000000000000000000000000000003B
:10E5E000000000000000000000000000000000002B
:10E5F000000000000000000000000000000000001B
:10E60000000000000000000000000000000000000A
:10E6100000000000000000000000000000000000FA
:10E6200000000000000000000000000000000000EA
:10E6300000000000000000000000000000000000DA
:10E6400000000000000000000000000000000000CA
:10E6500000000000000000000000000000000000BA
:10E6600000000000000000000000000000000000AA
:10E67000000000000000000000000000000000009A
:10E68000000000000000000000000000000000008A
:10E69000000000000000000000000000000000007A
:10E6A000000000000000000000000000000000006A
:10E6B000000000000000000000000000000000005A
:10E6C000000000000000000000000000000000004A
:10E6D000000000000000000000000000000000003A
:10E6E000000000000000000000000000000000002A
:10E6F000000000000000000000000000000000001A
:10E700000000000000000000000000000000000009
:10E7100000000000000000000000000000000000F9
:10E7200000000000000000000000000000000000E9
:10E7300000000000000000000000000000000000D9
:10E7400000000000000000000000000000000000C9
:10E7500000000000000000000000000000000000B9
:10E7600000000000000000000000000000000000A9
:10E770000000000000000000000000000000000099
:10E780000000000000000000000000000000000089
:10E790000000000000000000000000000000000079
:10E7A0000000000000000000000000000000000069
:10E7B0000000000000000000000000000000000059
:10E7C0000000000000000000000000000000000049
:10E7D0000000000000000000000000000000000039
:10E7E0000000000000000000000000000000000029
:10E7F0000000000000000000000000000000000019
:10E800000000000000000000000000000000000008
:10E8100000000000000000000000000000000000F8
:10E8200000000000000000000000000000000000E8
:10E8300000000000000000000000000000000000D8
:10E8400000000000000000000000000000000000C8
:10E8500000000000000000000000000000000000B8
:10E8600000000000000000000000000000000000A8
:10E870000000000000000000000000000000000098
:10E880000000000000000000000000000000000088
:10E890000000000000000000000000000000000078
:10E8A0000000000000000000000000000000000068
:10E8B0000000000000000000000000000000000058
:10E8C0000000000000000000000000000000000048
:10E8D0000000000000000000000000000000000038
:10E8E0000000000000000000000000000000000028
:10E8F0000000000000000000000000000000000018
:10E900000000000000000000000000000000000007
:10E9100000000000000000000000000000000000F7
:10E9200000000000000000000000000000000000E7
:10E9300000000000000000000000000000000000D7
:10E9400000000000000000000000000000000000C7
:10E9500000000000000000000000000000000000B7
:10E9600000000000000000000000000000000000A7
:10E970000000000000000000000000000000000097
:10E980000000000000000000000000000000000087
:10E990000000000000000000000000000000000077
:10E9A0000000000000000000000000000000000067
:10E9B0000000000000000000000000000000000057
:10E9C0000000000000000000000000000000000047
:10E9D0000000000000000000000000000000000037
:10E9E0000000000000000000000000000000000027
:10E9F0000000000000000000000000000000000017
:10EA00000000000000000000000000000000000006
:10EA100000000000000000000000000000000000F6
:10EA200000000000000000000000000000000000E6
:10EA300000000000000000000000000000000000D6
:10EA400000000000000000000000000000000000C6
:10EA500000000000000000000000000000000000B6
:10EA600000000000000000000000000000000000A6
:10EA70000000000000000000000000000000000096
:10EA80000000000000000000000000000000000086
:10EA90000000000000000000000000000000000076
:10EAA0000000000000000000000000000000000066
:10EAB0000000000000000000000000000000000056
:10EAC0000000000000000000000000000000000046
:10EAD0000000000000000000000000000000000036
:10EAE0000000000000000000000000000000000026
:10EAF0000000000000000000000000000000000016
:10EB00000000000000000000000000000000000005
:10EB100000000000000000000000000000000000F5
:10EB200000000000000000000000000000000000E5
:10EB300000000000000000000000000000000000D5
:10EB400000000000000000000000000000000000C5
:10EB500000000000000000000000000000000000B5
:10EB600000000000000000000000000000000000A5
:10EB70000000000000000000000000000000000095
:10EB80000000000000000000000000000000000085
:10EB90000000000000000000000000000000000075
:10EBA0000000000000000000000000000000000065
:10EBB0000000000000000000000000000000000055
:10EBC0000000000000000000000000000000000045
:10EBD0000000000000000000000000000000000035
:10EBE0000000000000000000000000000000000025
:10EBF0000000000000000000000000000000000015
:10EC00000000000000000000000000000000000004
:10EC100000000000000000000000000000000000F4
:10EC200000000000000000000000000000000000E4
:10EC300000000000000000000000000000000000D4
:10EC400000000000000000000000000000000000C4
:10EC500000000000000000000000000000000000B4
:10EC600000000000000000000000000000000000A4
:10EC70000000000000000000000000000000000094
:10EC80000000000000000000000000000000000084
:10EC90000000000000000000000000000000000074
:10ECA0000000000000000000000000000000000064
:10ECB0000000000000000000000000000000000054
:10ECC0000000000000000000000000000000000044
:10ECD0000000000000000000000000000000000034
:10ECE0000000000000000000000000000000000024
:10ECF0000000000000000000000000000000000014
:10ED00000000000000000000000000000000000003
:10ED100000000000000000000000000000000000F3
:10ED200000000000000000000000000000000000E3
:10ED300000000000000000000000000000000000D3
:10ED400000000000000000000000000000000000C3
:10ED500000000000000000000000000000000000B3
:10ED600000000000000000000000000000000000A3
:10ED70000000000000000000000000000000000093
:10ED80000000000000000000000000000000000083
:10ED90000000000000000000000000000000000073
:10EDA0000000000000000000000000000000000063
:10EDB0000000000000000000000000000000000053
:10EDC0000000000000000000000000000000000043
:10EDD0000000000000000000000000000000000033
:10EDE0000000000000000000000000000000000023
:10EDF0000000000000000000000000000000000013
:10EE00000000000000000000000000000000000002
:10EE100000000000000000000000000000000000F2
:10EE200000000000000000000000000000000000E2
:10EE300000000000000000000000000000000000D2
:10EE400000000000000000000000000000000000C2
:10EE500000000000000000000000000000000000B2
:10EE600000000000000000000000000000000000A2
:10EE70000000000000000000000000000000000092
:10EE80000000000000000000000000000000000082
:10EE90000000000000000000000000000000000072
:10EEA0000000000000000000000000000000000062
:10EEB0000000000000000000000000000000000052
:10EEC0000000000000000000000000000000000042
:10EED0000000000000000000000000000000000032
:10EEE0000000000000000000000000000000000022
:10EEF0000000000000000000000000000000000012
:10EF00000000000000000000000000000000000001
:10EF100000000000000000000000000000000000F1
:10EF200000000000000000000000000000000000E1
:10EF300000000000000000000000000000000000D1
:10EF400000000000000000000000000000000000C1
:10EF500000000000000000000000000000000000B1
:10EF600000000000000000000000000000000000A1
:10EF70000000000000000000000000000000000091
:10EF80000000000000000000000000000000000081
:10EF90000000000000000000000000000000000071
:10EFA0000000000000000000000000000000000061
:10EFB0000000000000000000000000000000000051
:10EFC0000000000000000000000000000000000041
:10EFD0000000000000000000000000000000000031
:10EFE0000000000000000000000000000000000021
:10EFF0000000000000000000000000000000000011
:10F000000000000000000000000000000000000000
:10F0100000000000000000000000000000000000F0
:10F0200000000000000000000000000000000000E0
:10F0300000000000000000000000000000000000D0
:10F0400000000000000000000000000000000000C0
:10F0500000000000000000000000000000000000B0
:10F0600000000000000000000000000000000000A0
:10F070000000000000000000000000000000000090
:10F080000000000000000000000000000000000080
:10F090000000000000000000000000000000000070
:10F0A0000000000000000000000000000000000060
:10F0B0000000000000000000000000000000000050
:10F0C0000000000000000000000000000000000040
:10F0D0000000000000000000000000000000000030
:10F0E0000000000000000000000000000000000020
:10F0F0000000000000000000000000000000000010
:10F1000000000000000000000000000000000000FF
:10F1100000000000000000000000000000000000EF
:10F1200000000000000000000000000000000000DF
:10F1300000000000000000000000000000000000CF
:10F1400000000000000000000000000000000000BF
:10F1500000000000000000000000000000000000AF
:10F16000000000000000000000000000000000009F
:10F17000000000000000000000000000000000008F
:10F18000000000000000000000000000000000007F
:10F19000000000000000000000000000000000006F
:10F1A000000000000000000000000000000000005F
:10F1B000000000000000000000000000000000004F
:10F1C000000000000000000000000000000000003F
:10F1D000000000000000000000000000000000002F
:10F1E000000000000000000000000000000000001F
:10F1F000000000000000000000000000000000000F
:10F2000000000000000000000000000000000000FE
:10F2100000000000000000000000000000000000EE
:10F2200000000000000000000000000000000000DE
:10F2300000000000000000000000000000000000CE
:10F2400000000000000000000000000000000000BE
:10F2500000000000000000000000000000000000AE
:10F26000000000000000000000000000000000009E
:10F27000000000000000000000000000000000008E
:10F28000000000000000000000000000000000007E
:10F29000000000000000000000000000000000006E
:10F2A000000000000000000000000000000000005E
:10F2B000000000000000000000000000000000004E
:10F2C000000000000000000000000000000000003E
:10F2D000000000000000000000000000000000002E
:10F2E000000000000000000000000000000000001E
:10F2F000000000000000000000000000000000000E
:10F3000000000000000000000000000000000000FD
:10F3100000000000000000000000000000000000ED
:10F3200000000000000000000000000000000000DD
:10F3300000000000000000000000000000000000CD
:10F3400000000000000000000000000000000000BD
:10F3500000000000000000000000000000000000AD
:10F36000000000000000000000000000000000009D
:10F37000000000000000000000000000000000008D
:10F38000000000000000000000000000000000007D
:10F39000000000000000000000000000000000006D
:10F3A000000000000000000000000000000000005D
:10F3B000000000000000000000000000000000004D
:10F3C000000000000000000000000000000000003D
:10F3D000000000000000000000000000000000002D
:10F3E000000000000000000000000000000000001D
:10F3F000000000000000000000000000000000000D
:10F4000000000000000000000000000000000000FC
:10F4100000000000000000000000000000000000EC
:10F4200000000000000000000000000000000000DC
:10F4300000000000000000000000000000000000CC
:10F4400000000000000000000000000000000000BC
:10F4500000000000000000000000000000000000AC
:10F46000000000000000000000000000000000009C
:10F47000000000000000000000000000000000008C
:10F48000000000000000000000000000000000007C
:10F49000000000000000000000000000000000006C
:10F4A000000000000000000000000000000000005C
:10F4B000000000000000000000000000000000004C
:10F4C000000000000000000000000000000000003C
:10F4D000000000000000000000000000000000002C
:10F4E000000000000000000000000000000000001C
:10F4F000000000000000000000000000000000000C
:10F5000000000000000000000000000000000000FB
:10F5100000000000000000000000000000000000EB
:10F5200000000000000000000000000000000000DB
:10F5300000000000000000000000000000000000CB
:10F5400000000000000000000000000000000000BB
:10F5500000000000000000000000000000000000AB
:10F56000000000000000000000000000000000009B
:10F57000000000000000000000000000000000008B
:10F58000000000000000000000000000000000007B
:10F59000000000000000000000000000000000006B
:10F5A000000000000000000000000000000000005B
:10F5B000000000000000000000000000000000004B
:10F5C000000000000000000000000000000000003B
:10F5D000000000000000000000000000000000002B
:10F5E000000000000000000000000000000000001B
:10F5F000000000000000000000000000000000000B
:10F6000000000000000000000000000000000000FA
:10F6100000000000000000000000000000000000EA
:10F6200000000000000000000000000000000000DA
:10F6300000000000000000000000000000000000CA
:10F6400000000000000000000000000000000000BA
:10F6500000000000000000000000000000000000AA
:10F66000000000000000000000000000000000009A
:10F67000000000000000000000000000000000008A
:10F68000000000000000000000000000000000007A
:10F69000000000000000000000000000000000006A
:10F6A000000000000000000000000000000000005A
:10F6B000000000000000000000000000000000004A
:10F6C000000000000000000000000000000000003A
:10F6D000000000000000000000000000000000002A
:10F6E000000000000000000000000000000000001A
:10F6F000000000000000000000000000000000000A
:10F7000000000000000000000000000000000000F9
:10F7100000000000000000000000000000000000E9
:10F7200000000000000000000000000000000000D9
:10F7300000000000000000000000000000000000C9
:10F7400000000000000000000000000000000000B9
:10F7500000000000000000000000000000000000A9
:10F760000000000000000000000000000000000099
:10F770000000000000000000000000000000000089
:10F780000000000000000000000000000000000079
:10F790000000000000000000000000000000000069
:10F7A0000000000000000000000000000000000059
:10F7B0000000000000000000000000000000000049
:10F7C0000000000000000000000000000000000039
:10F7D0000000000000000000000000000000000029
:10F7E0000000000000000000000000000000000019
:10F7F0000000000000000000000000000000000009
:10F8000000000000000000000000000000000000F8
:10F8100000000000000000000000000000000000E8
:10F8200000000000000000000000000000000000D8
:10F8300000000000000000000000000000000000C8
:10F8400000000000000000000000000000000000B8
:10F8500000000000000000000000000000000000A8
:10F860000000000000000000000000000000000098
:10F870000000000000000000000000000000000088
:10F880000000000000000000000000000000000078
:10F890000000000000000000000000000000000068
:10F8A0000000000000000000000000000000000058
:10F8B0000000000000000000000000000000000048
:10F8C0000000000000000000000000000000000038
:10F8D0000000000000000000000000000000000028
:10F8E0000000000000000000000000000000000018
:10F8F0000000000000000000000000000000000008
:10F9000000000000000000000000000000000000F7
:10F9100000000000000000000000000000000000E7
:10F9200000000000000000000000000000000000D7
:10F9300000000000000000000000000000000000C7
:10F9400000000000000000000000000000000000B7
:10F9500000000000000000000000000000000000A7
:10F960000000000000000000000000000000000097
:10F970000000000000000000000000000000000087
:10F980000000000000000000000000000000000077
:10F990000000000000000000000000000000000067
:10F9A0000000000000000000000000000000000057
:10F9B0000000000000000000000000000000000047
:10F9C0000000000000000000000000000000000037
:10F9D0000000000000000000000000000000000027
:10F9E0000000000000000000000000000000000017
:10F9F0000000000000000000000000000000000007
:10FA000000000000000000000000000000000000F6
:10FA100000000000000000000000000000000000E6
:10FA200000000000000000000000000000000000D6
:10FA300000000000000000000000000000000000C6
:10FA400000000000000000000000000000000000B6
:10FA500000000000000000000000000000000000A6
:10FA60000000000000000000000000000000000096
:10FA70000000000000000000000000000000000086
:10FA80000000000000000000000000000000000076
:10FA90000000000000000000000000000000000066
:10FAA0000000000000000000000000000000000056
:10FAB0000000000000000000000000000000000046
:10FAC0000000000000000000000000000000000036
:10FAD0000000000000000000000000000000000026
:10FAE0000000000000000000000000000000000016
:10FAF0000000000000000000000000000000000006
:10FB000000000000000000000000000000000000F5
:10FB100000000000000000000000000000000000E5
:10FB200000000000000000000000000000000000D5
:10FB300000000000000000000000000000000000C5
:10FB400000000000000000000000000000000000B5
:10FB500000000000000000000000000000000000A5
:10FB60000000000000000000000000000000000095
:10FB70000000000000000000000000000000000085
:10FB80000000000000000000000000000000000075
:10FB90000000000000000000000000000000000065
:10FBA0000000000000000000000000000000000055
:10FBB0000000000000000000000000000000000045
:10FBC0000000000000000000000000000000000035
:10FBD0000000000000000000000000000000000025
:10FBE0000000000000000000000000000000000015
:10FBF0000000000000000000000000000000000005
:10FC000000000000000000000000000000000000F4
:10FC100000000000000000000000000000000000E4
:10FC200000000000000000000000000000000000D4
:10FC300000000000000000000000000000000000C4
:10FC400000000000000000000000000000000000B4
:10FC500000000000000000000000000000000000A4
:10FC60000000000000000000000000000000000094
:10FC70000000000000000000000000000000000084
:10FC80000000000000000000000000000000000074
:10FC90000000000000000000000000000000000064
:10FCA0000000000000000000000000000000000054
:10FCB0000000000000000000000000000000000044
:10FCC0000000000000000000000000000000000034
:10FCD0000000000000000000000000000000000024
:10FCE0000000000000000000000000000000000014
:10FCF0000000000000000000000000000000000004
:10FD000000000000000000000000000000000000F3
:10FD100000000000000000000000000000000000E3
:10FD200000000000000000000000000000000000D3
:10FD300000000000000000000000000000000000C3
:10FD400000000000000000000000000000000000B3
:10FD500000000000000000000000000000000000A3
:10FD60000000000000000000000000000000000093
:10FD70000000000000000000000000000000000083
:10FD80000000000000000000000000000000000073
:10FD90000000000000000000000000000000000063
:10FDA0000000000000000000000000000000000053
:10FDB0000000000000000000000000000000000043
:10FDC0000000000000000000000000000000000033
:10FDD0000000000000000000000000000000000023
:10FDE0000000000000000000000000000000000013
:10FDF0000000000000000000000000000000000003
:10FE000000000000000000000000000000000000F2
:10FE100000000000000000000000000000000000E2
:10FE200000000000000000000000000000000000D2
:10FE300000000000000000000000000000000000C2
:10FE400000000000000000000000000000000000B2
:10FE500000000000000000000000000000000000A2
:10FE60000000000000000000000000000000000092
:10FE70000000000000000000000000000000000082
:10FE80000000000000000000000000000000000072
:10FE90000000000000000000000000000000000062
:10FEA0000000000000000000000000000000000052
:10FEB0000000000000000000000000000000000042
:10FEC0000000000000000000000000000000000032
:10FED0000000000000000000000000000000000022
:10FEE0000000000000000000000000000000000012
:10FEF0000000000000000000000000000000000002
:10FF000000000000000000000000000000000000F1
:10FF100000000000000000000000000000000000E1
:10FF200000000000000000000000000000000000D1
:10FF300000000000000000000000000000000000C1
:10FF400000000000000000000000000000000000B1
:10FF500000000000000000000000000000000000A1
:10FF60000000000000000000000000000000000091
:10FF70000000000000000000000000000000000081
:10FF80000000000000000000000000000000000071
:10FF90000000000000000000000000000000000061
:10FFA0000000000000000000000000000000000051
:10FFB0000000000000000000000000000000000041
:10FFC0000000000000000000000000000000000031
:10FFD0000000000000000000000000000000000021
:10FFE0000000000000000000000000000000000011
:10FFF0000000000000000000000000000000000001
:020000042404D2
:1000000000000000000000000000000000000000F0
:1000100000000000000000000000000000000000E0
:1000200000000000000000000000000000000000D0
:1000300000000000000000000000000000000000C0
:1000400000000000000000000000000000000000B0
:1000500000000000000000000000000000000000A0
:100060000000000000000000000000000000000090
:100070000000000000000000000000000000000080
:100080000000000000000000000000000000000070
:100090000000000000000000000000000000000060
:1000A0000000000000000000000000000000000050
:1000B0000000000000000000000000000000000040
:1000C0000000000000000000000000000000000030
:1000D0000000000000000000000000000000000020
:1000E0000000000000000000000000000000000010
:1000F0000000000000000000000000000000000000
:1001000000000000000000000000000000000000EF
:1001100000000000000000000000000000000000DF
:1001200000000000000000000000000000000000CF
:1001300000000000000000000000000000000000BF
:1001400000000000000000000000000000000000AF
:10015000000000000000000000000000000000009F
:10016000000000000000000000000000000000008F
:10017000000000000000000000000000000000007F
:10018000000000000000000000000000000000006F
:10019000000000000000000000000000000000005F
:1001A000000000000000000000000000000000004F
:1001B000000000000000000000000000000000003F
:1001C000000000000000000000000000000000002F
:1001D000000000000000000000000000000000001F
:1001E000000000000000000000000000000000000F
:1001F00000000000000000000000000000000000FF
:1002000000000000000000000000000000000000EE
:1002100000000000000000000000000000000000DE
:1002200000000000000000000000000000000000CE
:1002300000000000000000000000000000000000BE
:1002400000000000000000000000000000000000AE
:10025000000000000000000000000000000000009E
:10026000000000000000000000000000000000008E
:10027000000000000000000000000000000000007E
:10028000000000000000000000000000000000006E
:10029000000000000000000000000000000000005E
:1002A000000000000000000000000000000000004E
:1002B000000000000000000000000000000000003E
:1002C000000000000000000000000000000000002E
:1002D000000000000000000000000000000000001E
:1002E000000000000000000000000000000000000E
:1002F00000000000000000000000000000000000FE
:1003000000000000000000000000000000000000ED
:1003100000000000000000000000000000000000DD
:1003200000000000000000000000000000000000CD
:1003300000000000000000000000000000000000BD
:1003400000000000000000000000000000000000AD
:10035000000000000000000000000000000000009D
:10036000000000000000000000000000000000008D
:10037000000000000000000000000000000000007D
:10038000000000000000000000000000000000006D
:10039000000000000000000000000000000000005D
:1003A000000000000000000000000000000000004D
:1003B000000000000000000000000000000000003D
:1003C000000000000000000000000000000000002D
:1003D000000000000000000000000000000000001D
:1003E000000000000000000000000000000000000D
:1003F00000000000000000000000000000000000FD
:1004000000000000000000000000000000000000EC
:1004100000000000000000000000000000000000DC
:1004200000000000000000000000000000000000CC
:1004300000000000000000000000000000000000BC
:1004400000000000000000000000000000000000AC
:10045000000000000000000000000000000000009C
:10046000000000000000000000000000000000008C
:10047000000000000000000000000000000000007C
:10048000000000000000000000000000000000006C
:10049000000000000000000000000000000000005C
:1004A000000000000000000000000000000000004C
:1004B000000000000000000000000000000000003C
:1004C000000000000000000000000000000000002C
:1004D000000000000000000000000000000000001C
:1004E000000000000000000000000000000000000C
:1004F00000000000000000000000000000000000FC
:1005000000000000000000000000000000000000EB
:1005100000000000000000000000000000000000DB
:1005200000000000000000000000000000000000CB
:1005300000000000000000000000000000000000BB
:1005400000000000000000000000000000000000AB
:10055000000000000000000000000000000000009B
:10056000000000000000000000000000000000008B
:10057000000000000000000000000000000000007B
:10058000000000000000000000000000000000006B
:10059000000000000000000000000000000000005B
:1005A000000000000000000000000000000000004B
:1005B000000000000000000000000000000000003B
:1005C000000000000000000000000000000000002B
:1005D000000000000000000000000000000000001B
:1005E000000000000000000000000000000000000B
:1005F00000000000000000000000000000000000FB
:1006000000000000000000000000000000000000EA
:1006100000000000000000000000000000000000DA
:1006200000000000000000000000000000000000CA
:1006300000000000000000000000000000000000BA
:1006400000000000000000000000000000000000AA
:10065000000000000000000000000000000000009A
:10066000000000000000000000000000000000008A
:10067000000000000000000000000000000000007A
:10068000000000000000000000000000000000006A
:10069000000000000000000000000000000000005A
:1006A000000000000000000000000000000000004A
:1006B000000000000000000000000000000000003A
:1006C000000000000000000000000000000000002A
:1006D000000000000000000000000000000000001A
:1006E000000000000000000000000000000000000A
:1006F00000000000000000000000000000000000FA
:1007000000000000000000000000000000000000E9
:1007100000000000000000000000000000000000D9
:1007200000000000000000000000000000000000C9
:1007300000000000000000000000000000000000B9
:1007400000000000000000000000000000000000A9
:100750000000000000000000000000000000000099
:100760000000000000000000000000000000000089
:100770000000000000000000000000000000000079
:100780000000000000000000000000000000000069
:100790000000000000000000000000000000000059
:1007A0000000000000000000000000000000000049
:1007B0000000000000000000000000000000000039
:1007C0000000000000000000000000000000000029
:1007D0000000000000000000000000000000000019
:1007E0000000000000000000000000000000000009
:1007F00000000000000000000000000000000000F9
:1008000000000000000000000000000000000000E8
:1008100000000000000000000000000000000000D8
:1008200000000000000000000000000000000000C8
:1008300000000000000000000000000000000000B8
:1008400000000000000000000000000000000000A8
:100850000000000000000000000000000000000098
:100860000000000000000000000000000000000088
:100870000000000000000000000000000000000078
:100880000000000000000000000000000000000068
:100890000000000000000000000000000000000058
:1008A0000000000000000000000000000000000048
:1008B0000000000000000000000000000000000038
:1008C0000000000000000000000000000000000028
:1008D0000000000000000000000000000000000018
:1008E0000000000000000000000000000000000008
:1008F00000000000000000000000000000000000F8
:1009000000000000000000000000000000000000E7
:1009100000000000000000000000000000000000D7
:1009200000000000000000000000000000000000C7
:1009300000000000000000000000000000000000B7
:1009400000000000000000000000000000000000A7
:100950000000000000000000000000000000000097
:100960000000000000000000000000000000000087
:100970000000000000000000000000000000000077
:100980000000000000000000000000000000000067
:100990000000000000000000000000000000000057
:1009A0000000000000000000000000000000000047
:1009B0000000000000000000000000000000000037
:1009C0000000000000000000000000000000000027
:1009D0000000000000000000000000000000000017
:1009E0000000000000000000000000000000000007
:1009F00000000000000000000000000000000000F7
:100A000000000000000000000000000000000000E6
:100A100000000000000000000000000000000000D6
:100A200000000000000000000000000000000000C6
:100A300000000000000000000000000000000000B6
:100A400000000000000000000000000000000000A6
:100A50000000000000000000000000000000000096
:100A60000000000000000000000000000000000086
:100A70000000000000000000000000000000000076
:100A80000000000000000000000000000000000066
:100A90000000000000000000000000000000000056
:100AA0000000000000000000000000000000000046
:100AB0000000000000000000000000000000000036
:100AC0000000000000000000000000000000000026
:100AD0000000000000000000000000000000000016
:100AE0000000000000000000000000000000000006
:100AF00000000000000000000000000000000000F6
:100B000000000000000000000000000000000000E5
:100B100000000000000000000000000000000000D5
:100B200000000000000000000000000000000000C5
:100B300000000000000000000000000000000000B5
:100B400000000000000000000000000000000000A5
:100B50000000000000000000000000000000000095
:100B60000000000000000000000000000000000085
:100B70000000000000000000000000000000000075
:100B80000000000000000000000000000000000065
:100B90000000000000000000000000000000000055
:100BA0000000000000000000000000000000000045
:100BB0000000000000000000000000000000000035
:100BC0000000000000000000000000000000000025
:100BD0000000000000000000000000000000000015
:100BE0000000000000000000000000000000000005
:100BF00000000000000000000000000000000000F5
:100C000000000000000000000000000000000000E4
:100C100000000000000000000000000000000000D4
:100C200000000000000000000000000000000000C4
:100C300000000000000000000000000000000000B4
:100C400000000000000000000000000000000000A4
:100C50000000000000000000000000000000000094
:100C60000000000000000000000000000000000084
:100C70000000000000000000000000000000000074
:100C80000000000000000000000000000000000064
:100C90000000000000000000000000000000000054
:100CA0000000000000000000000000000000000044
:100CB0000000000000000000000000000000000034
:100CC0000000000000000000000000000000000024
:100CD0000000000000000000000000000000000014
:100CE0000000000000000000000000000000000004
:100CF00000000000000000000000000000000000F4
:100D000000000000000000000000000000000000E3
:100D100000000000000000000000000000000000D3
:100D200000000000000000000000000000000000C3
:100D300000000000000000000000000000000000B3
:100D400000000000000000000000000000000000A3
:100D50000000000000000000000000000000000093
:100D60000000000000000000000000000000000083
:100D70000000000000000000000000000000000073
:100D80000000000000000000000000000000000063
:100D90000000000000000000000000000000000053
:100DA0000000000000000000000000000000000043
:100DB0000000000000000000000000000000000033
:100DC0000000000000000000000000000000000023
:100DD0000000000000000000000000000000000013
:100DE0000000000000000000000000000000000003
:100DF00000000000000000000000000000000000F3
:100E000000000000000000000000000000000000E2
:100E100000000000000000000000000000000000D2
:100E200000000000000000000000000000000000C2
:100E300000000000000000000000000000000000B2
:100E400000000000000000000000000000000000A2
:100E50000000000000000000000000000000000092
:100E60000000000000000000000000000000000082
:100E70000000000000000000000000000000000072
:100E80000000000000000000000000000000000062
:100E90000000000000000000000000000000000052
:100EA0000000000000000000000000000000000042
:100EB0000000000000000000000000000000000032
:100EC0000000000000000000000000000000000022
:100ED0000000000000000000000000000000000012
:100EE0000000000000000000000000000000000002
:100EF00000000000000000000000000000000000F2
:100F000000000000000000000000000000000000E1
:100F100000000000000000000000000000000000D1
:100F200000000000000000000000000000000000C1
:100F300000000000000000000000000000000000B1
:100F400000000000000000000000000000000000A1
:100F50000000000000000000000000000000000091
:100F60000000000000000000000000000000000081
:100F70000000000000000000000000000000000071
:100F80000000000000000000000000000000000061
:100F90000000000000000000000000000000000051
:100FA0000000000000000000000000000000000041
:100FB0000000000000000000000000000000000031
:100FC0000000000000000000000000000000000021
:100FD0000000000000000000000000000000000011
:100FE0000000000000000000000000000000000001
:100FF00000000000000000000000000000000000F1
:1010000000000000000000000000000000000000E0
:1010100000000000000000000000000000000000D0
:1010200000000000000000000000000000000000C0
:1010300000000000000000000000000000000000B0
:1010400000000000000000000000000000000000A0
:101050000000000000000000000000000000000090
:101060000000000000000000000000000000000080
:101070000000000000000000000000000000000070
:101080000000000000000000000000000000000060
:101090000000000000000000000000000000000050
:1010A0000000000000000000000000000000000040
:1010B0000000000000000000000000000000000030
:1010C0000000000000000000000000000000000020
:1010D0000000000000000000000000000000000010
:1010E0000000000000000000000000000000000000
:1010F00000000000000000000000000000000000F0
:1011000000000000000000000000000000000000DF
:1011100000000000000000000000000000000000CF
:1011200000000000000000000000000000000000BF
:1011300000000000000000000000000000000000AF
:10114000000000000000000000000000000000009F
:10115000000000000000000000000000000000008F
:10116000000000000000000000000000000000007F
:10117000000000000000000000000000000000006F
:10118000000000000000000000000000000000005F
:10119000000000000000000000000000000000004F
:1011A000000000000000000000000000000000003F
:1011B000000000000000000000000000000000002F
:1011C000000000000000000000000000000000001F
:1011D000000000000000000000000000000000000F
:1011E00000000000000000000000000000000000FF
:1011F00000000000000000000000000000000000EF
:1012000000000000000000000000000000000000DE
:1012100000000000000000000000000000000000CE
:1012200000000000000000000000000000000000BE
:1012300000000000000000000000000000000000AE
:10124000000000000000000000000000000000009E
:10125000000000000000000000000000000000008E
:10126000000000000000000000000000000000007E
:10127000000000000000000000000000000000006E
:10128000000000000000000000000000000000005E
:10129000000000000000000000000000000000004E
:1012A000000000000000000000000000000000003E
:1012B000000000000000000000000000000000002E
:1012C000000000000000000000000000000000001E
:1012D000000000000000000000000000000000000E
:1012E00000000000000000000000000000000000FE
:1012F00000000000000000000000000000000000EE
:1013000000000000000000000000000000000000DD
:1013100000000000000000000000000000000000CD
:1013200000000000000000000000000000000000BD
:1013300000000000000000000000000000000000AD
:10134000000000000000000000000000000000009D
:10135000000000000000000000000000000000008D
:10136000000000000000000000000000000000007D
:10137000000000000000000000000000000000006D
:10138000000000000000000000000000000000005D
:10139000000000000000000000000000000000004D
:1013A000000000000000000000000000000000003D
:1013B000000000000000000000000000000000002D
:1013C000000000000000000000000000000000001D
:1013D000000000000000000000000000000000000D
:1013E00000000000000000000000000000000000FD
:1013F00000000000000000000000000000000000ED
:1014000000000000000000000000000000000000DC
:1014100000000000000000000000000000000000CC
:1014200000000000000000000000000000000000BC
:1014300000000000000000000000000000000000AC
:10144000000000000000000000000000000000009C
:10145000000000000000000000000000000000008C
:10146000000000000000000000000000000000007C
:10147000000000000000000000000000000000006C
:10148000000000000000000000000000000000005C
:10149000000000000000000000000000000000004C
:1014A000000000000000000000000000000000003C
:1014B000000000000000000000000000000000002C
:1014C000000000000000000000000000000000001C
:1014D000000000000000000000000000000000000C
:1014E00000000000000000000000000000000000FC
:1014F00000000000000000000000000000000000EC
:1015000000000000000000000000000000000000DB
:1015100000000000000000000000000000000000CB
:1015200000000000000000000000000000000000BB
:1015300000000000000000000000000000000000AB
:10154000000000000000000000000000000000009B
:10155000000000000000000000000000000000008B
:10156000000000000000000000000000000000007B
:10157000000000000000000000000000000000006B
:10158000000000000000000000000000000000005B
:10159000000000000000000000000000000000004B
:1015A000000000000000000000000000000000003B
:1015B000000000000000000000000000000000002B
:1015C000000000000000000000000000000000001B
:1015D000000000000000000000000000000000000B
:1015E00000000000000000000000000000000000FB
:1015F00000000000000000000000000000000000EB
:1016000000000000000000000000000000000000DA
:1016100000000000000000000000000000000000CA
:1016200000000000000000000000000000000000BA
:1016300000000000000000000000000000000000AA
:10164000000000000000000000000000000000009A
:10165000000000000000000000000000000000008A
:10166000000000000000000000000000000000007A
:10167000000000000000000000000000000000006A
:10168000000000000000000000000000000000005A
:10169000000000000000000000000000000000004A
:1016A000000000000000000000000000000000003A
:1016B000000000000000000000000000000000002A
:1016C000000000000000000000000000000000001A
:1016D000000000000000000000000000000000000A
:1016E00000000000000000000000000000000000FA
:1016F00000000000000000000000000000000000EA
:1017000000000000000000000000000000000000D9
:1017100000000000000000000000000000000000C9
:1017200000000000000000000000000000000000B9
:1017300000000000000000000000000000000000A9
:101740000000000000000000000000000000000099
:101750000000000000000000000000000000000089
:101760000000000000000000000000000000000079
:101770000000000000000000000000000000000069
:101780000000000000000000000000000000000059
:101790000000000000000000000000000000000049
:1017A0000000000000000000000000000000000039
:1017B0000000000000000000000000000000000029
:1017C0000000000000000000000000000000000019
:1017D0000000000000000000000000000000000009
:1017E00000000000000000000000000000000000F9
:1017F00000000000000000000000000000000000E9
:1018000000000000000000000000000000000000D8
:1018100000000000000000000000000000000000C8
:1018200000000000000000000000000000000000B8
:1018300000000000000000000000000000000000A8
:101840000000000000000000000000000000000098
:101850000000000000000000000000000000000088
:101860000000000000000000000000000000000078
:101870000000000000000000000000000000000068
:101880000000000000000000000000000000000058
:101890000000000000000000000000000000000048
:1018A0000000000000000000000000000000000038
:1018B0000000000000000000000000000000000028
:1018C0000000000000000000000000000000000018
:1018D0000000000000000000000000000000000008
:1018E00000000000000000000000000000000000F8
:1018F00000000000000000000000000000000000E8
:1019000000000000000000000000000000000000D7
:1019100000000000000000000000000000000000C7
:1019200000000000000000000000000000000000B7
:1019300000000000000000000000000000000000A7
:101940000000000000000000000000000000000097
:101950000000000000000000000000000000000087
:101960000000000000000000000000000000000077
:101970000000000000000000000000000000000067
:101980000000000000000000000000000000000057
:101990000000000000000000000000000000000047
:1019A0000000000000000000000000000000000037
:1019B0000000000000000000000000000000000027
:1019C0000000000000000000000000000000000017
:1019D0000000000000000000000000000000000007
:1019E00000000000000000000000000000000000F7
:1019F00000000000000000000000000000000000E7
:101A000000000000000000000000000000000000D6
:101A100000000000000000000000000000000000C6
:101A200000000000000000000000000000000000B6
:101A300000000000000000000000000000000000A6
:101A40000000000000000000000000000000000096
:101A50000000000000000000000000000000000086
:101A60000000000000000000000000000000000076
:101A70000000000000000000000000000000000066
:101A80000000000000000000000000000000000056
:101A90000000000000000000000000000000000046
:101AA0000000000000000000000000000000000036
:101AB0000000000000000000000000000000000026
:101AC0000000000000000000000000000000000016
:101AD0000000000000000000000000000000000006
:101AE00000000000000000000000000000000000F6
:101AF00000000000000000000000000000000000E6
:101B000000000000000000000000000000000000D5
:101B100000000000000000000000000000000000C5
:101B200000000000000000000000000000000000B5
:101B300000000000000000000000000000000000A5
:101B40000000000000000000000000000000000095
:101B50000000000000000000000000000000000085
:101B60000000000000000000000000000000000075
:101B70000000000000000000000000000000000065
:101B80000000000000000000000000000000000055
:101B90000000000000000000000000000000000045
:101BA0000000000000000000000000000000000035
:101BB0000000000000000000000000000000000025
:101BC0000000000000000000000000000000000015
:101BD0000000000000000000000000000000000005
:101BE00000000000000000000000000000000000F5
:101BF00000000000000000000000000000000000E5
:101C000000000000000000000000000000000000D4
:101C100000000000000000000000000000000000C4
:101C200000000000000000000000000000000000B4
:101C300000000000000000000000000000000000A4
:101C40000000000000000000000000000000000094
:101C50000000000000000000000000000000000084
:101C60000000000000000000000000000000000074
:101C70000000000000000000000000000000000064
:101C80000000000000000000000000000000000054
:101C90000000000000000000000000000000000044
:101CA0000000000000000000000000000000000034
:101CB0000000000000000000000000000000000024
:101CC0000000000000000000000000000000000014
:101CD0000000000000000000000000000000000004
:101CE00000000000000000000000000000000000F4
:101CF00000000000000000000000000000000000E4
:101D000000000000000000000000000000000000D3
:101D100000000000000000000000000000000000C3
:101D200000000000000000000000000000000000B3
:101D300000000000000000000000000000000000A3
:101D40000000000000000000000000000000000093
:101D50000000000000000000000000000000000083
:101D60000000000000000000000000000000000073
:101D70000000000000000000000000000000000063
:101D80000000000000000000000000000000000053
:101D90000000000000000000000000000000000043
:101DA0000000000000000000000000000000000033
:101DB0000000000000000000000000000000000023
:101DC0000000000000000000000000000000000013
:101DD0000000000000000000000000000000000003
:101DE00000000000000000000000000000000000F3
:101DF00000000000000000000000000000000000E3
:101E000000000000000000000000000000000000D2
:101E100000000000000000000000000000000000C2
:101E200000000000000000000000000000000000B2
:101E300000000000000000000000000000000000A2
:101E40000000000000000000000000000000000092
:101E50000000000000000000000000000000000082
:101E60000000000000000000000000000000000072
:101E70000000000000000000000000000000000062
:101E80000000000000000000000000000000000052
:101E90000000000000000000000000000000000042
:101EA0000000000000000000000000000000000032
:101EB0000000000000000000000000000000000022
:101EC0000000000000000000000000000000000012
:101ED0000000000000000000000000000000000002
:101EE00000000000000000000000000000000000F2
:101EF00000000000000000000000000000000000E2
:101F000000000000000000000000000000000000D1
:101F100000000000000000000000000000000000C1
:101F200000000000000000000000000000000000B1
:101F300000000000000000000000000000000000A1
:101F40000000000000000000000000000000000091
:101F50000000000000000000000000000000000081
:101F60000000000000000000000000000000000071
:101F70000000000000000000000000000000000061
:101F80000000000000000000000000000000000051
:101F90000000000000000000000000000000000041
:101FA0000000000000000000000000000000000031
:101FB0000000000000000000000000000000000021
:101FC0000000000000000000000000000000000011
:101FD0000000000000000000000000000000000001
:101FE00000000000000000000000000000000000F1
:101FF00000000000000000000000000000000000E1
:1020000000000000000000000000000000000000D0
:1020100000000000000000000000000000000000C0
:1020200000000000000000000000000000000000B0
:1020300000000000000000000000000000000000A0
:102040000000000000000000000000000000000090
:102050000000000000000000000000000000000080
:102060000000000000000000000000000000000070
:102070000000000000000000000000000000000060
:102080000000000000000000000000000000000050
:102090000000000000000000000000000000000040
:1020A0000000000000000000000000000000000030
:1020B0000000000000000000000000000000000020
:1020C0000000000000000000000000000000000010
:1020D0000000000000000000000000000000000000
:1020E00000000000000000000000000000000000F0
:1020F00000000000000000000000000000000000E0
:1021000000000000000000000000000000000000CF
:1021100000000000000000000000000000000000BF
:1021200000000000000000000000000000000000AF
:10213000000000000000000000000000000000009F
:10214000000000000000000000000000000000008F
:10215000000000000000000000000000000000007F
:10216000000000000000000000000000000000006F
:10217000000000000000000000000000000000005F
:10218000000000000000000000000000000000004F
:10219000000000000000000000000000000000003F
:1021A000000000000000000000000000000000002F
:1021B000000000000000000000000000000000001F
:1021C000000000000000000000000000000000000F
:1021D00000000000000000000000000000000000FF
:1021E00000000000000000000000000000000000EF
:1021F00000000000000000000000000000000000DF
:1022000000000000000000000000000000000000CE
:1022100000000000000000000000000000000000BE
:1022200000000000000000000000000000000000AE
:10223000000000000000000000000000000000009E
:10224000000000000000000000000000000000008E
:10225000000000000000000000000000000000007E
:10226000000000000000000000000000000000006E
:10227000000000000000000000000000000000005E
:10228000000000000000000000000000000000004E
:10229000000000000000000000000000000000003E
:1022A000000000000000000000000000000000002E
:1022B000000000000000000000000000000000001E
:1022C000000000000000000000000000000000000E
:1022D00000000000000000000000000000000000FE
:1022E00000000000000000000000000000000000EE
:1022F00000000000000000000000000000000000DE
:1023000000000000000000000000000000000000CD
:1023100000000000000000000000000000000000BD
:1023200000000000000000000000000000000000AD
:10233000000000000000000000000000000000009D
:10234000000000000000000000000000000000008D
:10235000000000000000000000000000000000007D
:10236000000000000000000000000000000000006D
:10237000000000000000000000000000000000005D
:10238000000000000000000000000000000000004D
:10239000000000000000000000000000000000003D
:1023A000000000000000000000000000000000002D
:1023B000000000000000000000000000000000001D
:1023C000000000000000000000000000000000000D
:1023D00000000000000000000000000000000000FD
:1023E00000000000000000000000000000000000ED
:1023F00000000000000000000000000000000000DD
:1024000000000000000000000000000000000000CC
:1024100000000000000000000000000000000000BC
:1024200000000000000000000000000000000000AC
:10243000000000000000000000000000000000009C
:10244000000000000000000000000000000000008C
:10245000000000000000000000000000000000007C
:10246000000000000000000000000000000000006C
:10247000000000000000000000000000000000005C
:10248000000000000000000000000000000000004C
:10249000000000000000000000000000000000003C
:1024A000000000000000000000000000000000002C
:1024B000000000000000000000000000000000001C
:1024C000000000000000000000000000000000000C
:1024D00000000000000000000000000000000000FC
:1024E00000000000000000000000000000000000EC
:1024F00000000000000000000000000000000000DC
:1025000000000000000000000000000000000000CB
:1025100000000000000000000000000000000000BB
:1025200000000000000000000000000000000000AB
:10253000000000000000000000000000000000009B
:10254000000000000000000000000000000000008B
:10255000000000000000000000000000000000007B
:10256000000000000000000000000000000000006B
:10257000000000000000000000000000000000005B
:10258000000000000000000000000000000000004B
:10259000000000000000000000000000000000003B
:1025A000000000000000000000000000000000002B
:1025B000000000000000000000000000000000001B
:1025C000000000000000000000000000000000000B
:1025D00000000000000000000000000000000000FB
:1025E00000000000000000000000000000000000EB
:1025F00000000000000000000000000000000000DB
:1026000000000000000000000000000000000000CA
:1026100000000000000000000000000000000000BA
:1026200000000000000000000000000000000000AA
:10263000000000000000000000000000000000009A
:10264000000000000000000000000000000000008A
:10265000000000000000000000000000000000007A
:10266000000000000000000000000000000000006A
:10267000000000000000000000000000000000005A
:10268000000000000000000000000000000000004A
:10269000000000000000000000000000000000003A
:1026A000000000000000000000000000000000002A
:1026B000000000000000000000000000000000001A
:1026C000000000000000000000000000000000000A
:1026D00000000000000000000000000000000000FA
:1026E00000000000000000000000000000000000EA
:1026F00000000000000000000000000000000000DA
:1027000000000000000000000000000000000000C9
:1027100000000000000000000000000000000000B9
:1027200000000000000000000000000000000000A9
:102730000000000000000000000000000000000099
:102740000000000000000000000000000000000089
:102750000000000000000000000000000000000079
:102760000000000000000000000000000000000069
:102770000000000000000000000000000000000059
:102780000000000000000000000000000000000049
:102790000000000000000000000000000000000039
:1027A0000000000000000000000000000000000029
:1027B0000000000000000000000000000000000019
:1027C0000000000000000000000000000000000009
:1027D00000000000000000000000000000000000F9
:1027E00000000000000000000000000000000000E9
:1027F00000000000000000000000000000000000D9
:1028000000000000000000000000000000000000C8
:1028100000000000000000000000000000000000B8
:1028200000000000000000000000000000000000A8
:102830000000000000000000000000000000000098
:102840000000000000000000000000000000000088
:102850000000000000000000000000000000000078
:102860000000000000000000000000000000000068
:102870000000000000000000000000000000000058
:102880000000000000000000000000000000000048
:102890000000000000000000000000000000000038
:1028A0000000000000000000000000000000000028
:1028B0000000000000000000000000000000000018
:1028C0000000000000000000000000000000000008
:1028D00000000000000000000000000000000000F8
:1028E00000000000000000000000000000000000E8
:1028F00000000000000000000000000000000000D8
:1029000000000000000000000000000000000000C7
:1029100000000000000000000000000000000000B7
:1029200000000000000000000000000000000000A7
:102930000000000000000000000000000000000097
:102940000000000000000000000000000000000087
:102950000000000000000000000000000000000077
:102960000000000000000000000000000000000067
:102970000000000000000000000000000000000057
:102980000000000000000000000000000000000047
:102990000000000000000000000000000000000037
:1029A0000000000000000000000000000000000027
:1029B0000000000000000000000000000000000017
:1029C0000000000000000000000000000000000007
:1029D00000000000000000000000000000000000F7
:1029E00000000000000000000000000000000000E7
:1029F00000000000000000000000000000000000D7
:102A000000000000000000000000000000000000C6
:102A100000000000000000000000000000000000B6
:102A200000000000000000000000000000000000A6
:102A30000000000000000000000000000000000096
:102A40000000000000000000000000000000000086
:102A50000000000000000000000000000000000076
:102A60000000000000000000000000000000000066
:102A70000000000000000000000000000000000056
:102A80000000000000000000000000000000000046
:102A90000000000000000000000000000000000036
:102AA0000000000000000000000000000000000026
:102AB0000000000000000000000000000000000016
:102AC0000000000000000000000000000000000006
:102AD00000000000000000000000000000000000F6
:102AE00000000000000000000000000000000000E6
:102AF00000000000000000000000000000000000D6
:102B000000000000000000000000000000000000C5
:102B100000000000000000000000000000000000B5
:102B200000000000000000000000000000000000A5
:102B30000000000000000000000000000000000095
:102B40000000000000000000000000000000000085
:102B50000000000000000000000000000000000075
:102B60000000000000000000000000000000000065
:102B70000000000000000000000000000000000055
:102B80000000000000000000000000000000000045
:102B90000000000000000000000000000000000035
:102BA0000000000000000000000000000000000025
:102BB0000000000000000000000000000000000015
:102BC0000000000000000000000000000000000005
:102BD00000000000000000000000000000000000F5
:102BE00000000000000000000000000000000000E5
:102BF00000000000000000000000000000000000D5
:102C000000000000000000000000000000000000C4
:102C100000000000000000000000000000000000B4
:102C200000000000000000000000000000000000A4
:102C30000000000000000000000000000000000094
:102C40000000000000000000000000000000000084
:102C50000000000000000000000000000000000074
:102C60000000000000000000000000000000000064
:102C70000000000000000000000000000000000054
:102C80000000000000000000000000000000000044
:102C90000000000000000000000000000000000034
:102CA0000000000000000000000000000000000024
:102CB0000000000000000000000000000000000014
:102CC0000000000000000000000000000000000004
:102CD00000000000000000000000000000000000F4
:102CE00000000000000000000000000000000000E4
:102CF00000000000000000000000000000000000D4
:102D000000000000000000000000000000000000C3
:102D100000000000000000000000000000000000B3
:102D200000000000000000000000000000000000A3
:102D30000000000000000000000000000000000093
:102D40000000000000000000000000000000000083
:102D50000000000000000000000000000000000073
:102D60000000000000000000000000000000000063
:102D70000000000000000000000000000000000053
:102D80000000000000000000000000000000000043
:102D90000000000000000000000000000000000033
:102DA0000000000000000000000000000000000023
:102DB0000000000000000000000000000000000013
:102DC0000000000000000000000000000000000003
:102DD00000000000000000000000000000000000F3
:102DE00000000000000000000000000000000000E3
:102DF00000000000000000000000000000000000D3
:102E000000000000000000000000000000000000C2
:102E100000000000000000000000000000000000B2
:102E200000000000000000000000000000000000A2
:102E30000000000000000000000000000000000092
:102E40000000000000000000000000000000000082
:102E50000000000000000000000000000000000072
:102E60000000000000000000000000000000000062
:102E70000000000000000000000000000000000052
:102E80000000000000000000000000000000000042
:102E90000000000000000000000000000000000032
:102EA0000000000000000000000000000000000022
:102EB0000000000000000000000000000000000012
:102EC0000000000000000000000000000000000002
:102ED00000000000000000000000000000000000F2
:102EE00000000000000000000000000000000000E2
:102EF00000000000000000000000000000000000D2
:102F000000000000000000000000000000000000C1
:102F100000000000000000000000000000000000B1
:102F200000000000000000000000000000000000A1
:102F30000000000000000000000000000000000091
:102F40000000000000000000000000000000000081
:102F50000000000000000000000000000000000071
:102F60000000000000000000000000000000000061
:102F70000000000000000000000000000000000051
:102F80000000000000000000000000000000000041
:102F90000000000000000000000000000000000031
:102FA0000000000000000000000000000000000021
:102FB0000000000000000000000000000000000011
:102FC0000000000000000000000000000000000001
:102FD00000000000000000000000000000000000F1
:102FE00000000000000000000000000000000000E1
:102FF00000000000000000000000000000000000D1
:1030000000000000000000000000000000000000C0
:1030100000000000000000000000000000000000B0
:1030200000000000000000000000000000000000A0
:103030000000000000000000000000000000000090
:103040000000000000000000000000000000000080
:103050000000000000000000000000000000000070
:103060000000000000000000000000000000000060
:103070000000000000000000000000000000000050
:103080000000000000000000000000000000000040
:103090000000000000000000000000000000000030
:1030A0000000000000000000000000000000000020
:1030B0000000000000000000000000000000000010
:1030C0000000000000000000000000000000000000
:1030D00000000000000000000000000000000000F0
:1030E00000000000000000000000000000000000E0
:1030F00000000000000000000000000000000000D0
:1031000000000000000000000000000000000000BF
:1031100000000000000000000000000000000000AF
:10312000000000000000000000000000000000009F
:10313000000000000000000000000000000000008F
:10314000000000000000000000000000000000007F
:10315000000000000000000000000000000000006F
:10316000000000000000000000000000000000005F
:10317000000000000000000000000000000000004F
:10318000000000000000000000000000000000003F
:10319000000000000000000000000000000000002F
:1031A000000000000000000000000000000000001F
:1031B000000000000000000000000000000000000F
:1031C00000000000000000000000000000000000FF
:1031D00000000000000000000000000000000000EF
:1031E00000000000000000000000000000000000DF
:1031F00000000000000000000000000000000000CF
:1032000000000000000000000000000000000000BE
:1032100000000000000000000000000000000000AE
:10322000000000000000000000000000000000009E
:10323000000000000000000000000000000000008E
:10324000000000000000000000000000000000007E
:10325000000000000000000000000000000000006E
:10326000000000000000000000000000000000005E
:10327000000000000000000000000000000000004E
:10328000000000000000000000000000000000003E
:10329000000000000000000000000000000000002E
:1032A000000000000000000000000000000000001E
:1032B000000000000000000000000000000000000E
:1032C00000000000000000000000000000000000FE
:1032D00000000000000000000000000000000000EE
:1032E00000000000000000000000000000000000DE
:1032F00000000000000000000000000000000000CE
:1033000000000000000000000000000000000000BD
:1033100000000000000000000000000000000000AD
:10332000000000000000000000000000000000009D
:10333000000000000000000000000000000000008D
:10334000000000000000000000000000000000007D
:10335000000000000000000000000000000000006D
:10336000000000000000000000000000000000005D
:10337000000000000000000000000000000000004D
:10338000000000000000000000000000000000003D
:10339000000000000000000000000000000000002D
:1033A000000000000000000000000000000000001D
:1033B000000000000000000000000000000000000D
:1033C00000000000000000000000000000000000FD
:1033D00000000000000000000000000000000000ED
:1033E00000000000000000000000000000000000DD
:1033F00000000000000000000000000000000000CD
:1034000000000000000000000000000000000000BC
:1034100000000000000000000000000000000000AC
:10342000000000000000000000000000000000009C
:10343000000000000000000000000000000000008C
:10344000000000000000000000000000000000007C
:10345000000000000000000000000000000000006C
:10346000000000000000000000000000000000005C
:10347000000000000000000000000000000000004C
:10348000000000000000000000000000000000003C
:10349000000000000000000000000000000000002C
:1034A000000000000000000000000000000000001C
:1034B000000000000000000000000000000000000C
:1034C00000000000000000000000000000000000FC
:1034D00000000000000000000000000000000000EC
:1034E00000000000000000000000000000000000DC
:1034F00000000000000000000000000000000000CC
:1035000000000000000000000000000000000000BB
:1035100000000000000000000000000000000000AB
:10352000000000000000000000000000000000009B
:10353000000000000000000000000000000000008B
:10354000000000000000000000000000000000007B
:10355000000000000000000000000000000000006B
:10356000000000000000000000000000000000005B
:10357000000000000000000000000000000000004B
:10358000000000000000000000000000000000003B
:10359000000000000000000000000000000000002B
:1035A000000000000000000000000000000000001B
:1035B000000000000000000000000000000000000B
:1035C00000000000000000000000000000000000FB
:1035D00000000000000000000000000000000000EB
:1035E00000000000000000000000000000000000DB
:1035F00000000000000000000000000000000000CB
:1036000000000000000000000000000000000000BA
:1036100000000000000000000000000000000000AA
:10362000000000000000000000000000000000009A
:10363000000000000000000000000000000000008A
:10364000000000000000000000000000000000007A
:10365000000000000000000000000000000000006A
:10366000000000000000000000000000000000005A
:10367000000000000000000000000000000000004A
:10368000000000000000000000000000000000003A
:10369000000000000000000000000000000000002A
:1036A000000000000000000000000000000000001A
:1036B000000000000000000000000000000000000A
:1036C00000000000000000000000000000000000FA
:1036D00000000000000000000000000000000000EA
:1036E00000000000000000000000000000000000DA
:1036F00000000000000000000000000000000000CA
:1037000000000000000000000000000000000000B9
:1037100000000000000000000000000000000000A9
:103720000000000000000000000000000000000099
:103730000000000000000000000000000000000089
:103740000000000000000000000000000000000079
:103750000000000000000000000000000000000069
:103760000000000000000000000000000000000059
:103770000000000000000000000000000000000049
:103780000000000000000000000000000000000039
:103790000000000000000000000000000000000029
:1037A0000000000000000000000000000000000019
:1037B0000000000000000000000000000000000009
:1037C00000000000000000000000000000000000F9
:1037D00000000000000000000000000000000000E9
:1037E00000000000000000000000000000000000D9
:1037F00000000000000000000000000000000000C9
:1038000000000000000000000000000000000000B8
:1038100000000000000000000000000000000000A8
:103820000000000000000000000000000000000098
:103830000000000000000000000000000000000088
:103840000000000000000000000000000000000078
:103850000000000000000000000000000000000068
:103860000000000000000000000000000000000058
:103870000000000000000000000000000000000048
:103880000000000000000000000000000000000038
:103890000000000000000000000000000000000028
:1038A0000000000000000000000000000000000018
:1038B0000000000000000000000000000000000008
:1038C00000000000000000000000000000000000F8
:1038D00000000000000000000000000000000000E8
:1038E00000000000000000000000000000000000D8
:1038F00000000000000000000000000000000000C8
:1039000000000000000000000000000000000000B7
:1039100000000000000000000000000000000000A7
:103920000000000000000000000000000000000097
:103930000000000000000000000000000000000087
:103940000000000000000000000000000000000077
:103950000000000000000000000000000000000067
:103960000000000000000000000000000000000057
:103970000000000000000000000000000000000047
:103980000000000000000000000000000000000037
:103990000000000000000000000000000000000027
:1039A0000000000000000000000000000000000017
:1039B0000000000000000000000000000000000007
:1039C00000000000000000000000000000000000F7
:1039D00000000000000000000000000000000000E7
:1039E00000000000000000000000000000000000D7
:1039F00000000000000000000000000000000000C7
:103A000000000000000000000000000000000000B6
:103A100000000000000000000000000000000000A6
:103A20000000000000000000000000000000000096
:103A30000000000000000000000000000000000086
:103A40000000000000000000000000000000000076
:103A50000000000000000000000000000000000066
:103A60000000000000000000000000000000000056
:103A70000000000000000000000000000000000046
:103A80000000000000000000000000000000000036
:103A90000000000000000000000000000000000026
:103AA0000000000000000000000000000000000016
:103AB0000000000000000000000000000000000006
:103AC00000000000000000000000000000000000F6
:103AD00000000000000000000000000000000000E6
:103AE00000000000000000000000000000000000D6
:103AF00000000000000000000000000000000000C6
:103B000000000000000000000000000000000000B5
:103B100000000000000000000000000000000000A5
:103B20000000000000000000000000000000000095
:103B30000000000000000000000000000000000085
:103B40000000000000000000000000000000000075
:103B50000000000000000000000000000000000065
:103B60000000000000000000000000000000000055
:103B70000000000000000000000000000000000045
:103B80000000000000000000000000000000000035
:103B90000000000000000000000000000000000025
:103BA0000000000000000000000000000000000015
:103BB0000000000000000000000000000000000005
:103BC00000000000000000000000000000000000F5
:103BD00000000000000000000000000000000000E5
:103BE00000000000000000000000000000000000D5
:103BF00000000000000000000000000000000000C5
:103C000000000000000000000000000000000000B4
:103C100000000000000000000000000000000000A4
:103C20000000000000000000000000000000000094
:103C30000000000000000000000000000000000084
:103C40000000000000000000000000000000000074
:103C50000000000000000000000000000000000064
:103C60000000000000000000000000000000000054
:103C70000000000000000000000000000000000044
:103C80000000000000000000000000000000000034
:103C90000000000000000000000000000000000024
:103CA0000000000000000000000000000000000014
:103CB0000000000000000000000000000000000004
:103CC00000000000000000000000000000000000F4
:103CD00000000000000000000000000000000000E4
:103CE00000000000000000000000000000000000D4
:103CF00000000000000000000000000000000000C4
:103D000000000000000000000000000000000000B3
:103D100000000000000000000000000000000000A3
:103D20000000000000000000000000000000000093
:103D30000000000000000000000000000000000083
:103D40000000000000000000000000000000000073
:103D50000000000000000000000000000000000063
:103D60000000000000000000000000000000000053
:103D70000000000000000000000000000000000043
:103D80000000000000000000000000000000000033
:103D90000000000000000000000000000000000023
:103DA0000000000000000000000000000000000013
:103DB0000000000000000000000000000000000003
:103DC00000000000000000000000000000000000F3
:103DD00000000000000000000000000000000000E3
:103DE00000000000000000000000000000000000D3
:103DF00000000000000000000000000000000000C3
:103E000000000000000000000000000000000000B2
:103E100000000000000000000000000000000000A2
:103E20000000000000000000000000000000000092
:103E30000000000000000000000000000000000082
:103E40000000000000000000000000000000000072
:103E50000000000000000000000000000000000062
:103E60000000000000000000000000000000000052
:103E70000000000000000000000000000000000042
:103E80000000000000000000000000000000000032
:103E90000000000000000000000000000000000022
:103EA0000000000000000000000000000000000012
:103EB0000000000000000000000000000000000002
:103EC00000000000000000000000000000000000F2
:103ED00000000000000000000000000000000000E2
:103EE00000000000000000000000000000000000D2
:103EF00000000000000000000000000000000000C2
:103F000000000000000000000000000000000000B1
:103F100000000000000000000000000000000000A1
:103F20000000000000000000000000000000000091
:103F30000000000000000000000000000000000081
:103F40000000000000000000000000000000000071
:103F50000000000000000000000000000000000061
:103F60000000000000000000000000000000000051
:103F70000000000000000000000000000000000041
:103F80000000000000000000000000000000000031
:103F90000000000000000000000000000000000021
:103FA0000000000000000000000000000000000011
:103FB0000000000000000000000000000000000001
:103FC00000000000000000000000000000000000F1
:103FD00000000000000000000000000000000000E1
:103FE00000000000000000000000000000000000D1
:103FF00000000000000000000000000000000000C1
:1040000000000000000000000000000000000000B0
:1040100000000000000000000000000000000000A0
:104020000000000000000000000000000000000090
:104030000000000000000000000000000000000080
:104040000000000000000000000000000000000070
:104050000000000000000000000000000000000060
:104060000000000000000000000000000000000050
:104070000000000000000000000000000000000040
:104080000000000000000000000000000000000030
:104090000000000000000000000000000000000020
:1040A0000000000000000000000000000000000010
:1040B0000000000000000000000000000000000000
:1040C00000000000000000000000000000000000F0
:1040D00000000000000000000000000000000000E0
:1040E00000000000000000000000000000000000D0
:1040F00000000000000000000000000000000000C0
:1041000000000000000000000000000000000000AF
:10411000000000000000000000000000000000009F
:10412000000000000000000000000000000000008F
:10413000000000000000000000000000000000007F
:10414000000000000000000000000000000000006F
:10415000000000000000000000000000000000005F
:10416000000000000000000000000000000000004F
:10417000000000000000000000000000000000003F
:10418000000000000000000000000000000000002F
:10419000000000000000000000000000000000001F
:1041A000000000000000000000000000000000000F
:1041B00000000000000000000000000000000000FF
:1041C00000000000000000000000000000000000EF
:1041D00000000000000000000000000000000000DF
:1041E00000000000000000000000000000000000CF
:1041F00000000000000000000000000000000000BF
:1042000000000000000000000000000000000000AE
:10421000000000000000000000000000000000009E
:10422000000000000000000000000000000000008E
:10423000000000000000000000000000000000007E
:10424000000000000000000000000000000000006E
:10425000000000000000000000000000000000005E
:10426000000000000000000000000000000000004E
:10427000000000000000000000000000000000003E
:10428000000000000000000000000000000000002E
:10429000000000000000000000000000000000001E
:1042A000000000000000000000000000000000000E
:1042B00000000000000000000000000000000000FE
:1042C00000000000000000000000000000000000EE
:1042D00000000000000000000000000000000000DE
:1042E00000000000000000000000000000000000CE
:1042F00000000000000000000000000000000000BE
:1043000000000000000000000000000000000000AD
:10431000000000000000000000000000000000009D
:10432000000000000000000000000000000000008D
:10433000000000000000000000000000000000007D
:10434000000000000000000000000000000000006D
:10435000000000000000000000000000000000005D
:10436000000000000000000000000000000000004D
:10437000000000000000000000000000000000003D
:10438000000000000000000000000000000000002D
:10439000000000000000000000000000000000001D
:1043A000000000000000000000000000000000000D
:1043B00000000000000000000000000000000000FD
:1043C00000000000000000000000000000000000ED
:1043D00000000000000000000000000000000000DD
:1043E00000000000000000000000000000000000CD
:1043F00000000000000000000000000000000000BD
:1044000000000000000000000000000000000000AC
:10441000000000000000000000000000000000009C
:10442000000000000000000000000000000000008C
:10443000000000000000000000000000000000007C
:10444000000000000000000000000000000000006C
:10445000000000000000000000000000000000005C
:10446000000000000000000000000000000000004C
:10447000000000000000000000000000000000003C
:10448000000000000000000000000000000000002C
:10449000000000000000000000000000000000001C
:1044A000000000000000000000000000000000000C
:1044B00000000000000000000000000000000000FC
:1044C00000000000000000000000000000000000EC
:1044D00000000000000000000000000000000000DC
:1044E00000000000000000000000000000000000CC
:1044F00000000000000000000000000000000000BC
:1045000000000000000000000000000000000000AB
:10451000000000000000000000000000000000009B
:10452000000000000000000000000000000000008B
:10453000000000000000000000000000000000007B
:10454000000000000000000000000000000000006B
:10455000000000000000000000000000000000005B
:10456000000000000000000000000000000000004B
:10457000000000000000000000000000000000003B
:10458000000000000000000000000000000000002B
:10459000000000000000000000000000000000001B
:1045A000000000000000000000000000000000000B
:1045B00000000000000000000000000000000000FB
:1045C00000000000000000000000000000000000EB
:1045D00000000000000000000000000000000000DB
:1045E00000000000000000000000000000000000CB
:1045F00000000000000000000000000000000000BB
:1046000000000000000000000000000000000000AA
:10461000000000000000000000000000000000009A
:10462000000000000000000000000000000000008A
:10463000000000000000000000000000000000007A
:10464000000000000000000000000000000000006A
:10465000000000000000000000000000000000005A
:10466000000000000000000000000000000000004A
:10467000000000000000000000000000000000003A
:10468000000000000000000000000000000000002A
:10469000000000000000000000000000000000001A
:1046A000000000000000000000000000000000000A
:1046B00000000000000000000000000000000000FA
:1046C00000000000000000000000000000000000EA
:1046D00000000000000000000000000000000000DA
:1046E00000000000000000000000000000000000CA
:1046F00000000000000000000000000000000000BA
:1047000000000000000000000000000000000000A9
:104710000000000000000000000000000000000099
:104720000000000000000000000000000000000089
:104730000000000000000000000000000000000079
:104740000000000000000000000000000000000069
:104750000000000000000000000000000000000059
:104760000000000000000000000000000000000049
:104770000000000000000000000000000000000039
:104780000000000000000000000000000000000029
:104790000000000000000000000000000000000019
:1047A0000000000000000000000000000000000009
:1047B00000000000000000000000000000000000F9
:1047C00000000000000000000000000000000000E9
:1047D00000000000000000000000000000000000D9
:1047E00000000000000000000000000000000000C9
:1047F00000000000000000000000000000000000B9
:1048000000000000000000000000000000000000A8
:104810000000000000000000000000000000000098
:104820000000000000000000000000000000000088
:104830000000000000000000000000000000000078
:104840000000000000000000000000000000000068
:104850000000000000000000000000000000000058
:104860000000000000000000000000000000000048
:104870000000000000000000000000000000000038
:104880000000000000000000000000000000000028
:104890000000000000000000000000000000000018
:1048A0000000000000000000000000000000000008
:1048B00000000000000000000000000000000000F8
:1048C00000000000000000000000000000000000E8
:1048D00000000000000000000000000000000000D8
:1048E00000000000000000000000000000000000C8
:1048F00000000000000000000000000000000000B8
:1049000000000000000000000000000000000000A7
:104910000000000000000000000000000000000097
:104920000000000000000000000000000000000087
:104930000000000000000000000000000000000077
:104940000000000000000000000000000000000067
:104950000000000000000000000000000000000057
:104960000000000000000000000000000000000047
:104970000000000000000000000000000000000037
:104980000000000000000000000000000000000027
:104990000000000000000000000000000000000017
:1049A0000000000000000000000000000000000007
:1049B00000000000000000000000000000000000F7
:1049C00000000000000000000000000000000000E7
:1049D00000000000000000000000000000000000D7
:1049E00000000000000000000000000000000000C7
:1049F00000000000000000000000000000000000B7
:104A000000000000000000000000000000000000A6
:104A10000000000000000000000000000000000096
:104A20000000000000000000000000000000000086
:104A30000000000000000000000000000000000076
:104A40000000000000000000000000000000000066
:104A50000000000000000000000000000000000056
:104A60000000000000000000000000000000000046
:104A70000000000000000000000000000000000036
:104A80000000000000000000000000000000000026
:104A90000000000000000000000000000000000016
:104AA0000000000000000000000000000000000006
:104AB00000000000000000000000000000000000F6
:104AC00000000000000000000000000000000000E6
:104AD00000000000000000000000000000000000D6
:104AE00000000000000000000000000000000000C6
:104AF00000000000000000000000000000000000B6
:104B000000000000000000000000000000000000A5
:104B10000000000000000000000000000000000095
:104B20000000000000000000000000000000000085
:104B30000000000000000000000000000000000075
:104B40000000000000000000000000000000000065
:104B50000000000000000000000000000000000055
:104B60000000000000000000000000000000000045
:104B70000000000000000000000000000000000035
:104B80000000000000000000000000000000000025
:104B90000000000000000000000000000000000015
:104BA0000000000000000000000000000000000005
:104BB00000000000000000000000000000000000F5
:104BC00000000000000000000000000000000000E5
:104BD00000000000000000000000000000000000D5
:104BE00000000000000000000000000000000000C5
:104BF00000000000000000000000000000000000B5
:104C000000000000000000000000000000000000A4
:104C10000000000000000000000000000000000094
:104C20000000000000000000000000000000000084
:104C30000000000000000000000000000000000074
:104C40000000000000000000000000000000000064
:104C50000000000000000000000000000000000054
:104C60000000000000000000000000000000000044
:104C70000000000000000000000000000000000034
:104C80000000000000000000000000000000000024
:104C90000000000000000000000000000000000014
:104CA0000000000000000000000000000000000004
:104CB00000000000000000000000000000000000F4
:104CC00000000000000000000000000000000000E4
:104CD00000000000000000000000000000000000D4
:104CE00000000000000000000000000000000000C4
:104CF00000000000000000000000000000000000B4
:104D000000000000000000000000000000000000A3
:104D10000000000000000000000000000000000093
:104D20000000000000000000000000000000000083
:104D30000000000000000000000000000000000073
:104D40000000000000000000000000000000000063
:104D50000000000000000000000000000000000053
:104D60000000000000000000000000000000000043
:104D70000000000000000000000000000000000033
:104D80000000000000000000000000000000000023
:104D90000000000000000000000000000000000013
:104DA0000000000000000000000000000000000003
:104DB00000000000000000000000000000000000F3
:104DC00000000000000000000000000000000000E3
:104DD00000000000000000000000000000000000D3
:104DE00000000000000000000000000000000000C3
:104DF00000000000000000000000000000000000B3
:104E000000000000000000000000000000000000A2
:104E10000000000000000000000000000000000092
:104E20000000000000000000000000000000000082
:104E30000000000000000000000000000000000072
:104E40000000000000000000000000000000000062
:104E50000000000000000000000000000000000052
:104E60000000000000000000000000000000000042
:104E70000000000000000000000000000000000032
:104E80000000000000000000000000000000000022
:104E90000000000000000000000000000000000012
:104EA0000000000000000000000000000000000002
:104EB00000000000000000000000000000000000F2
:104EC00000000000000000000000000000000000E2
:104ED00000000000000000000000000000000000D2
:104EE00000000000000000000000000000000000C2
:104EF00000000000000000000000000000000000B2
:104F000000000000000000000000000000000000A1
:104F10000000000000000000000000000000000091
:104F20000000000000000000000000000000000081
:104F30000000000000000000000000000000000071
:104F40000000000000000000000000000000000061
:104F50000000000000000000000000000000000051
:104F60000000000000000000000000000000000041
:104F70000000000000000000000000000000000031
:104F80000000000000000000000000000000000021
:104F90000000000000000000000000000000000011
:104FA0000000000000000000000000000000000001
:104FB00000000000000000000000000000000000F1
:104FC00000000000000000000000000000000000E1
:104FD00000000000000000000000000000000000D1
:104FE00000000000000000000000000000000000C1
:104FF00000000000000000000000000000000000B1
:1050000000000000000000000000000000000000A0
:105010000000000000000000000000000000000090
:105020000000000000000000000000000000000080
:105030000000000000000000000000000000000070
:105040000000000000000000000000000000000060
:105050000000000000000000000000000000000050
:105060000000000000000000000000000000000040
:105070000000000000000000000000000000000030
:105080000000000000000000000000000000000020
:105090000000000000000000000000000000000010
:1050A0000000000000000000000000000000000000
:1050B00000000000000000000000000000000000F0
:1050C00000000000000000000000000000000000E0
:1050D00000000000000000000000000000000000D0
:1050E00000000000000000000000000000000000C0
:1050F00000000000000000000000000000000000B0
:10510000000000000000000000000000000000009F
:10511000000000000000000000000000000000008F
:10512000000000000000000000000000000000007F
:10513000000000000000000000000000000000006F
:10514000000000000000000000000000000000005F
:10515000000000000000000000000000000000004F
:10516000000000000000000000000000000000003F
:10517000000000000000000000000000000000002F
:10518000000000000000000000000000000000001F
:10519000000000000000000000000000000000000F
:1051A00000000000000000000000000000000000FF
:1051B00000000000000000000000000000000000EF
:1051C00000000000000000000000000000000000DF
:1051D00000000000000000000000000000000000CF
:1051E00000000000000000000000000000000000BF
:1051F00000000000000000000000000000000000AF
:10520000000000000000000000000000000000009E
:10521000000000000000000000000000000000008E
:10522000000000000000000000000000000000007E
:10523000000000000000000000000000000000006E
:10524000000000000000000000000000000000005E
:10525000000000000000000000000000000000004E
:10526000000000000000000000000000000000003E
:10527000000000000000000000000000000000002E
:10528000000000000000000000000000000000001E
:10529000000000000000000000000000000000000E
:1052A00000000000000000000000000000000000FE
:1052B00000000000000000000000000000000000EE
:1052C00000000000000000000000000000000000DE
:1052D00000000000000000000000000000000000CE
:1052E00000000000000000000000000000000000BE
:1052F00000000000000000000000000000000000AE
:10530000000000000000000000000000000000009D
:10531000000000000000000000000000000000008D
:10532000000000000000000000000000000000007D
:10533000000000000000000000000000000000006D
:10534000000000000000000000000000000000005D
:10535000000000000000000000000000000000004D
:10536000000000000000000000000000000000003D
:10537000000000000000000000000000000000002D
:10538000000000000000000000000000000000001D
:10539000000000000000000000000000000000000D
:1053A00000000000000000000000000000000000FD
:1053B00000000000000000000000000000000000ED
:1053C00000000000000000000000000000000000DD
:1053D00000000000000000000000000000000000CD
:1053E00000000000000000000000000000000000BD
:1053F00000000000000000000000000000000000AD
:10540000000000000000000000000000000000009C
:10541000000000000000000000000000000000008C
:10542000000000000000000000000000000000007C
:10543000000000000000000000000000000000006C
:10544000000000000000000000000000000000005C
:10545000000000000000000000000000000000004C
:10546000000000000000000000000000000000003C
:10547000000000000000000000000000000000002C
:10548000000000000000000000000000000000001C
:10549000000000000000000000000000000000000C
:1054A00000000000000000000000000000000000FC
:1054B00000000000000000000000000000000000EC
:1054C00000000000000000000000000000000000DC
:1054D00000000000000000000000000000000000CC
:1054E00000000000000000000000000000000000BC
:1054F00000000000000000000000000000000000AC
:10550000000000000000000000000000000000009B
:10551000000000000000000000000000000000008B
:10552000000000000000000000000000000000007B
:10553000000000000000000000000000000000006B
:10554000000000000000000000000000000000005B
:10555000000000000000000000000000000000004B
:10556000000000000000000000000000000000003B
:10557000000000000000000000000000000000002B
:10558000000000000000000000000000000000001B
:10559000000000000000000000000000000000000B
:1055A00000000000000000000000000000000000FB
:1055B00000000000000000000000000000000000EB
:1055C00000000000000000000000000000000000DB
:1055D00000000000000000000000000000000000CB
:1055E00000000000000000000000000000000000BB
:1055F00000000000000000000000000000000000AB
:10560000000000000000000000000000000000009A
:10561000000000000000000000000000000000008A
:10562000000000000000000000000000000000007A
:10563000000000000000000000000000000000006A
:10564000000000000000000000000000000000005A
:10565000000000000000000000000000000000004A
:10566000000000000000000000000000000000003A
:10567000000000000000000000000000000000002A
:10568000000000000000000000000000000000001A
:10569000000000000000000000000000000000000A
:1056A00000000000000000000000000000000000FA
:1056B00000000000000000000000000000000000EA
:1056C00000000000000000000000000000000000DA
:1056D00000000000000000000000000000000000CA
:1056E00000000000000000000000000000000000BA
:1056F00000000000000000000000000000000000AA
:105700000000000000000000000000000000000099
:105710000000000000000000000000000000000089
:105720000000000000000000000000000000000079
:105730000000000000000000000000000000000069
:105740000000000000000000000000000000000059
:105750000000000000000000000000000000000049
:105760000000000000000000000000000000000039
:105770000000000000000000000000000000000029
:105780000000000000000000000000000000000019
:105790000000000000000000000000000000000009
:1057A00000000000000000000000000000000000F9
:1057B00000000000000000000000000000000000E9
:1057C00000000000000000000000000000000000D9
:1057D00000000000000000000000000000000000C9
:1057E00000000000000000000000000000000000B9
:1057F00000000000000000000000000000000000A9
:105800000000000000000000000000000000000098
:105810000000000000000000000000000000000088
:105820000000000000000000000000000000000078
:105830000000000000000000000000000000000068
:105840000000000000000000000000000000000058
:105850000000000000000000000000000000000048
:105860000000000000000000000000000000000038
:105870000000000000000000000000000000000028
:105880000000000000000000000000000000000018
:105890000000000000000000000000000000000008
:1058A00000000000000000000000000000000000F8
:1058B00000000000000000000000000000000000E8
:1058C00000000000000000000000000000000000D8
:1058D00000000000000000000000000000000000C8
:1058E00000000000000000000000000000000000B8
:1058F00000000000000000000000000000000000A8
:105900000000000000000000000000000000000097
:105910000000000000000000000000000000000087
:105920000000000000000000000000000000000077
:105930000000000000000000000000000000000067
:105940000000000000000000000000000000000057
:105950000000000000000000000000000000000047
:105960000000000000000000000000000000000037
:105970000000000000000000000000000000000027
:105980000000000000000000000000000000000017
:105990000000000000000000000000000000000007
:1059A00000000000000000000000000000000000F7
:1059B00000000000000000000000000000000000E7
:1059C00000000000000000000000000000000000D7
:1059D00000000000000000000000000000000000C7
:1059E00000000000000000000000000000000000B7
:1059F00000000000000000000000000000000000A7
:105A00000000000000000000000000000000000096
:105A10000000000000000000000000000000000086
:105A20000000000000000000000000000000000076
:105A30000000000000000000000000000000000066
:105A40000000000000000000000000000000000056
:105A50000000000000000000000000000000000046
:105A60000000000000000000000000000000000036
:105A70000000000000000000000000000000000026
:105A80000000000000000000000000000000000016
:105A90000000000000000000000000000000000006
:105AA00000000000000000000000000000000000F6
:105AB00000000000000000000000000000000000E6
:105AC00000000000000000000000000000000000D6
:105AD00000000000000000000000000000000000C6
:105AE00000000000000000000000000000000000B6
:105AF00000000000000000000000000000000000A6
:105B00000000000000000000000000000000000095
:105B10000000000000000000000000000000000085
:105B20000000000000000000000000000000000075
:105B30000000000000000000000000000000000065
:105B40000000000000000000000000000000000055
:105B50000000000000000000000000000000000045
:105B60000000000000000000000000000000000035
:105B70000000000000000000000000000000000025
:105B80000000000000000000000000000000000015
:105B90000000000000000000000000000000000005
:105BA00000000000000000000000000000000000F5
:105BB00000000000000000000000000000000000E5
:105BC00000000000000000000000000000000000D5
:105BD00000000000000000000000000000000000C5
:105BE00000000000000000000000000000000000B5
:105BF00000000000000000000000000000000000A5
:105C00000000000000000000000000000000000094
:105C10000000000000000000000000000000000084
:105C20000000000000000000000000000000000074
:105C30000000000000000000000000000000000064
:105C40000000000000000000000000000000000054
:105C50000000000000000000000000000000000044
:105C60000000000000000000000000000000000034
:105C70000000000000000000000000000000000024
:105C80000000000000000000000000000000000014
:105C90000000000000000000000000000000000004
:105CA00000000000000000000000000000000000F4
:105CB00000000000000000000000000000000000E4
:105CC00000000000000000000000000000000000D4
:105CD00000000000000000000000000000000000C4
:105CE00000000000000000000000000000000000B4
:105CF00000000000000000000000000000000000A4
:105D00000000000000000000000000000000000093
:105D10000000000000000000000000000000000083
:105D20000000000000000000000000000000000073
:105D30000000000000000000000000000000000063
:105D40000000000000000000000000000000000053
:105D50000000000000000000000000000000000043
:105D60000000000000000000000000000000000033
:105D70000000000000000000000000000000000023
:105D80000000000000000000000000000000000013
:105D90000000000000000000000000000000000003
:105DA00000000000000000000000000000000000F3
:105DB00000000000000000000000000000000000E3
:105DC00000000000000000000000000000000000D3
:105DD00000000000000000000000000000000000C3
:105DE00000000000000000000000000000000000B3
:105DF00000000000000000000000000000000000A3
:105E00000000000000000000000000000000000092
:105E10000000000000000000000000000000000082
:105E20000000000000000000000000000000000072
:105E30000000000000000000000000000000000062
:105E40000000000000000000000000000000000052
:105E50000000000000000000000000000000000042
:105E60000000000000000000000000000000000032
:105E70000000000000000000000000000000000022
:105E80000000000000000000000000000000000012
:105E90000000000000000000000000000000000002
:105EA00000000000000000000000000000000000F2
:105EB00000000000000000000000000000000000E2
:105EC00000000000000000000000000000000000D2
:105ED00000000000000000000000000000000000C2
:105EE00000000000000000000000000000000000B2
:105EF00000000000000000000000000000000000A2
:105F00000000000000000000000000000000000091
:105F10000000000000000000000000000000000081
:105F20000000000000000000000000000000000071
:105F30000000000000000000000000000000000061
:105F40000000000000000000000000000000000051
:105F50000000000000000000000000000000000041
:105F60000000000000000000000000000000000031
:105F70000000000000000000000000000000000021
:105F80000000000000000000000000000000000011
:105F90000000000000000000000000000000000001
:105FA00000000000000000000000000000000000F1
:105FB00000000000000000000000000000000000E1
:105FC00000000000000000000000000000000000D1
:105FD00000000000000000000000000000000000C1
:105FE00000000000000000000000000000000000B1
:105FF00000000000000000000000000000000000A1
:106000000000000000000000000000000000000090
:106010000000000000000000000000000000000080
:106020000000000000000000000000000000000070
:106030000000000000000000000000000000000060
:106040000000000000000000000000000000000050
:106050000000000000000000000000000000000040
:106060000000000000000000000000000000000030
:106070000000000000000000000000000000000020
:106080000000000000000000000000000000000010
:106090000000000000000000000000000000000000
:1060A00000000000000000000000000000000000F0
:1060B00000000000000000000000000000000000E0
:1060C00000000000000000000000000000000000D0
:1060D00000000000000000000000000000000000C0
:1060E00000000000000000000000000000000000B0
:1060F00000000000000000000000000000000000A0
:10610000000000000000000000000000000000008F
:10611000000000000000000000000000000000007F
:10612000000000000000000000000000000000006F
:10613000000000000000000000000000000000005F
:10614000000000000000000000000000000000004F
:10615000000000000000000000000000000000003F
:10616000000000000000000000000000000000002F
:10617000000000000000000000000000000000001F
:10618000000000000000000000000000000000000F
:1061900000000000000000000000000000000000FF
:1061A00000000000000000000000000000000000EF
:1061B00000000000000000000000000000000000DF
:1061C00000000000000000000000000000000000CF
:1061D00000000000000000000000000000000000BF
:1061E00000000000000000000000000000000000AF
:1061F000000000000000000000000000000000009F
:10620000000000000000000000000000000000008E
:10621000000000000000000000000000000000007E
:10622000000000000000000000000000000000006E
:10623000000000000000000000000000000000005E
:10624000000000000000000000000000000000004E
:10625000000000000000000000000000000000003E
:10626000000000000000000000000000000000002E
:10627000000000000000000000000000000000001E
:10628000000000000000000000000000000000000E
:1062900000000000000000000000000000000000FE
:1062A00000000000000000000000000000000000EE
:1062B00000000000000000000000000000000000DE
:1062C00000000000000000000000000000000000CE
:1062D00000000000000000000000000000000000BE
:1062E00000000000000000000000000000000000AE
:1062F000000000000000000000000000000000009E
:10630000000000000000000000000000000000008D
:10631000000000000000000000000000000000007D
:10632000000000000000000000000000000000006D
:10633000000000000000000000000000000000005D
:10634000000000000000000000000000000000004D
:10635000000000000000000000000000000000003D
:10636000000000000000000000000000000000002D
:10637000000000000000000000000000000000001D
:10638000000000000000000000000000000000000D
:1063900000000000000000000000000000000000FD
:1063A00000000000000000000000000000000000ED
:1063B00000000000000000000000000000000000DD
:1063C00000000000000000000000000000000000CD
:1063D00000000000000000000000000000000000BD
:1063E00000000000000000000000000000000000AD
:1063F000000000000000000000000000000000009D
:10640000000000000000000000000000000000008C
:10641000000000000000000000000000000000007C
:10642000000000000000000000000000000000006C
:10643000000000000000000000000000000000005C
:10644000000000000000000000000000000000004C
:10645000000000000000000000000000000000003C
:10646000000000000000000000000000000000002C
:10647000000000000000000000000000000000001C
:10648000000000000000000000000000000000000C
:1064900000000000000000000000000000000000FC
:1064A00000000000000000000000000000000000EC
:1064B00000000000000000000000000000000000DC
:1064C00000000000000000000000000000000000CC
:1064D00000000000000000000000000000000000BC
:1064E00000000000000000000000000000000000AC
:1064F000000000000000000000000000000000009C
:10650000000000000000000000000000000000008B
:10651000000000000000000000000000000000007B
:10652000000000000000000000000000000000006B
:10653000000000000000000000000000000000005B
:10654000000000000000000000000000000000004B
:10655000000000000000000000000000000000003B
:10656000000000000000000000000000000000002B
:10657000000000000000000000000000000000001B
:10658000000000000000000000000000000000000B
:1065900000000000000000000000000000000000FB
:1065A00000000000000000000000000000000000EB
:1065B00000000000000000000000000000000000DB
:1065C00000000000000000000000000000000000CB
:1065D00000000000000000000000000000000000BB
:1065E00000000000000000000000000000000000AB
:1065F000000000000000000000000000000000009B
:10660000000000000000000000000000000000008A
:10661000000000000000000000000000000000007A
:10662000000000000000000000000000000000006A
:10663000000000000000000000000000000000005A
:10664000000000000000000000000000000000004A
:10665000000000000000000000000000000000003A
:10666000000000000000000000000000000000002A
:10667000000000000000000000000000000000001A
:10668000000000000000000000000000000000000A
:1066900000000000000000000000000000000000FA
:1066A00000000000000000000000000000000000EA
:1066B00000000000000000000000000000000000DA
:1066C00000000000000000000000000000000000CA
:1066D00000000000000000000000000000000000BA
:1066E00000000000000000000000000000000000AA
:1066F000000000000000000000000000000000009A
:106700000000000000000000000000000000000089
:106710000000000000000000000000000000000079
:106720000000000000000000000000000000000069
:106730000000000000000000000000000000000059
:106740000000000000000000000000000000000049
:106750000000000000000000000000000000000039
:106760000000000000000000000000000000000029
:106770000000000000000000000000000000000019
:106780000000000000000000000000000000000009
:1067900000000000000000000000000000000000F9
:1067A00000000000000000000000000000000000E9
:1067B00000000000000000000000000000000000D9
:1067C00000000000000000000000000000000000C9
:1067D00000000000000000000000000000000000B9
:1067E00000000000000000000000000000000000A9
:1067F0000000000000000000000000000000000099
:106800000000000000000000000000000000000088
:106810000000000000000000000000000000000078
:106820000000000000000000000000000000000068
:106830000000000000000000000000000000000058
:106840000000000000000000000000000000000048
:106850000000000000000000000000000000000038
:106860000000000000000000000000000000000028
:106870000000000000000000000000000000000018
:106880000000000000000000000000000000000008
:1068900000000000000000000000000000000000F8
:1068A00000000000000000000000000000000000E8
:1068B00000000000000000000000000000000000D8
:1068C00000000000000000000000000000000000C8
:1068D00000000000000000000000000000000000B8
:1068E00000000000000000000000000000000000A8
:1068F0000000000000000000000000000000000098
:106900000000000000000000000000000000000087
:106910000000000000000000000000000000000077
:106920000000000000000000000000000000000067
:106930000000000000000000000000000000000057
:106940000000000000000000000000000000000047
:106950000000000000000000000000000000000037
:106960000000000000000000000000000000000027
:106970000000000000000000000000000000000017
:106980000000000000000000000000000000000007
:1069900000000000000000000000000000000000F7
:1069A00000000000000000000000000000000000E7
:1069B00000000000000000000000000000000000D7
:1069C00000000000000000000000000000000000C7
:1069D00000000000000000000000000000000000B7
:1069E00000000000000000000000000000000000A7
:1069F0000000000000000000000000000000000097
:106A00000000000000000000000000000000000086
:106A10000000000000000000000000000000000076
:106A20000000000000000000000000000000000066
:106A30000000000000000000000000000000000056
:106A40000000000000000000000000000000000046
:106A50000000000000000000000000000000000036
:106A60000000000000000000000000000000000026
:106A70000000000000000000000000000000000016
:106A80000000000000000000000000000000000006
:106A900000000000000000000000000000000000F6
:106AA00000000000000000000000000000000000E6
:106AB00000000000000000000000000000000000D6
:106AC00000000000000000000000000000000000C6
:106AD00000000000000000000000000000000000B6
:106AE00000000000000000000000000000000000A6
:106AF0000000000000000000000000000000000096
:106B00000000000000000000000000000000000085
:106B10000000000000000000000000000000000075
:106B20000000000000000000000000000000000065
:106B30000000000000000000000000000000000055
:106B40000000000000000000000000000000000045
:106B50000000000000000000000000000000000035
:106B60000000000000000000000000000000000025
:106B70000000000000000000000000000000000015
:106B80000000000000000000000000000000000005
:106B900000000000000000000000000000000000F5
:106BA00000000000000000000000000000000000E5
:106BB00000000000000000000000000000000000D5
:106BC00000000000000000000000000000000000C5
:106BD00000000000000000000000000000000000B5
:106BE00000000000000000000000000000000000A5
:106BF0000000000000000000000000000000000095
:106C00000000000000000000000000000000000084
:106C10000000000000000000000000000000000074
:106C20000000000000000000000000000000000064
:106C30000000000000000000000000000000000054
:106C40000000000000000000000000000000000044
:106C50000000000000000000000000000000000034
:106C60000000000000000000000000000000000024
:106C70000000000000000000000000000000000014
:106C80000000000000000000000000000000000004
:106C900000000000000000000000000000000000F4
:106CA00000000000000000000000000000000000E4
:106CB00000000000000000000000000000000000D4
:106CC00000000000000000000000000000000000C4
:106CD00000000000000000000000000000000000B4
:106CE00000000000000000000000000000000000A4
:106CF0000000000000000000000000000000000094
:106D00000000000000000000000000000000000083
:106D10000000000000000000000000000000000073
:106D20000000000000000000000000000000000063
:106D30000000000000000000000000000000000053
:106D40000000000000000000000000000000000043
:106D50000000000000000000000000000000000033
:106D60000000000000000000000000000000000023
:106D70000000000000000000000000000000000013
:106D80000000000000000000000000000000000003
:106D900000000000000000000000000000000000F3
:106DA00000000000000000000000000000000000E3
:106DB00000000000000000000000000000000000D3
:106DC00000000000000000000000000000000000C3
:106DD00000000000000000000000000000000000B3
:106DE00000000000000000000000000000000000A3
:106DF0000000000000000000000000000000000093
:106E00000000000000000000000000000000000082
:106E10000000000000000000000000000000000072
:106E20000000000000000000000000000000000062
:106E30000000000000000000000000000000000052
:106E40000000000000000000000000000000000042
:106E50000000000000000000000000000000000032
:106E60000000000000000000000000000000000022
:106E70000000000000000000000000000000000012
:106E80000000000000000000000000000000000002
:106E900000000000000000000000000000000000F2
:106EA00000000000000000000000000000000000E2
:106EB00000000000000000000000000000000000D2
:106EC00000000000000000000000000000000000C2
:106ED00000000000000000000000000000000000B2
:106EE00000000000000000000000000000000000A2
:106EF0000000000000000000000000000000000092
:106F00000000000000000000000000000000000081
:106F10000000000000000000000000000000000071
:106F20000000000000000000000000000000000061
:106F30000000000000000000000000000000000051
:106F40000000000000000000000000000000000041
:106F50000000000000000000000000000000000031
:106F60000000000000000000000000000000000021
:106F70000000000000000000000000000000000011
:106F80000000000000000000000000000000000001
:106F900000000000000000000000000000000000F1
:106FA00000000000000000000000000000000000E1
:106FB00000000000000000000000000000000000D1
:106FC00000000000000000000000000000000000C1
:106FD00000000000000000000000000000000000B1
:106FE00000000000000000000000000000000000A1
:106FF0000000000000000000000000000000000091
:107000000000000000000000000000000000000080
:107010000000000000000000000000000000000070
:107020000000000000000000000000000000000060
:107030000000000000000000000000000000000050
:107040000000000000000000000000000000000040
:107050000000000000000000000000000000000030
:107060000000000000000000000000000000000020
:107070000000000000000000000000000000000010
:107080000000000000000000000000000000000000
:1070900000000000000000000000000000000000F0
:1070A00000000000000000000000000000000000E0
:1070B00000000000000000000000000000000000D0
:1070C00000000000000000000000000000000000C0
:1070D00000000000000000000000000000000000B0
:1070E00000000000000000000000000000000000A0
:1070F0000000000000000000000000000000000090
:10710000000000000000000000000000000000007F
:10711000000000000000000000000000000000006F
:10712000000000000000000000000000000000005F
:10713000000000000000000000000000000000004F
:10714000000000000000000000000000000000003F
:10715000000000000000000000000000000000002F
:10716000000000000000000000000000000000001F
:10717000000000000000000000000000000000000F
:1071800000000000000000000000000000000000FF
:1071900000000000000000000000000000000000EF
:1071A00000000000000000000000000000000000DF
:1071B00000000000000000000000000000000000CF
:1071C00000000000000000000000000000000000BF
:1071D00000000000000000000000000000000000AF
:1071E000000000000000000000000000000000009F
:1071F000000000000000000000000000000000008F
:10720000000000000000000000000000000000007E
:10721000000000000000000000000000000000006E
:10722000000000000000000000000000000000005E
:10723000000000000000000000000000000000004E
:10724000000000000000000000000000000000003E
:10725000000000000000000000000000000000002E
:10726000000000000000000000000000000000001E
:10727000000000000000000000000000000000000E
:1072800000000000000000000000000000000000FE
:1072900000000000000000000000000000000000EE
:1072A00000000000000000000000000000000000DE
:1072B00000000000000000000000000000000000CE
:1072C00000000000000000000000000000000000BE
:1072D00000000000000000000000000000000000AE
:1072E000000000000000000000000000000000009E
:1072F000000000000000000000000000000000008E
:10730000000000000000000000000000000000007D
:10731000000000000000000000000000000000006D
:10732000000000000000000000000000000000005D
:10733000000000000000000000000000000000004D
:10734000000000000000000000000000000000003D
:10735000000000000000000000000000000000002D
:10736000000000000000000000000000000000001D
:10737000000000000000000000000000000000000D
:1073800000000000000000000000000000000000FD
:1073900000000000000000000000000000000000ED
:1073A00000000000000000000000000000000000DD
:1073B00000000000000000000000000000000000CD
:1073C00000000000000000000000000000000000BD
:1073D00000000000000000000000000000000000AD
:1073E000000000000000000000000000000000009D
:1073F000000000000000000000000000000000008D
:10740000000000000000000000000000000000007C
:10741000000000000000000000000000000000006C
:10742000000000000000000000000000000000005C
:10743000000000000000000000000000000000004C
:10744000000000000000000000000000000000003C
:10745000000000000000000000000000000000002C
:10746000000000000000000000000000000000001C
:10747000000000000000000000000000000000000C
:1074800000000000000000000000000000000000FC
:1074900000000000000000000000000000000000EC
:1074A00000000000000000000000000000000000DC
:1074B00000000000000000000000000000000000CC
:1074C00000000000000000000000000000000000BC
:1074D00000000000000000000000000000000000AC
:1074E000000000000000000000000000000000009C
:1074F000000000000000000000000000000000008C
:10750000000000000000000000000000000000007B
:10751000000000000000000000000000000000006B
:10752000000000000000000000000000000000005B
:10753000000000000000000000000000000000004B
:10754000000000000000000000000000000000003B
:10755000000000000000000000000000000000002B
:10756000000000000000000000000000000000001B
:10757000000000000000000000000000000000000B
:1075800000000000000000000000000000000000FB
:1075900000000000000000000000000000000000EB
:1075A00000000000000000000000000000000000DB
:1075B00000000000000000000000000000000000CB
:1075C00000000000000000000000000000000000BB
:1075D00000000000000000000000000000000000AB
:1075E000000000000000000000000000000000009B
:1075F000000000000000000000000000000000008B
:10760000000000000000000000000000000000007A
:10761000000000000000000000000000000000006A
:10762000000000000000000000000000000000005A
:10763000000000000000000000000000000000004A
:10764000000000000000000000000000000000003A
:10765000000000000000000000000000000000002A
:10766000000000000000000000000000000000001A
:10767000000000000000000000000000000000000A
:1076800000000000000000000000000000000000FA
:1076900000000000000000000000000000000000EA
:1076A00000000000000000000000000000000000DA
:1076B00000000000000000000000000000000000CA
:1076C00000000000000000000000000000000000BA
:1076D00000000000000000000000000000000000AA
:1076E000000000000000000000000000000000009A
:1076F000000000000000000000000000000000008A
:107700000000000000000000000000000000000079
:107710000000000000000000000000000000000069
:107720000000000000000000000000000000000059
:107730000000000000000000000000000000000049
:107740000000000000000000000000000000000039
:107750000000000000000000000000000000000029
:107760000000000000000000000000000000000019
:107770000000000000000000000000000000000009
:1077800000000000000000000000000000000000F9
:1077900000000000000000000000000000000000E9
:1077A00000000000000000000000000000000000D9
:1077B00000000000000000000000000000000000C9
:1077C00000000000000000000000000000000000B9
:1077D00000000000000000000000000000000000A9
:1077E0000000000000000000000000000000000099
:1077F0000000000000000000000000000000000089
:107800000000000000000000000000000000000078
:107810000000000000000000000000000000000068
:107820000000000000000000000000000000000058
:107830000000000000000000000000000000000048
:107840000000000000000000000000000000000038
:107850000000000000000000000000000000000028
:107860000000000000000000000000000000000018
:107870000000000000000000000000000000000008
:1078800000000000000000000000000000000000F8
:1078900000000000000000000000000000000000E8
:1078A00000000000000000000000000000000000D8
:1078B00000000000000000000000000000000000C8
:1078C00000000000000000000000000000000000B8
:1078D00000000000000000000000000000000000A8
:1078E0000000000000000000000000000000000098
:1078F0000000000000000000000000000000000088
:107900000000000000000000000000000000000077
:107910000000000000000000000000000000000067
:107920000000000000000000000000000000000057
:107930000000000000000000000000000000000047
:107940000000000000000000000000000000000037
:107950000000000000000000000000000000000027
:107960000000000000000000000000000000000017
:107970000000000000000000000000000000000007
:1079800000000000000000000000000000000000F7
:1079900000000000000000000000000000000000E7
:1079A00000000000000000000000000000000000D7
:1079B00000000000000000000000000000000000C7
:1079C00000000000000000000000000000000000B7
:1079D00000000000000000000000000000000000A7
:1079E0000000000000000000000000000000000097
:1079F0000000000000000000000000000000000087
:107A00000000000000000000000000000000000076
:107A10000000000000000000000000000000000066
:107A20000000000000000000000000000000000056
:107A30000000000000000000000000000000000046
:107A40000000000000000000000000000000000036
:107A50000000000000000000000000000000000026
:107A60000000000000000000000000000000000016
:107A70000000000000000000000000000000000006
:107A800000000000000000000000000000000000F6
:107A900000000000000000000000000000000000E6
:107AA00000000000000000000000000000000000D6
:107AB00000000000000000000000000000000000C6
:107AC00000000000000000000000000000000000B6
:107AD00000000000000000000000000000000000A6
:107AE0000000000000000000000000000000000096
:107AF0000000000000000000000000000000000086
:107B00000000000000000000000000000000000075
:107B10000000000000000000000000000000000065
:107B20000000000000000000000000000000000055
:107B30000000000000000000000000000000000045
:107B40000000000000000000000000000000000035
:107B50000000000000000000000000000000000025
:107B60000000000000000000000000000000000015
:107B70000000000000000000000000000000000005
:107B800000000000000000000000000000000000F5
:107B900000000000000000000000000000000000E5
:107BA00000000000000000000000000000000000D5
:107BB00000000000000000000000000000000000C5
:107BC00000000000000000000000000000000000B5
:107BD00000000000000000000000000000000000A5
:107BE0000000000000000000000000000000000095
:107BF0000000000000000000000000000000000085
:107C00000000000000000000000000000000000074
:107C10000000000000000000000000000000000064
:107C20000000000000000000000000000000000054
:107C30000000000000000000000000000000000044
:107C40000000000000000000000000000000000034
:107C50000000000000000000000000000000000024
:107C60000000000000000000000000000000000014
:107C70000000000000000000000000000000000004
:107C800000000000000000000000000000000000F4
:107C900000000000000000000000000000000000E4
:107CA00000000000000000000000000000000000D4
:107CB00000000000000000000000000000000000C4
:107CC00000000000000000000000000000000000B4
:107CD00000000000000000000000000000000000A4
:107CE0000000000000000000000000000000000094
:107CF0000000000000000000000000000000000084
:107D00000000000000000000000000000000000073
:107D10000000000000000000000000000000000063
:107D20000000000000000000000000000000000053
:107D30000000000000000000000000000000000043
:107D40000000000000000000000000000000000033
:107D50000000000000000000000000000000000023
:107D60000000000000000000000000000000000013
:107D70000000000000000000000000000000000003
:107D800000000000000000000000000000000000F3
:107D900000000000000000000000000000000000E3
:107DA00000000000000000000000000000000000D3
:107DB00000000000000000000000000000000000C3
:107DC00000000000000000000000000000000000B3
:107DD00000000000000000000000000000000000A3
:107DE0000000000000000000000000000000000093
:107DF0000000000000000000000000000000000083
:107E00000000000000000000000000000000000072
:107E10000000000000000000000000000000000062
:107E20000000000000000000000000000000000052
:107E30000000000000000000000000000000000042
:107E40000000000000000000000000000000000032
:107E50000000000000000000000000000000000022
:107E60000000000000000000000000000000000012
:107E70000000000000000000000000000000000002
:107E800000000000000000000000000000000000F2
:107E900000000000000000000000000000000000E2
:107EA00000000000000000000000000000000000D2
:107EB00000000000000000000000000000000000C2
:107EC00000000000000000000000000000000000B2
:107ED00000000000000000000000000000000000A2
:107EE0000000000000000000000000000000000092
:107EF0000000000000000000000000000000000082
:107F00000000000000000000000000000000000071
:107F10000000000000000000000000000000000061
:107F20000000000000000000000000000000000051
:107F30000000000000000000000000000000000041
:107F40000000000000000000000000000000000031
:107F50000000000000000000000000000000000021
:107F60000000000000000000000000000000000011
:107F70000000000000000000000000000000000001
:107F800000000000000000000000000000000000F1
:107F900000000000000000000000000000000000E1
:107FA00000000000000000000000000000000000D1
:107FB00000000000000000000000000000000000C1
:107FC00000000000000000000000000000000000B1
:107FD00000000000000000000000000000000000A1
:107FE0000000000000000000000000000000000091
:107FF0000000000000000000000000000000000081
:108000000000000000000000000000000000000070
:108010000000000000000000000000000000000060
:108020000000000000000000000000000000000050
:108030000000000000000000000000000000000040
:108040000000000000000000000000000000000030
:108050000000000000000000000000000000000020
:108060000000000000000000000000000000000010
:108070000000000000000000000000000000000000
:1080800000000000000000000000000000000000F0
:1080900000000000000000000000000000000000E0
:1080A00000000000000000000000000000000000D0
:1080B00000000000000000000000000000000000C0
:1080C00000000000000000000000000000000000B0
:1080D00000000000000000000000000000000000A0
:1080E0000000000000000000000000000000000090
:1080F0000000000000000000000000000000000080
:10810000000000000000000000000000000000006F
:10811000000000000000000000000000000000005F
:10812000000000000000000000000000000000004F
:10813000000000000000000000000000000000003F
:10814000000000000000000000000000000000002F
:10815000000000000000000000000000000000001F
:10816000000000000000000000000000000000000F
:1081700000000000000000000000000000000000FF
:1081800000000000000000000000000000000000EF
:1081900000000000000000000000000000000000DF
:1081A00000000000000000000000000000000000CF
:1081B00000000000000000000000000000000000BF
:1081C00000000000000000000000000000000000AF
:1081D000000000000000000000000000000000009F
:1081E000000000000000000000000000000000008F
:1081F000000000000000000000000000000000007F
:10820000000000000000000000000000000000006E
:10821000000000000000000000000000000000005E
:10822000000000000000000000000000000000004E
:10823000000000000000000000000000000000003E
:10824000000000000000000000000000000000002E
:10825000000000000000000000000000000000001E
:10826000000000000000000000000000000000000E
:1082700000000000000000000000000000000000FE
:1082800000000000000000000000000000000000EE
:1082900000000000000000000000000000000000DE
:1082A00000000000000000000000000000000000CE
:1082B00000000000000000000000000000000000BE
:1082C00000000000000000000000000000000000AE
:1082D000000000000000000000000000000000009E
:1082E000000000000000000000000000000000008E
:1082F000000000000000000000000000000000007E
:10830000000000000000000000000000000000006D
:10831000000000000000000000000000000000005D
:10832000000000000000000000000000000000004D
:10833000000000000000000000000000000000003D
:10834000000000000000000000000000000000002D
:10835000000000000000000000000000000000001D
:10836000000000000000000000000000000000000D
:1083700000000000000000000000000000000000FD
:1083800000000000000000000000000000000000ED
:1083900000000000000000000000000000000000DD
:1083A00000000000000000000000000000000000CD
:1083B00000000000000000000000000000000000BD
:1083C00000000000000000000000000000000000AD
:1083D000000000000000000000000000000000009D
:1083E000000000000000000000000000000000008D
:1083F000000000000000000000000000000000007D
:10840000000000000000000000000000000000006C
:10841000000000000000000000000000000000005C
:10842000000000000000000000000000000000004C
:10843000000000000000000000000000000000003C
:10844000000000000000000000000000000000002C
:10845000000000000000000000000000000000001C
:10846000000000000000000000000000000000000C
:1084700000000000000000000000000000000000FC
:1084800000000000000000000000000000000000EC
:1084900000000000000000000000000000000000DC
:1084A00000000000000000000000000000000000CC
:1084B00000000000000000000000000000000000BC
:1084C00000000000000000000000000000000000AC
:1084D000000000000000000000000000000000009C
:1084E000000000000000000000000000000000008C
:1084F000000000000000000000000000000000007C
:10850000000000000000000000000000000000006B
:10851000000000000000000000000000000000005B
:10852000000000000000000000000000000000004B
:10853000000000000000000000000000000000003B
:10854000000000000000000000000000000000002B
:10855000000000000000000000000000000000001B
:10856000000000000000000000000000000000000B
:1085700000000000000000000000000000000000FB
:1085800000000000000000000000000000000000EB
:1085900000000000000000000000000000000000DB
:1085A00000000000000000000000000000000000CB
:1085B00000000000000000000000000000000000BB
:1085C00000000000000000000000000000000000AB
:1085D000000000000000000000000000000000009B
:1085E000000000000000000000000000000000008B
:1085F000000000000000000000000000000000007B
:10860000000000000000000000000000000000006A
:10861000000000000000000000000000000000005A
:10862000000000000000000000000000000000004A
:10863000000000000000000000000000000000003A
:10864000000000000000000000000000000000002A
:10865000000000000000000000000000000000001A
:10866000000000000000000000000000000000000A
:1086700000000000000000000000000000000000FA
:1086800000000000000000000000000000000000EA
:1086900000000000000000000000000000000000DA
:1086A00000000000000000000000000000000000CA
:1086B00000000000000000000000000000000000BA
:1086C00000000000000000000000000000000000AA
:1086D000000000000000000000000000000000009A
:1086E000000000000000000000000000000000008A
:1086F000000000000000000000000000000000007A
:108700000000000000000000000000000000000069
:108710000000000000000000000000000000000059
:108720000000000000000000000000000000000049
:108730000000000000000000000000000000000039
:108740000000000000000000000000000000000029
:108750000000000000000000000000000000000019
:108760000000000000000000000000000000000009
:1087700000000000000000000000000000000000F9
:1087800000000000000000000000000000000000E9
:1087900000000000000000000000000000000000D9
:1087A00000000000000000000000000000000000C9
:1087B00000000000000000000000000000000000B9
:1087C00000000000000000000000000000000000A9
:1087D0000000000000000000000000000000000099
:1087E0000000000000000000000000000000000089
:1087F0000000000000000000000000000000000079
:108800000000000000000000000000000000000068
:108810000000000000000000000000000000000058
:108820000000000000000000000000000000000048
:108830000000000000000000000000000000000038
:108840000000000000000000000000000000000028
:108850000000000000000000000000000000000018
:108860000000000000000000000000000000000008
:1088700000000000000000000000000000000000F8
:1088800000000000000000000000000000000000E8
:1088900000000000000000000000000000000000D8
:1088A00000000000000000000000000000000000C8
:1088B00000000000000000000000000000000000B8
:1088C00000000000000000000000000000000000A8
:1088D0000000000000000000000000000000000098
:1088E0000000000000000000000000000000000088
:1088F0000000000000000000000000000000000078
:108900000000000000000000000000000000000067
:108910000000000000000000000000000000000057
:108920000000000000000000000000000000000047
:108930000000000000000000000000000000000037
:108940000000000000000000000000000000000027
:108950000000000000000000000000000000000017
:108960000000000000000000000000000000000007
:1089700000000000000000000000000000000000F7
:1089800000000000000000000000000000000000E7
:1089900000000000000000000000000000000000D7
:1089A00000000000000000000000000000000000C7
:1089B00000000000000000000000000000000000B7
:1089C00000000000000000000000000000000000A7
:1089D0000000000000000000000000000000000097
:1089E0000000000000000000000000000000000087
:1089F0000000000000000000000000000000000077
:108A00000000000000000000000000000000000066
:108A10000000000000000000000000000000000056
:108A20000000000000000000000000000000000046
:108A30000000000000000000000000000000000036
:108A40000000000000000000000000000000000026
:108A50000000000000000000000000000000000016
:108A60000000000000000000000000000000000006
:108A700000000000000000000000000000000000F6
:108A800000000000000000000000000000000000E6
:108A900000000000000000000000000000000000D6
:108AA00000000000000000000000000000000000C6
:108AB00000000000000000000000000000000000B6
:108AC00000000000000000000000000000000000A6
:108AD0000000000000000000000000000000000096
:108AE0000000000000000000000000000000000086
:108AF0000000000000000000000000000000000076
:108B00000000000000000000000000000000000065
:108B10000000000000000000000000000000000055
:108B20000000000000000000000000000000000045
:108B30000000000000000000000000000000000035
:108B40000000000000000000000000000000000025
:108B50000000000000000000000000000000000015
:108B60000000000000000000000000000000000005
:108B700000000000000000000000000000000000F5
:108B800000000000000000000000000000000000E5
:108B900000000000000000000000000000000000D5
:108BA00000000000000000000000000000000000C5
:108BB00000000000000000000000000000000000B5
:108BC00000000000000000000000000000000000A5
:108BD0000000000000000000000000000000000095
:108BE0000000000000000000000000000000000085
:108BF0000000000000000000000000000000000075
:108C00000000000000000000000000000000000064
:108C10000000000000000000000000000000000054
:108C20000000000000000000000000000000000044
:108C30000000000000000000000000000000000034
:108C40000000000000000000000000000000000024
:108C50000000000000000000000000000000000014
:108C60000000000000000000000000000000000004
:108C700000000000000000000000000000000000F4
:108C800000000000000000000000000000000000E4
:108C900000000000000000000000000000000000D4
:108CA00000000000000000000000000000000000C4
:108CB00000000000000000000000000000000000B4
:108CC00000000000000000000000000000000000A4
:108CD0000000000000000000000000000000000094
:108CE0000000000000000000000000000000000084
:108CF0000000000000000000000000000000000074
:108D00000000000000000000000000000000000063
:108D10000000000000000000000000000000000053
:108D20000000000000000000000000000000000043
:108D30000000000000000000000000000000000033
:108D40000000000000000000000000000000000023
:108D50000000000000000000000000000000000013
:108D60000000000000000000000000000000000003
:108D700000000000000000000000000000000000F3
:108D800000000000000000000000000000000000E3
:108D900000000000000000000000000000000000D3
:108DA00000000000000000000000000000000000C3
:108DB00000000000000000000000000000000000B3
:108DC00000000000000000000000000000000000A3
:108DD0000000000000000000000000000000000093
:108DE0000000000000000000000000000000000083
:108DF0000000000000000000000000000000000073
:108E00000000000000000000000000000000000062
:108E10000000000000000000000000000000000052
:108E20000000000000000000000000000000000042
:108E30000000000000000000000000000000000032
:108E40000000000000000000000000000000000022
:108E50000000000000000000000000000000000012
:108E60000000000000000000000000000000000002
:108E700000000000000000000000000000000000F2
:108E800000000000000000000000000000000000E2
:108E900000000000000000000000000000000000D2
:108EA00000000000000000000000000000000000C2
:108EB00000000000000000000000000000000000B2
:108EC00000000000000000000000000000000000A2
:108ED0000000000000000000000000000000000092
:108EE0000000000000000000000000000000000082
:108EF0000000000000000000000000000000000072
:108F00000000000000000000000000000000000061
:108F10000000000000000000000000000000000051
:108F20000000000000000000000000000000000041
:108F30000000000000000000000000000000000031
:108F40000000000000000000000000000000000021
:108F50000000000000000000000000000000000011
:108F60000000000000000000000000000000000001
:108F700000000000000000000000000000000000F1
:108F800000000000000000000000000000000000E1
:108F900000000000000000000000000000000000D1
:108FA00000000000000000000000000000000000C1
:108FB00000000000000000000000000000000000B1
:108FC00000000000000000000000000000000000A1
:108FD0000000000000000000000000000000000091
:108FE0000000000000000000000000000000000081
:108FF0000000000000000000000000000000000071
:109000000000000000000000000000000000000060
:109010000000000000000000000000000000000050
:109020000000000000000000000000000000000040
:109030000000000000000000000000000000000030
:109040000000000000000000000000000000000020
:109050000000000000000000000000000000000010
:109060000000000000000000000000000000000000
:1090700000000000000000000000000000000000F0
:1090800000000000000000000000000000000000E0
:1090900000000000000000000000000000000000D0
:1090A00000000000000000000000000000000000C0
:1090B00000000000000000000000000000000000B0
:1090C00000000000000000000000000000000000A0
:1090D0000000000000000000000000000000000090
:1090E0000000000000000000000000000000000080
:1090F0000000000000000000000000000000000070
:10910000000000000000000000000000000000005F
:10911000000000000000000000000000000000004F
:10912000000000000000000000000000000000003F
:10913000000000000000000000000000000000002F
:10914000000000000000000000000000000000001F
:10915000000000000000000000000000000000000F
:1091600000000000000000000000000000000000FF
:1091700000000000000000000000000000000000EF
:1091800000000000000000000000000000000000DF
:1091900000000000000000000000000000000000CF
:1091A00000000000000000000000000000000000BF
:1091B00000000000000000000000000000000000AF
:1091C000000000000000000000000000000000009F
:1091D000000000000000000000000000000000008F
:1091E000000000000000000000000000000000007F
:1091F000000000000000000000000000000000006F
:10920000000000000000000000000000000000005E
:10921000000000000000000000000000000000004E
:10922000000000000000000000000000000000003E
:10923000000000000000000000000000000000002E
:10924000000000000000000000000000000000001E
:10925000000000000000000000000000000000000E
:1092600000000000000000000000000000000000FE
:1092700000000000000000000000000000000000EE
:1092800000000000000000000000000000000000DE
:1092900000000000000000000000000000000000CE
:1092A00000000000000000000000000000000000BE
:1092B00000000000000000000000000000000000AE
:1092C000000000000000000000000000000000009E
:1092D000000000000000000000000000000000008E
:1092E000000000000000000000000000000000007E
:1092F000000000000000000000000000000000006E
:10930000000000000000000000000000000000005D
:10931000000000000000000000000000000000004D
:10932000000000000000000000000000000000003D
:10933000000000000000000000000000000000002D
:10934000000000000000000000000000000000001D
:10935000000000000000000000000000000000000D
:1093600000000000000000000000000000000000FD
:1093700000000000000000000000000000000000ED
:1093800000000000000000000000000000000000DD
:1093900000000000000000000000000000000000CD
:1093A00000000000000000000000000000000000BD
:1093B00000000000000000000000000000000000AD
:1093C000000000000000000000000000000000009D
:1093D000000000000000000000000000000000008D
:1093E000000000000000000000000000000000007D
:1093F000000000000000000000000000000000006D
:10940000000000000000000000000000000000005C
:10941000000000000000000000000000000000004C
:10942000000000000000000000000000000000003C
:10943000000000000000000000000000000000002C
:10944000000000000000000000000000000000001C
:10945000000000000000000000000000000000000C
:1094600000000000000000000000000000000000FC
:1094700000000000000000000000000000000000EC
:1094800000000000000000000000000000000000DC
:1094900000000000000000000000000000000000CC
:1094A00000000000000000000000000000000000BC
:1094B00000000000000000000000000000000000AC
:1094C000000000000000000000000000000000009C
:1094D000000000000000000000000000000000008C
:1094E000000000000000000000000000000000007C
:1094F000000000000000000000000000000000006C
:10950000000000000000000000000000000000005B
:10951000000000000000000000000000000000004B
:10952000000000000000000000000000000000003B
:10953000000000000000000000000000000000002B
:10954000000000000000000000000000000000001B
:10955000000000000000000000000000000000000B
:1095600000000000000000000000000000000000FB
:1095700000000000000000000000000000000000EB
:1095800000000000000000000000000000000000DB
:1095900000000000000000000000000000000000CB
:1095A00000000000000000000000000000000000BB
:1095B00000000000000000000000000000000000AB
:1095C000000000000000000000000000000000009B
:1095D000000000000000000000000000000000008B
:1095E000000000000000000000000000000000007B
:1095F000000000000000000000000000000000006B
:10960000000000000000000000000000000000005A
:10961000000000000000000000000000000000004A
:10962000000000000000000000000000000000003A
:10963000000000000000000000000000000000002A
:10964000000000000000000000000000000000001A
:10965000000000000000000000000000000000000A
:1096600000000000000000000000000000000000FA
:1096700000000000000000000000000000000000EA
:1096800000000000000000000000000000000000DA
:1096900000000000000000000000000000000000CA
:1096A00000000000000000000000000000000000BA
:1096B00000000000000000000000000000000000AA
:1096C000000000000000000000000000000000009A
:1096D000000000000000000000000000000000008A
:1096E000000000000000000000000000000000007A
:1096F000000000000000000000000000000000006A
:109700000000000000000000000000000000000059
:109710000000000000000000000000000000000049
:109720000000000000000000000000000000000039
:109730000000000000000000000000000000000029
:109740000000000000000000000000000000000019
:109750000000000000000000000000000000000009
:1097600000000000000000000000000000000000F9
:1097700000000000000000000000000000000000E9
:1097800000000000000000000000000000000000D9
:1097900000000000000000000000000000000000C9
:1097A00000000000000000000000000000000000B9
:1097B00000000000000000000000000000000000A9
:1097C0000000000000000000000000000000000099
:1097D0000000000000000000000000000000000089
:1097E0000000000000000000000000000000000079
:1097F0000000000000000000000000000000000069
:109800000000000000000000000000000000000058
:109810000000000000000000000000000000000048
:109820000000000000000000000000000000000038
:109830000000000000000000000000000000000028
:109840000000000000000000000000000000000018
:109850000000000000000000000000000000000008
:1098600000000000000000000000000000000000F8
:1098700000000000000000000000000000000000E8
:1098800000000000000000000000000000000000D8
:1098900000000000000000000000000000000000C8
:1098A00000000000000000000000000000000000B8
:1098B00000000000000000000000000000000000A8
:1098C0000000000000000000000000000000000098
:1098D0000000000000000000000000000000000088
:1098E0000000000000000000000000000000000078
:1098F0000000000000000000000000000000000068
:109900000000000000000000000000000000000057
:109910000000000000000000000000000000000047
:109920000000000000000000000000000000000037
:109930000000000000000000000000000000000027
:109940000000000000000000000000000000000017
:109950000000000000000000000000000000000007
:1099600000000000000000000000000000000000F7
:1099700000000000000000000000000000000000E7
:1099800000000000000000000000000000000000D7
:1099900000000000000000000000000000000000C7
:1099A00000000000000000000000000000000000B7
:1099B00000000000000000000000000000000000A7
:1099C0000000000000000000000000000000000097
:1099D0000000000000000000000000000000000087
:1099E0000000000000000000000000000000000077
:1099F0000000000000000000000000000000000067
:109A00000000000000000000000000000000000056
:109A10000000000000000000000000000000000046
:109A20000000000000000000000000000000000036
:109A30000000000000000000000000000000000026
:109A40000000000000000000000000000000000016
:109A50000000000000000000000000000000000006
:109A600000000000000000000000000000000000F6
:109A700000000000000000000000000000000000E6
:109A800000000000000000000000000000000000D6
:109A900000000000000000000000000000000000C6
:109AA00000000000000000000000000000000000B6
:109AB00000000000000000000000000000000000A6
:109AC0000000000000000000000000000000000096
:109AD0000000000000000000000000000000000086
:109AE0000000000000000000000000000000000076
:109AF0000000000000000000000000000000000066
:109B00000000000000000000000000000000000055
:109B10000000000000000000000000000000000045
:109B20000000000000000000000000000000000035
:109B30000000000000000000000000000000000025
:109B40000000000000000000000000000000000015
:109B50000000000000000000000000000000000005
:109B600000000000000000000000000000000000F5
:109B700000000000000000000000000000000000E5
:109B800000000000000000000000000000000000D5
:109B900000000000000000000000000000000000C5
:109BA00000000000000000000000000000000000B5
:109BB00000000000000000000000000000000000A5
:109BC0000000000000000000000000000000000095
:109BD0000000000000000000000000000000000085
:109BE0000000000000000000000000000000000075
:109BF0000000000000000000000000000000000065
:109C00000000000000000000000000000000000054
:109C10000000000000000000000000000000000044
:109C20000000000000000000000000000000000034
:109C30000000000000000000000000000000000024
:109C40000000000000000000000000000000000014
:109C50000000000000000000000000000000000004
:109C600000000000000000000000000000000000F4
:109C700000000000000000000000000000000000E4
:109C800000000000000000000000000000000000D4
:109C900000000000000000000000000000000000C4
:109CA00000000000000000000000000000000000B4
:109CB00000000000000000000000000000000000A4
:109CC0000000000000000000000000000000000094
:109CD0000000000000000000000000000000000084
:109CE0000000000000000000000000000000000074
:109CF0000000000000000000000000000000000064
:109D00000000000000000000000000000000000053
:109D10000000000000000000000000000000000043
:109D20000000000000000000000000000000000033
:109D30000000000000000000000000000000000023
:109D40000000000000000000000000000000000013
:109D50000000000000000000000000000000000003
:109D600000000000000000000000000000000000F3
:109D700000000000000000000000000000000000E3
:109D800000000000000000000000000000000000D3
:109D900000000000000000000000000000000000C3
:109DA00000000000000000000000000000000000B3
:109DB00000000000000000000000000000000000A3
:109DC0000000000000000000000000000000000093
:109DD0000000000000000000000000000000000083
:109DE0000000000000000000000000000000000073
:109DF0000000000000000000000000000000000063
:109E00000000000000000000000000000000000052
:109E10000000000000000000000000000000000042
:109E20000000000000000000000000000000000032
:109E30000000000000000000000000000000000022
:109E40000000000000000000000000000000000012
:109E50000000000000000000000000000000000002
:109E600000000000000000000000000000000000F2
:109E700000000000000000000000000000000000E2
:109E800000000000000000000000000000000000D2
:109E900000000000000000000000000000000000C2
:109EA00000000000000000000000000000000000B2
:109EB00000000000000000000000000000000000A2
:109EC0000000000000000000000000000000000092
:109ED0000000000000000000000000000000000082
:109EE0000000000000000000000000000000000072
:109EF0000000000000000000000000000000000062
:109F00000000000000000000000000000000000051
:109F10000000000000000000000000000000000041
:109F20000000000000000000000000000000000031
:109F30000000000000000000000000000000000021
:109F40000000000000000000000000000000000011
:109F50000000000000000000000000000000000001
:109F600000000000000000000000000000000000F1
:109F700000000000000000000000000000000000E1
:109F800000000000000000000000000000000000D1
:109F900000000000000000000000000000000000C1
:109FA00000000000000000000000000000000000B1
:109FB00000000000000000000000000000000000A1
:109FC0000000000000000000000000000000000091
:109FD0000000000000000000000000000000000081
:109FE0000000000000000000000000000000000071
:109FF0000000000000000000000000000000000061
:10A000000000000000000000000000000000000050
:10A010000000000000000000000000000000000040
:10A020000000000000000000000000000000000030
:10A030000000000000000000000000000000000020
:10A040000000000000000000000000000000000010
:10A050000000000000000000000000000000000000
:10A0600000000000000000000000000000000000F0
:10A0700000000000000000000000000000000000E0
:10A0800000000000000000000000000000000000D0
:10A0900000000000000000000000000000000000C0
:10A0A00000000000000000000000000000000000B0
:10A0B00000000000000000000000000000000000A0
:10A0C0000000000000000000000000000000000090
:10A0D0000000000000000000000000000000000080
:10A0E0000000000000000000000000000000000070
:10A0F0000000000000000000000000000000000060
:10A10000000000000000000000000000000000004F
:10A11000000000000000000000000000000000003F
:10A12000000000000000000000000000000000002F
:10A13000000000000000000000000000000000001F
:10A14000000000000000000000000000000000000F
:10A1500000000000000000000000000000000000FF
:10A1600000000000000000000000000000000000EF
:10A1700000000000000000000000000000000000DF
:10A1800000000000000000000000000000000000CF
:10A1900000000000000000000000000000000000BF
:10A1A00000000000000000000000000000000000AF
:10A1B000000000000000000000000000000000009F
:10A1C000000000000000000000000000000000008F
:10A1D000000000000000000000000000000000007F
:10A1E000000000000000000000000000000000006F
:10A1F000000000000000000000000000000000005F
:10A20000000000000000000000000000000000004E
:10A21000000000000000000000000000000000003E
:10A22000000000000000000000000000000000002E
:10A23000000000000000000000000000000000001E
:10A24000000000000000000000000000000000000E
:10A2500000000000000000000000000000000000FE
:10A2600000000000000000000000000000000000EE
:10A2700000000000000000000000000000000000DE
:10A2800000000000000000000000000000000000CE
:10A2900000000000000000000000000000000000BE
:10A2A00000000000000000000000000000000000AE
:10A2B000000000000000000000000000000000009E
:10A2C000000000000000000000000000000000008E
:10A2D000000000000000000000000000000000007E
:10A2E000000000000000000000000000000000006E
:10A2F000000000000000000000000000000000005E
:10A30000000000000000000000000000000000004D
:10A31000000000000000000000000000000000003D
:10A32000000000000000000000000000000000002D
:10A33000000000000000000000000000000000001D
:10A34000000000000000000000000000000000000D
:10A3500000000000000000000000000000000000FD
:10A3600000000000000000000000000000000000ED
:10A3700000000000000000000000000000000000DD
:10A3800000000000000000000000000000000000CD
:10A3900000000000000000000000000000000000BD
:10A3A00000000000000000000000000000000000AD
:10A3B000000000000000000000000000000000009D
:10A3C000000000000000000000000000000000008D
:10A3D000000000000000000000000000000000007D
:10A3E000000000000000000000000000000000006D
:10A3F000000000000000000000000000000000005D
:10A40000000000000000000000000000000000004C
:10A41000000000000000000000000000000000003C
:10A42000000000000000000000000000000000002C
:10A43000000000000000000000000000000000001C
:10A44000000000000000000000000000000000000C
:10A4500000000000000000000000000000000000FC
:10A4600000000000000000000000000000000000EC
:10A4700000000000000000000000000000000000DC
:10A4800000000000000000000000000000000000CC
:10A4900000000000000000000000000000000000BC
:10A4A00000000000000000000000000000000000AC
:10A4B000000000000000000000000000000000009C
:10A4C000000000000000000000000000000000008C
:10A4D000000000000000000000000000000000007C
:10A4E000000000000000000000000000000000006C
:10A4F000000000000000000000000000000000005C
:10A50000000000000000000000000000000000004B
:10A51000000000000000000000000000000000003B
:10A52000000000000000000000000000000000002B
:10A53000000000000000000000000000000000001B
:10A54000000000000000000000000000000000000B
:10A5500000000000000000000000000000000000FB
:10A5600000000000000000000000000000000000EB
:10A5700000000000000000000000000000000000DB
:10A5800000000000000000000000000000000000CB
:10A5900000000000000000000000000000000000BB
:10A5A00000000000000000000000000000000000AB
:10A5B000000000000000000000000000000000009B
:10A5C000000000000000000000000000000000008B
:10A5D000000000000000000000000000000000007B
:10A5E000000000000000000000000000000000006B
:10A5F000000000000000000000000000000000005B
:10A60000000000000000000000000000000000004A
:10A61000000000000000000000000000000000003A
:10A62000000000000000000000000000000000002A
:10A63000000000000000000000000000000000001A
:10A64000000000000000000000000000000000000A
:10A6500000000000000000000000000000000000FA
:10A6600000000000000000000000000000000000EA
:10A6700000000000000000000000000000000000DA
:10A6800000000000000000000000000000000000CA
:10A6900000000000000000000000000000000000BA
:10A6A00000000000000000000000000000000000AA
:10A6B000000000000000000000000000000000009A
:10A6C000000000000000000000000000000000008A
:10A6D000000000000000000000000000000000007A
:10A6E000000000000000000000000000000000006A
:10A6F000000000000000000000000000000000005A
:10A700000000000000000000000000000000000049
:10A710000000000000000000000000000000000039
:10A720000000000000000000000000000000000029
:10A730000000000000000000000000000000000019
:10A740000000000000000000000000000000000009
:10A7500000000000000000000000000000000000F9
:10A7600000000000000000000000000000000000E9
:10A7700000000000000000000000000000000000D9
:10A7800000000000000000000000000000000000C9
:10A7900000000000000000000000000000000000B9
:10A7A00000000000000000000000000000000000A9
:10A7B0000000000000000000000000000000000099
:10A7C0000000000000000000000000000000000089
:10A7D0000000000000000000000000000000000079
:10A7E0000000000000000000000000000000000069
:10A7F0000000000000000000000000000000000059
:10A800000000000000000000000000000000000048
:10A810000000000000000000000000000000000038
:10A820000000000000000000000000000000000028
:10A830000000000000000000000000000000000018
:10A840000000000000000000000000000000000008
:10A8500000000000000000000000000000000000F8
:10A8600000000000000000000000000000000000E8
:10A8700000000000000000000000000000000000D8
:10A8800000000000000000000000000000000000C8
:10A8900000000000000000000000000000000000B8
:10A8A00000000000000000000000000000000000A8
:10A8B0000000000000000000000000000000000098
:10A8C0000000000000000000000000000000000088
:10A8D0000000000000000000000000000000000078
:10A8E0000000000000000000000000000000000068
:10A8F0000000000000000000000000000000000058
:10A900000000000000000000000000000000000047
:10A910000000000000000000000000000000000037
:10A920000000000000000000000000000000000027
:10A930000000000000000000000000000000000017
:10A940000000000000000000000000000000000007
:10A9500000000000000000000000000000000000F7
:10A9600000000000000000000000000000000000E7
:10A9700000000000000000000000000000000000D7
:10A9800000000000000000000000000000000000C7
:10A9900000000000000000000000000000000000B7
:10A9A00000000000000000000000000000000000A7
:10A9B0000000000000000000000000000000000097
:10A9C0000000000000000000000000000000000087
:10A9D0000000000000000000000000000000000077
:10A9E0000000000000000000000000000000000067
:10A9F0000000000000000000000000000000000057
:10AA00000000000000000000000000000000000046
:10AA10000000000000000000000000000000000036
:10AA20000000000000000000000000000000000026
:10AA30000000000000000000000000000000000016
:10AA40000000000000000000000000000000000006
:10AA500000000000000000000000000000000000F6
:10AA600000000000000000000000000000000000E6
:10AA700000000000000000000000000000000000D6
:10AA800000000000000000000000000000000000C6
:10AA900000000000000000000000000000000000B6
:10AAA00000000000000000000000000000000000A6
:10AAB0000000000000000000000000000000000096
:10AAC0000000000000000000000000000000000086
:10AAD0000000000000000000000000000000000076
:10AAE0000000000000000000000000000000000066
:10AAF0000000000000000000000000000000000056
:10AB00000000000000000000000000000000000045
:10AB10000000000000000000000000000000000035
:10AB20000000000000000000000000000000000025
:10AB30000000000000000000000000000000000015
:10AB40000000000000000000000000000000000005
:10AB500000000000000000000000000000000000F5
:10AB600000000000000000000000000000000000E5
:10AB700000000000000000000000000000000000D5
:10AB800000000000000000000000000000000000C5
:10AB900000000000000000000000000000000000B5
:10ABA00000000000000000000000000000000000A5
:10ABB0000000000000000000000000000000000095
:10ABC0000000000000000000000000000000000085
:10ABD0000000000000000000000000000000000075
:10ABE0000000000000000000000000000000000065
:10ABF0000000000000000000000000000000000055
:10AC00000000000000000000000000000000000044
:10AC10000000000000000000000000000000000034
:10AC20000000000000000000000000000000000024
:10AC30000000000000000000000000000000000014
:10AC40000000000000000000000000000000000004
:10AC500000000000000000000000000000000000F4
:10AC600000000000000000000000000000000000E4
:10AC700000000000000000000000000000000000D4
:10AC800000000000000000000000000000000000C4
:10AC900000000000000000000000000000000000B4
:10ACA00000000000000000000000000000000000A4
:10ACB0000000000000000000000000000000000094
:10ACC0000000000000000000000000000000000084
:10ACD0000000000000000000000000000000000074
:10ACE0000000000000000000000000000000000064
:10ACF0000000000000000000000000000000000054
:10AD00000000000000000000000000000000000043
:10AD10000000000000000000000000000000000033
:10AD20000000000000000000000000000000000023
:10AD30000000000000000000000000000000000013
:10AD40000000000000000000000000000000000003
:10AD500000000000000000000000000000000000F3
:10AD600000000000000000000000000000000000E3
:10AD700000000000000000000000000000000000D3
:10AD800000000000000000000000000000000000C3
:10AD900000000000000000000000000000000000B3
:10ADA00000000000000000000000000000000000A3
:10ADB0000000000000000000000000000000000093
:10ADC0000000000000000000000000000000000083
:10ADD0000000000000000000000000000000000073
:10ADE0000000000000000000000000000000000063
:10ADF0000000000000000000000000000000000053
:10AE00000000000000000000000000000000000042
:10AE10000000000000000000000000000000000032
:10AE20000000000000000000000000000000000022
:10AE30000000000000000000000000000000000012
:10AE40000000000000000000000000000000000002
:10AE500000000000000000000000000000000000F2
:10AE600000000000000000000000000000000000E2
:10AE700000000000000000000000000000000000D2
:10AE800000000000000000000000000000000000C2
:10AE900000000000000000000000000000000000B2
:10AEA00000000000000000000000000000000000A2
:10AEB0000000000000000000000000000000000092
:10AEC0000000000000000000000000000000000082
:10AED0000000000000000000000000000000000072
:10AEE0000000000000000000000000000000000062
:10AEF0000000000000000000000000000000000052
:10AF00000000000000000000000000000000000041
:10AF10000000000000000000000000000000000031
:10AF20000000000000000000000000000000000021
:10AF30000000000000000000000000000000000011
:10AF40000000000000000000000000000000000001
:10AF500000000000000000000000000000000000F1
:10AF600000000000000000000000000000000000E1
:10AF700000000000000000000000000000000000D1
:10AF800000000000000000000000000000000000C1
:10AF900000000000000000000000000000000000B1
:10AFA00000000000000000000000000000000000A1
:10AFB0000000000000000000000000000000000091
:10AFC0000000000000000000000000000000000081
:10AFD0000000000000000000000000000000000071
:10AFE0000000000000000000000000000000000061
:10AFF0000000000000000000000000000000000051
:10B000000000000000000000000000000000000040
:10B010000000000000000000000000000000000030
:10B020000000000000000000000000000000000020
:10B030000000000000000000000000000000000010
:10B040000000000000000000000000000000000000
:10B0500000000000000000000000000000000000F0
:10B0600000000000000000000000000000000000E0
:10B0700000000000000000000000000000000000D0
:10B0800000000000000000000000000000000000C0
:10B0900000000000000000000000000000000000B0
:10B0A00000000000000000000000000000000000A0
:10B0B0000000000000000000000000000000000090
:10B0C0000000000000000000000000000000000080
:10B0D0000000000000000000000000000000000070
:10B0E0000000000000000000000000000000000060
:10B0F0000000000000000000000000000000000050
:10B10000000000000000000000000000000000003F
:10B11000000000000000000000000000000000002F
:10B12000000000000000000000000000000000001F
:10B13000000000000000000000000000000000000F
:10B1400000000000000000000000000000000000FF
:10B1500000000000000000000000000000000000EF
:10B1600000000000000000000000000000000000DF
:10B1700000000000000000000000000000000000CF
:10B1800000000000000000000000000000000000BF
:10B1900000000000000000000000000000000000AF
:10B1A000000000000000000000000000000000009F
:10B1B000000000000000000000000000000000008F
:10B1C000000000000000000000000000000000007F
:10B1D000000000000000000000000000000000006F
:10B1E000000000000000000000000000000000005F
:10B1F000000000000000000000000000000000004F
:10B20000000000000000000000000000000000003E
:10B21000000000000000000000000000000000002E
:10B22000000000000000000000000000000000001E
:10B23000000000000000000000000000000000000E
:10B2400000000000000000000000000000000000FE
:10B2500000000000000000000000000000000000EE
:10B2600000000000000000000000000000000000DE
:10B2700000000000000000000000000000000000CE
:10B2800000000000000000000000000000000000BE
:10B2900000000000000000000000000000000000AE
:10B2A000000000000000000000000000000000009E
:10B2B000000000000000000000000000000000008E
:10B2C000000000000000000000000000000000007E
:10B2D000000000000000000000000000000000006E
:10B2E000000000000000000000000000000000005E
:10B2F000000000000000000000000000000000004E
:10B30000000000000000000000000000000000003D
:10B31000000000000000000000000000000000002D
:10B32000000000000000000000000000000000001D
:10B33000000000000000000000000000000000000D
:10B3400000000000000000000000000000000000FD
:10B3500000000000000000000000000000000000ED
:10B3600000000000000000000000000000000000DD
:10B3700000000000000000000000000000000000CD
:10B3800000000000000000000000000000000000BD
:10B3900000000000000000000000000000000000AD
:10B3A000000000000000000000000000000000009D
:10B3B000000000000000000000000000000000008D
:10B3C000000000000000000000000000000000007D
:10B3D000000000000000000000000000000000006D
:10B3E000000000000000000000000000000000005D
:10B3F000000000000000000000000000000000004D
:10B40000000000000000000000000000000000003C
:10B41000000000000000000000000000000000002C
:10B42000000000000000000000000000000000001C
:10B43000000000000000000000000000000000000C
:10B4400000000000000000000000000000000000FC
:10B4500000000000000000000000000000000000EC
:10B4600000000000000000000000000000000000DC
:10B4700000000000000000000000000000000000CC
:10B4800000000000000000000000000000000000BC
:10B4900000000000000000000000000000000000AC
:10B4A000000000000000000000000000000000009C
:10B4B000000000000000000000000000000000008C
:10B4C000000000000000000000000000000000007C
:10B4D000000000000000000000000000000000006C
:10B4E000000000000000000000000000000000005C
:10B4F000000000000000000000000000000000004C
:10B50000000000000000000000000000000000003B
:10B51000000000000000000000000000000000002B
:10B52000000000000000000000000000000000001B
:10B53000000000000000000000000000000000000B
:10B5400000000000000000000000000000000000FB
:10B5500000000000000000000000000000000000EB
:10B5600000000000000000000000000000000000DB
:10B5700000000000000000000000000000000000CB
:10B5800000000000000000000000000000000000BB
:10B5900000000000000000000000000000000000AB
:10B5A000000000000000000000000000000000009B
:10B5B000000000000000000000000000000000008B
:10B5C000000000000000000000000000000000007B
:10B5D000000000000000000000000000000000006B
:10B5E000000000000000000000000000000000005B
:10B5F000000000000000000000000000000000004B
:10B60000000000000000000000000000000000003A
:10B61000000000000000000000000000000000002A
:10B62000000000000000000000000000000000001A
:10B63000000000000000000000000000000000000A
:10B6400000000000000000000000000000000000FA
:10B6500000000000000000000000000000000000EA
:10B6600000000000000000000000000000000000DA
:10B6700000000000000000000000000000000000CA
:10B6800000000000000000000000000000000000BA
:10B6900000000000000000000000000000000000AA
:10B6A000000000000000000000000000000000009A
:10B6B000000000000000000000000000000000008A
:10B6C000000000000000000000000000000000007A
:10B6D000000000000000000000000000000000006A
:10B6E000000000000000000000000000000000005A
:10B6F000000000000000000000000000000000004A
:10B700000000000000000000000000000000000039
:10B710000000000000000000000000000000000029
:10B720000000000000000000000000000000000019
:10B730000000000000000000000000000000000009
:10B7400000000000000000000000000000000000F9
:10B7500000000000000000000000000000000000E9
:10B7600000000000000000000000000000000000D9
:10B7700000000000000000000000000000000000C9
:10B7800000000000000000000000000000000000B9
:10B7900000000000000000000000000000000000A9
:10B7A0000000000000000000000000000000000099
:10B7B0000000000000000000000000000000000089
:10B7C0000000000000000000000000000000000079
:10B7D0000000000000000000000000000000000069
:10B7E0000000000000000000000000000000000059
:10B7F0000000000000000000000000000000000049
:10B800000000000000000000000000000000000038
:10B810000000000000000000000000000000000028
:10B820000000000000000000000000000000000018
:10B830000000000000000000000000000000000008
:10B8400000000000000000000000000000000000F8
:10B8500000000000000000000000000000000000E8
:10B8600000000000000000000000000000000000D8
:10B8700000000000000000000000000000000000C8
:10B8800000000000000000000000000000000000B8
:10B8900000000000000000000000000000000000A8
:10B8A0000000000000000000000000000000000098
:10B8B0000000000000000000000000000000000088
:10B8C0000000000000000000000000000000000078
:10B8D0000000000000000000000000000000000068
:10B8E0000000000000000000000000000000000058
:10B8F0000000000000000000000000000000000048
:10B900000000000000000000000000000000000037
:10B910000000000000000000000000000000000027
:10B920000000000000000000000000000000000017
:10B930000000000000000000000000000000000007
:10B9400000000000000000000000000000000000F7
:10B9500000000000000000000000000000000000E7
:10B9600000000000000000000000000000000000D7
:10B9700000000000000000000000000000000000C7
:10B9800000000000000000000000000000000000B7
:10B9900000000000000000000000000000000000A7
:10B9A0000000000000000000000000000000000097
:10B9B0000000000000000000000000000000000087
:10B9C0000000000000000000000000000000000077
:10B9D0000000000000000000000000000000000067
:10B9E0000000000000000000000000000000000057
:10B9F0000000000000000000000000000000000047
:10BA00000000000000000000000000000000000036
:10BA10000000000000000000000000000000000026
:10BA20000000000000000000000000000000000016
:10BA30000000000000000000000000000000000006
:10BA400000000000000000000000000000000000F6
:10BA500000000000000000000000000000000000E6
:10BA600000000000000000000000000000000000D6
:10BA700000000000000000000000000000000000C6
:10BA800000000000000000000000000000000000B6
:10BA900000000000000000000000000000000000A6
:10BAA0000000000000000000000000000000000096
:10BAB0000000000000000000000000000000000086
:10BAC0000000000000000000000000000000000076
:10BAD0000000000000000000000000000000000066
:10BAE0000000000000000000000000000000000056
:10BAF0000000000000000000000000000000000046
:10BB00000000000000000000000000000000000035
:10BB10000000000000000000000000000000000025
:10BB20000000000000000000000000000000000015
:10BB30000000000000000000000000000000000005
:10BB400000000000000000000000000000000000F5
:10BB500000000000000000000000000000000000E5
:10BB600000000000000000000000000000000000D5
:10BB700000000000000000000000000000000000C5
:10BB800000000000000000000000000000000000B5
:10BB900000000000000000000000000000000000A5
:10BBA0000000000000000000000000000000000095
:10BBB0000000000000000000000000000000000085
:10BBC0000000000000000000000000000000000075
:10BBD0000000000000000000000000000000000065
:10BBE0000000000000000000000000000000000055
:10BBF0000000000000000000000000000000000045
:10BC00000000000000000000000000000000000034
:10BC10000000000000000000000000000000000024
:10BC20000000000000000000000000000000000014
:10BC30000000000000000000000000000000000004
:10BC400000000000000000000000000000000000F4
:10BC500000000000000000000000000000000000E4
:10BC600000000000000000000000000000000000D4
:10BC700000000000000000000000000000000000C4
:10BC800000000000000000000000000000000000B4
:10BC900000000000000000000000000000000000A4
:10BCA0000000000000000000000000000000000094
:10BCB0000000000000000000000000000000000084
:10BCC0000000000000000000000000000000000074
:10BCD0000000000000000000000000000000000064
:10BCE0000000000000000000000000000000000054
:10BCF0000000000000000000000000000000000044
:10BD00000000000000000000000000000000000033
:10BD10000000000000000000000000000000000023
:10BD20000000000000000000000000000000000013
:10BD30000000000000000000000000000000000003
:10BD400000000000000000000000000000000000F3
:10BD500000000000000000000000000000000000E3
:10BD600000000000000000000000000000000000D3
:10BD700000000000000000000000000000000000C3
:10BD800000000000000000000000000000000000B3
:10BD900000000000000000000000000000000000A3
:10BDA0000000000000000000000000000000000093
:10BDB0000000000000000000000000000000000083
:10BDC0000000000000000000000000000000000073
:10BDD0000000000000000000000000000000000063
:10BDE0000000000000000000000000000000000053
:10BDF0000000000000000000000000000000000043
:10BE00000000000000000000000000000000000032
:10BE10000000000000000000000000000000000022
:10BE20000000000000000000000000000000000012
:10BE30000000000000000000000000000000000002
:10BE400000000000000000000000000000000000F2
:10BE500000000000000000000000000000000000E2
:10BE600000000000000000000000000000000000D2
:10BE700000000000000000000000000000000000C2
:10BE800000000000000000000000000000000000B2
:10BE900000000000000000000000000000000000A2
:10BEA0000000000000000000000000000000000092
:10BEB0000000000000000000000000000000000082
:10BEC0000000000000000000000000000000000072
:10BED0000000000000000000000000000000000062
:10BEE0000000000000000000000000000000000052
:10BEF0000000000000000000000000000000000042
:10BF00000000000000000000000000000000000031
:10BF10000000000000000000000000000000000021
:10BF20000000000000000000000000000000000011
:10BF30000000000000000000000000000000000001
:10BF400000000000000000000000000000000000F1
:10BF500000000000000000000000000000000000E1
:10BF600000000000000000000000000000000000D1
:10BF700000000000000000000000000000000000C1
:10BF800000000000000000000000000000000000B1
:10BF900000000000000000000000000000000000A1
:10BFA0000000000000000000000000000000000091
:10BFB0000000000000000000000000000000000081
:10BFC0000000000000000000000000000000000071
:10BFD0000000000000000000000000000000000061
:10BFE0000000000000000000000000000000000051
:10BFF0000000000000000000000000000000000041
:10C000000000000000000000000000000000000030
:10C010000000000000000000000000000000000020
:10C020000000000000000000000000000000000010
:10C030000000000000000000000000000000000000
:10C0400000000000000000000000000000000000F0
:10C0500000000000000000000000000000000000E0
:10C0600000000000000000000000000000000000D0
:10C0700000000000000000000000000000000000C0
:10C0800000000000000000000000000000000000B0
:10C0900000000000000000000000000000000000A0
:10C0A0000000000000000000000000000000000090
:10C0B0000000000000000000000000000000000080
:10C0C0000000000000000000000000000000000070
:10C0D0000000000000000000000000000000000060
:10C0E0000000000000000000000000000000000050
:10C0F0000000000000000000000000000000000040
:10C10000000000000000000000000000000000002F
:10C11000000000000000000000000000000000001F
:10C12000000000000000000000000000000000000F
:10C1300000000000000000000000000000000000FF
:10C1400000000000000000000000000000000000EF
:10C1500000000000000000000000000000000000DF
:10C1600000000000000000000000000000000000CF
:10C1700000000000000000000000000000000000BF
:10C1800000000000000000000000000000000000AF
:10C19000000000000000000000000000000000009F
:10C1A000000000000000000000000000000000008F
:10C1B000000000000000000000000000000000007F
:10C1C000000000000000000000000000000000006F
:10C1D000000000000000000000000000000000005F
:10C1E000000000000000000000000000000000004F
:10C1F000000000000000000000000000000000003F
:10C20000000000000000000000000000000000002E
:10C21000000000000000000000000000000000001E
:10C22000000000000000000000000000000000000E
:10C2300000000000000000000000000000000000FE
:10C2400000000000000000000000000000000000EE
:10C2500000000000000000000000000000000000DE
:10C2600000000000000000000000000000000000CE
:10C2700000000000000000000000000000000000BE
:10C2800000000000000000000000000000000000AE
:10C29000000000000000000000000000000000009E
:10C2A000000000000000000000000000000000008E
:10C2B000000000000000000000000000000000007E
:10C2C000000000000000000000000000000000006E
:10C2D000000000000000000000000000000000005E
:10C2E000000000000000000000000000000000004E
:10C2F000000000000000000000000000000000003E
:10C30000000000000000000000000000000000002D
:10C31000000000000000000000000000000000001D
:10C32000000000000000000000000000000000000D
:10C3300000000000000000000000000000000000FD
:10C3400000000000000000000000000000000000ED
:10C3500000000000000000000000000000000000DD
:10C3600000000000000000000000000000000000CD
:10C3700000000000000000000000000000000000BD
:10C3800000000000000000000000000000000000AD
:10C39000000000000000000000000000000000009D
:10C3A000000000000000000000000000000000008D
:10C3B000000000000000000000000000000000007D
:10C3C000000000000000000000000000000000006D
:10C3D000000000000000000000000000000000005D
:10C3E000000000000000000000000000000000004D
:10C3F000000000000000000000000000000000003D
:10C40000000000000000000000000000000000002C
:10C41000000000000000000000000000000000001C
:10C42000000000000000000000000000000000000C
:10C4300000000000000000000000000000000000FC
:10C4400000000000000000000000000000000000EC
:10C4500000000000000000000000000000000000DC
:10C4600000000000000000000000000000000000CC
:10C4700000000000000000000000000000000000BC
:10C4800000000000000000000000000000000000AC
:10C49000000000000000000000000000000000009C
:10C4A000000000000000000000000000000000008C
:10C4B000000000000000000000000000000000007C
:10C4C000000000000000000000000000000000006C
:10C4D000000000000000000000000000000000005C
:10C4E000000000000000000000000000000000004C
:10C4F000000000000000000000000000000000003C
:10C50000000000000000000000000000000000002B
:10C51000000000000000000000000000000000001B
:10C52000000000000000000000000000000000000B
:10C5300000000000000000000000000000000000FB
:10C5400000000000000000000000000000000000EB
:10C5500000000000000000000000000000000000DB
:10C5600000000000000000000000000000000000CB
:10C5700000000000000000000000000000000000BB
:10C5800000000000000000000000000000000000AB
:10C59000000000000000000000000000000000009B
:10C5A000000000000000000000000000000000008B
:10C5B000000000000000000000000000000000007B
:10C5C000000000000000000000000000000000006B
:10C5D000000000000000000000000000000000005B
:10C5E000000000000000000000000000000000004B
:10C5F000000000000000000000000000000000003B
:10C60000000000000000000000000000000000002A
:10C61000000000000000000000000000000000001A
:10C62000000000000000000000000000000000000A
:10C6300000000000000000000000000000000000FA
:10C6400000000000000000000000000000000000EA
:10C6500000000000000000000000000000000000DA
:10C6600000000000000000000000000000000000CA
:10C6700000000000000000000000000000000000BA
:10C6800000000000000000000000000000000000AA
:10C69000000000000000000000000000000000009A
:10C6A000000000000000000000000000000000008A
:10C6B000000000000000000000000000000000007A
:10C6C000000000000000000000000000000000006A
:10C6D000000000000000000000000000000000005A
:10C6E000000000000000000000000000000000004A
:10C6F000000000000000000000000000000000003A
:10C700000000000000000000000000000000000029
:10C710000000000000000000000000000000000019
:10C720000000000000000000000000000000000009
:10C7300000000000000000000000000000000000F9
:10C7400000000000000000000000000000000000E9
:10C7500000000000000000000000000000000000D9
:10C7600000000000000000000000000000000000C9
:10C7700000000000000000000000000000000000B9
:10C7800000000000000000000000000000000000A9
:10C790000000000000000000000000000000000099
:10C7A0000000000000000000000000000000000089
:10C7B0000000000000000000000000000000000079
:10C7C0000000000000000000000000000000000069
:10C7D0000000000000000000000000000000000059
:10C7E0000000000000000000000000000000000049
:10C7F0000000000000000000000000000000000039
:10C800000000000000000000000000000000000028
:10C810000000000000000000000000000000000018
:10C820000000000000000000000000000000000008
:10C8300000000000000000000000000000000000F8
:10C8400000000000000000000000000000000000E8
:10C8500000000000000000000000000000000000D8
:10C8600000000000000000000000000000000000C8
:10C8700000000000000000000000000000000000B8
:10C8800000000000000000000000000000000000A8
:10C890000000000000000000000000000000000098
:10C8A0000000000000000000000000000000000088
:10C8B0000000000000000000000000000000000078
:10C8C0000000000000000000000000000000000068
:10C8D0000000000000000000000000000000000058
:10C8E0000000000000000000000000000000000048
:10C8F0000000000000000000000000000000000038
:10C900000000000000000000000000000000000027
:10C910000000000000000000000000000000000017
:10C920000000000000000000000000000000000007
:10C9300000000000000000000000000000000000F7
:10C9400000000000000000000000000000000000E7
:10C9500000000000000000000000000000000000D7
:10C9600000000000000000000000000000000000C7
:10C9700000000000000000000000000000000000B7
:10C9800000000000000000000000000000000000A7
:10C990000000000000000000000000000000000097
:10C9A0000000000000000000000000000000000087
:10C9B0000000000000000000000000000000000077
:10C9C0000000000000000000000000000000000067
:10C9D0000000000000000000000000000000000057
:10C9E0000000000000000000000000000000000047
:10C9F0000000000000000000000000000000000037
:10CA00000000000000000000000000000000000026
:10CA10000000000000000000000000000000000016
:10CA20000000000000000000000000000000000006
:10CA300000000000000000000000000000000000F6
:10CA400000000000000000000000000000000000E6
:10CA500000000000000000000000000000000000D6
:10CA600000000000000000000000000000000000C6
:10CA700000000000000000000000000000000000B6
:10CA800000000000000000000000000000000000A6
:10CA90000000000000000000000000000000000096
:10CAA0000000000000000000000000000000000086
:10CAB0000000000000000000000000000000000076
:10CAC0000000000000000000000000000000000066
:10CAD0000000000000000000000000000000000056
:10CAE0000000000000000000000000000000000046
:10CAF0000000000000000000000000000000000036
:10CB00000000000000000000000000000000000025
:10CB10000000000000000000000000000000000015
:10CB20000000000000000000000000000000000005
:10CB300000000000000000000000000000000000F5
:10CB400000000000000000000000000000000000E5
:10CB500000000000000000000000000000000000D5
:10CB600000000000000000000000000000000000C5
:10CB700000000000000000000000000000000000B5
:10CB800000000000000000000000000000000000A5
:10CB90000000000000000000000000000000000095
:10CBA0000000000000000000000000000000000085
:10CBB0000000000000000000000000000000000075
:10CBC0000000000000000000000000000000000065
:10CBD0000000000000000000000000000000000055
:10CBE0000000000000000000000000000000000045
:10CBF0000000000000000000000000000000000035
:10CC00000000000000000000000000000000000024
:10CC10000000000000000000000000000000000014
:10CC20000000000000000000000000000000000004
:10CC300000000000000000000000000000000000F4
:10CC400000000000000000000000000000000000E4
:10CC500000000000000000000000000000000000D4
:10CC600000000000000000000000000000000000C4
:10CC700000000000000000000000000000000000B4
:10CC800000000000000000000000000000000000A4
:10CC90000000000000000000000000000000000094
:10CCA0000000000000000000000000000000000084
:10CCB0000000000000000000000000000000000074
:10CCC0000000000000000000000000000000000064
:10CCD0000000000000000000000000000000000054
:10CCE0000000000000000000000000000000000044
:10CCF0000000000000000000000000000000000034
:10CD00000000000000000000000000000000000023
:10CD10000000000000000000000000000000000013
:10CD20000000000000000000000000000000000003
:10CD300000000000000000000000000000000000F3
:10CD400000000000000000000000000000000000E3
:10CD500000000000000000000000000000000000D3
:10CD600000000000000000000000000000000000C3
:10CD700000000000000000000000000000000000B3
:10CD800000000000000000000000000000000000A3
:10CD90000000000000000000000000000000000093
:10CDA0000000000000000000000000000000000083
:10CDB0000000000000000000000000000000000073
:10CDC0000000000000000000000000000000000063
:10CDD0000000000000000000000000000000000053
:10CDE0000000000000000000000000000000000043
:10CDF0000000000000000000000000000000000033
:10CE00000000000000000000000000000000000022
:10CE10000000000000000000000000000000000012
:10CE20000000000000000000000000000000000002
:10CE300000000000000000000000000000000000F2
:10CE400000000000000000000000000000000000E2
:10CE500000000000000000000000000000000000D2
:10CE600000000000000000000000000000000000C2
:10CE700000000000000000000000000000000000B2
:10CE800000000000000000000000000000000000A2
:10CE90000000000000000000000000000000000092
:10CEA0000000000000000000000000000000000082
:10CEB0000000000000000000000000000000000072
:10CEC0000000000000000000000000000000000062
:10CED0000000000000000000000000000000000052
:10CEE0000000000000000000000000000000000042
:10CEF0000000000000000000000000000000000032
:10CF00000000000000000000000000000000000021
:10CF10000000000000000000000000000000000011
:10CF20000000000000000000000000000000000001
:10CF300000000000000000000000000000000000F1
:10CF400000000000000000000000000000000000E1
:10CF500000000000000000000000000000000000D1
:10CF600000000000000000000000000000000000C1
:10CF700000000000000000000000000000000000B1
:10CF800000000000000000000000000000000000A1
:10CF90000000000000000000000000000000000091
:10CFA0000000000000000000000000000000000081
:10CFB0000000000000000000000000000000000071
:10CFC0000000000000000000000000000000000061
:10CFD0000000000000000000000000000000000051
:10CFE0000000000000000000000000000000000041
:10CFF0000000000000000000000000000000000031
:10D000000000000000000000000000000000000020
:10D010000000000000000000000000000000000010
:10D020000000000000000000000000000000000000
:10D0300000000000000000000000000000000000F0
:10D0400000000000000000000000000000000000E0
:10D0500000000000000000000000000000000000D0
:10D0600000000000000000000000000000000000C0
:10D0700000000000000000000000000000000000B0
:10D0800000000000000000000000000000000000A0
:10D090000000000000000000000000000000000090
:10D0A0000000000000000000000000000000000080
:10D0B0000000000000000000000000000000000070
:10D0C0000000000000000000000000000000000060
:10D0D0000000000000000000000000000000000050
:10D0E0000000000000000000000000000000000040
:10D0F0000000000000000000000000000000000030
:10D10000000000000000000000000000000000001F
:10D11000000000000000000000000000000000000F
:10D1200000000000000000000000000000000000FF
:10D1300000000000000000000000000000000000EF
:10D1400000000000000000000000000000000000DF
:10D1500000000000000000000000000000000000CF
:10D1600000000000000000000000000000000000BF
:10D1700000000000000000000000000000000000AF
:10D18000000000000000000000000000000000009F
:10D19000000000000000000000000000000000008F
:10D1A000000000000000000000000000000000007F
:10D1B000000000000000000000000000000000006F
:10D1C000000000000000000000000000000000005F
:10D1D000000000000000000000000000000000004F
:10D1E000000000000000000000000000000000003F
:10D1F000000000000000000000000000000000002F
:10D20000000000000000000000000000000000001E
:10D21000000000000000000000000000000000000E
:10D2200000000000000000000000000000000000FE
:10D2300000000000000000000000000000000000EE
:10D2400000000000000000000000000000000000DE
:10D2500000000000000000000000000000000000CE
:10D2600000000000000000000000000000000000BE
:10D2700000000000000000000000000000000000AE
:10D28000000000000000000000000000000000009E
:10D29000000000000000000000000000000000008E
:10D2A000000000000000000000000000000000007E
:10D2B000000000000000000000000000000000006E
:10D2C000000000000000000000000000000000005E
:10D2D000000000000000000000000000000000004E
:10D2E000000000000000000000000000000000003E
:10D2F000000000000000000000000000000000002E
:10D30000000000000000000000000000000000001D
:10D31000000000000000000000000000000000000D
:10D3200000000000000000000000000000000000FD
:10D3300000000000000000000000000000000000ED
:10D3400000000000000000000000000000000000DD
:10D3500000000000000000000000000000000000CD
:10D3600000000000000000000000000000000000BD
:10D3700000000000000000000000000000000000AD
:10D38000000000000000000000000000000000009D
:10D39000000000000000000000000000000000008D
:10D3A000000000000000000000000000000000007D
:10D3B000000000000000000000000000000000006D
:10D3C000000000000000000000000000000000005D
:10D3D000000000000000000000000000000000004D
:10D3E000000000000000000000000000000000003D
:10D3F000000000000000000000000000000000002D
:10D40000000000000000000000000000000000001C
:10D41000000000000000000000000000000000000C
:10D4200000000000000000000000000000000000FC
:10D4300000000000000000000000000000000000EC
:10D4400000000000000000000000000000000000DC
:10D4500000000000000000000000000000000000CC
:10D4600000000000000000000000000000000000BC
:10D4700000000000000000000000000000000000AC
:10D48000000000000000000000000000000000009C
:10D49000000000000000000000000000000000008C
:10D4A000000000000000000000000000000000007C
:10D4B000000000000000000000000000000000006C
:10D4C000000000000000000000000000000000005C
:10D4D000000000000000000000000000000000004C
:10D4E000000000000000000000000000000000003C
:10D4F000000000000000000000000000000000002C
:10D50000000000000000000000000000000000001B
:10D51000000000000000000000000000000000000B
:10D5200000000000000000000000000000000000FB
:10D5300000000000000000000000000000000000EB
:10D5400000000000000000000000000000000000DB
:10D5500000000000000000000000000000000000CB
:10D5600000000000000000000000000000000000BB
:10D5700000000000000000000000000000000000AB
:10D58000000000000000000000000000000000009B
:10D59000000000000000000000000000000000008B
:10D5A000000000000000000000000000000000007B
:10D5B000000000000000000000000000000000006B
:10D5C000000000000000000000000000000000005B
:10D5D000000000000000000000000000000000004B
:10D5E000000000000000000000000000000000003B
:10D5F000000000000000000000000000000000002B
:10D60000000000000000000000000000000000001A
:10D61000000000000000000000000000000000000A
:10D6200000000000000000000000000000000000FA
:10D6300000000000000000000000000000000000EA
:10D6400000000000000000000000000000000000DA
:10D6500000000000000000000000000000000000CA
:10D6600000000000000000000000000000000000BA
:10D6700000000000000000000000000000000000AA
:10D68000000000000000000000000000000000009A
:10D69000000000000000000000000000000000008A
:10D6A000000000000000000000000000000000007A
:10D6B000000000000000000000000000000000006A
:10D6C000000000000000000000000000000000005A
:10D6D000000000000000000000000000000000004A
:10D6E000000000000000000000000000000000003A
:10D6F000000000000000000000000000000000002A
:10D700000000000000000000000000000000000019
:10D710000000000000000000000000000000000009
:10D7200000000000000000000000000000000000F9
:10D7300000000000000000000000000000000000E9
:10D7400000000000000000000000000000000000D9
:10D7500000000000000000000000000000000000C9
:10D7600000000000000000000000000000000000B9
:10D7700000000000000000000000000000000000A9
:10D780000000000000000000000000000000000099
:10D790000000000000000000000000000000000089
:10D7A0000000000000000000000000000000000079
:10D7B0000000000000000000000000000000000069
:10D7C0000000000000000000000000000000000059
:10D7D0000000000000000000000000000000000049
:10D7E0000000000000000000000000000000000039
:10D7F0000000000000000000000000000000000029
:10D800000000000000000000000000000000000018
:10D810000000000000000000000000000000000008
:10D8200000000000000000000000000000000000F8
:10D8300000000000000000000000000000000000E8
:10D8400000000000000000000000000000000000D8
:10D8500000000000000000000000000000000000C8
:10D8600000000000000000000000000000000000B8
:10D8700000000000000000000000000000000000A8
:10D880000000000000000000000000000000000098
:10D890000000000000000000000000000000000088
:10D8A0000000000000000000000000000000000078
:10D8B0000000000000000000000000000000000068
:10D8C0000000000000000000000000000000000058
:10D8D0000000000000000000000000000000000048
:10D8E0000000000000000000000000000000000038
:10D8F0000000000000000000000000000000000028
:10D900000000000000000000000000000000000017
:10D910000000000000000000000000000000000007
:10D9200000000000000000000000000000000000F7
:10D9300000000000000000000000000000000000E7
:10D9400000000000000000000000000000000000D7
:10D9500000000000000000000000000000000000C7
:10D9600000000000000000000000000000000000B7
:10D9700000000000000000000000000000000000A7
:10D980000000000000000000000000000000000097
:10D990000000000000000000000000000000000087
:10D9A0000000000000000000000000000000000077
:10D9B0000000000000000000000000000000000067
:10D9C0000000000000000000000000000000000057
:10D9D0000000000000000000000000000000000047
:10D9E0000000000000000000000000000000000037
:10D9F0000000000000000000000000000000000027
:10DA00000000000000000000000000000000000016
:10DA10000000000000000000000000000000000006
:10DA200000000000000000000000000000000000F6
:10DA300000000000000000000000000000000000E6
:10DA400000000000000000000000000000000000D6
:10DA500000000000000000000000000000000000C6
:10DA600000000000000000000000000000000000B6
:10DA700000000000000000000000000000000000A6
:10DA80000000000000000000000000000000000096
:10DA90000000000000000000000000000000000086
:10DAA0000000000000000000000000000000000076
:10DAB0000000000000000000000000000000000066
:10DAC0000000000000000000000000000000000056
:10DAD0000000000000000000000000000000000046
:10DAE0000000000000000000000000000000000036
:10DAF0000000000000000000000000000000000026
:10DB00000000000000000000000000000000000015
:10DB10000000000000000000000000000000000005
:10DB200000000000000000000000000000000000F5
:10DB300000000000000000000000000000000000E5
:10DB400000000000000000000000000000000000D5
:10DB500000000000000000000000000000000000C5
:10DB600000000000000000000000000000000000B5
:10DB700000000000000000000000000000000000A5
:10DB80000000000000000000000000000000000095
:10DB90000000000000000000000000000000000085
:10DBA0000000000000000000000000000000000075
:10DBB0000000000000000000000000000000000065
:10DBC0000000000000000000000000000000000055
:10DBD0000000000000000000000000000000000045
:10DBE0000000000000000000000000000000000035
:10DBF0000000000000000000000000000000000025
:10DC00000000000000000000000000000000000014
:10DC10000000000000000000000000000000000004
:10DC200000000000000000000000000000000000F4
:10DC300000000000000000000000000000000000E4
:10DC400000000000000000000000000000000000D4
:10DC500000000000000000000000000000000000C4
:10DC600000000000000000000000000000000000B4
:10DC700000000000000000000000000000000000A4
:10DC80000000000000000000000000000000000094
:10DC90000000000000000000000000000000000084
:10DCA0000000000000000000000000000000000074
:10DCB0000000000000000000000000000000000064
:10DCC0000000000000000000000000000000000054
:10DCD0000000000000000000000000000000000044
:10DCE0000000000000000000000000000000000034
:10DCF0000000000000000000000000000000000024
:10DD00000000000000000000000000000000000013
:10DD10000000000000000000000000000000000003
:10DD200000000000000000000000000000000000F3
:10DD300000000000000000000000000000000000E3
:10DD400000000000000000000000000000000000D3
:10DD500000000000000000000000000000000000C3
:10DD600000000000000000000000000000000000B3
:10DD700000000000000000000000000000000000A3
:10DD80000000000000000000000000000000000093
:10DD90000000000000000000000000000000000083
:10DDA0000000000000000000000000000000000073
:10DDB0000000000000000000000000000000000063
:10DDC0000000000000000000000000000000000053
:10DDD0000000000000000000000000000000000043
:10DDE0000000000000000000000000000000000033
:10DDF0000000000000000000000000000000000023
:10DE00000000000000000000000000000000000012
:10DE10000000000000000000000000000000000002
:10DE200000000000000000000000000000000000F2
:10DE300000000000000000000000000000000000E2
:10DE400000000000000000000000000000000000D2
:10DE500000000000000000000000000000000000C2
:10DE600000000000000000000000000000000000B2
:10DE700000000000000000000000000000000000A2
:10DE80000000000000000000000000000000000092
:10DE90000000000000000000000000000000000082
:10DEA0000000000000000000000000000000000072
:10DEB0000000000000000000000000000000000062
:10DEC0000000000000000000000000000000000052
:10DED0000000000000000000000000000000000042
:10DEE0000000000000000000000000000000000032
:10DEF0000000000000000000000000000000000022
:10DF00000000000000000000000000000000000011
:10DF10000000000000000000000000000000000001
:10DF200000000000000000000000000000000000F1
:10DF300000000000000000000000000000000000E1
:10DF400000000000000000000000000000000000D1
:10DF500000000000000000000000000000000000C1
:10DF600000000000000000000000000000000000B1
:10DF700000000000000000000000000000000000A1
:10DF80000000000000000000000000000000000091
:10DF90000000000000000000000000000000000081
:10DFA0000000000000000000000000000000000071
:10DFB0000000000000000000000000000000000061
:10DFC0000000000000000000000000000000000051
:10DFD0000000000000000000000000000000000041
:10DFE0000000000000000000000000000000000031
:10DFF0000000000000000000000000000000000021
:10E000000000000000000000000000000000000010
:10E010000000000000000000000000000000000000
:10E0200000000000000000000000000000000000F0
:10E0300000000000000000000000000000000000E0
:10E0400000000000000000000000000000000000D0
:10E0500000000000000000000000000000000000C0
:10E0600000000000000000000000000000000000B0
:10E0700000000000000000000000000000000000A0
:10E080000000000000000000000000000000000090
:10E090000000000000000000000000000000000080
:10E0A0000000000000000000000000000000000070
:10E0B0000000000000000000000000000000000060
:10E0C0000000000000000000000000000000000050
:10E0D0000000000000000000000000000000000040
:10E0E0000000000000000000000000000000000030
:10E0F0000000000000000000000000000000000020
:10E10000000000000000000000000000000000000F
:10E1100000000000000000000000000000000000FF
:10E1200000000000000000000000000000000000EF
:10E1300000000000000000000000000000000000DF
:10E1400000000000000000000000000000000000CF
:10E1500000000000000000000000000000000000BF
:10E1600000000000000000000000000000000000AF
:10E17000000000000000000000000000000000009F
:10E18000000000000000000000000000000000008F
:10E19000000000000000000000000000000000007F
:10E1A000000000000000000000000000000000006F
:10E1B000000000000000000000000000000000005F
:10E1C000000000000000000000000000000000004F
:10E1D000000000000000000000000000000000003F
:10E1E000000000000000000000000000000000002F
:10E1F000000000000000000000000000000000001F
:10E20000000000000000000000000000000000000E
:10E2100000000000000000000000000000000000FE
:10E2200000000000000000000000000000000000EE
:10E2300000000000000000000000000000000000DE
:10E2400000000000000000000000000000000000CE
:10E2500000000000000000000000000000000000BE
:10E2600000000000000000000000000000000000AE
:10E27000000000000000000000000000000000009E
:10E28000000000000000000000000000000000008E
:10E29000000000000000000000000000000000007E
:10E2A000000000000000000000000000000000006E
:10E2B000000000000000000000000000000000005E
:10E2C000000000000000000000000000000000004E
:10E2D000000000000000000000000000000000003E
:10E2E000000000000000000000000000000000002E
:10E2F000000000000000000000000000000000001E
:10E30000000000000000000000000000000000000D
:10E3100000000000000000000000000000000000FD
:10E3200000000000000000000000000000000000ED
:10E3300000000000000000000000000000000000DD
:10E3400000000000000000000000000000000000CD
:10E3500000000000000000000000000000000000BD
:10E3600000000000000000000000000000000000AD
:10E37000000000000000000000000000000000009D
:10E38000000000000000000000000000000000008D
:10E39000000000000000000000000000000000007D
:10E3A000000000000000000000000000000000006D
:10E3B000000000000000000000000000000000005D
:10E3C000000000000000000000000000000000004D
:10E3D000000000000000000000000000000000003D
:10E3E000000000000000000000000000000000002D
:10E3F000000000000000000000000000000000001D
:10E40000000000000000000000000000000000000C
:10E4100000000000000000000000000000000000FC
:10E4200000000000000000000000000000000000EC
:10E4300000000000000000000000000000000000DC
:10E4400000000000000000000000000000000000CC
:10E4500000000000000000000000000000000000BC
:10E4600000000000000000000000000000000000AC
:10E47000000000000000000000000000000000009C
:10E48000000000000000000000000000000000008C
:10E49000000000000000000000000000000000007C
:10E4A000000000000000000000000000000000006C
:10E4B000000000000000000000000000000000005C
:10E4C000000000000000000000000000000000004C
:10E4D000000000000000000000000000000000003C
:10E4E000000000000000000000000000000000002C
:10E4F000000000000000000000000000000000001C
:10E50000000000000000000000000000000000000B
:10E5100000000000000000000000000000000000FB
:10E5200000000000000000000000000000000000EB
:10E5300000000000000000000000000000000000DB
:10E5400000000000000000000000000000000000CB
:10E5500000000000000000000000000000000000BB
:10E5600000000000000000000000000000000000AB
:10E57000000000000000000000000000000000009B
:10E58000000000000000000000000000000000008B
:10E59000000000000000000000000000000000007B
:10E5A000000000000000000000000000000000006B
:10E5B000000000000000000000000000000000005B
:10E5C000000000000000000000000000000000004B
:10E5D000000000000000000000000000000000003B
:10E5E000000000000000000000000000000000002B
:10E5F000000000000000000000000000000000001B
:10E60000000000000000000000000000000000000A
:10E6100000000000000000000000000000000000FA
:10E6200000000000000000000000000000000000EA
:10E6300000000000000000000000000000000000DA
:10E6400000000000000000000000000000000000CA
:10E6500000000000000000000000000000000000BA
:10E6600000000000000000000000000000000000AA
:10E67000000000000000000000000000000000009A
:10E68000000000000000000000000000000000008A
:10E69000000000000000000000000000000000007A
:10E6A000000000000000000000000000000000006A
:10E6B000000000000000000000000000000000005A
:10E6C000000000000000000000000000000000004A
:10E6D000000000000000000000000000000000003A
:10E6E000000000000000000000000000000000002A
:10E6F000000000000000000000000000000000001A
:10E700000000000000000000000000000000000009
:10E7100000000000000000000000000000000000F9
:10E7200000000000000000000000000000000000E9
:10E7300000000000000000000000000000000000D9
:10E7400000000000000000000000000000000000C9
:10E7500000000000000000000000000000000000B9
:10E7600000000000000000000000000000000000A9
:10E770000000000000000000000000000000000099
:10E780000000000000000000000000000000000089
:10E790000000000000000000000000000000000079
:10E7A0000000000000000000000000000000000069
:10E7B0000000000000000000000000000000000059
:10E7C0000000000000000000000000000000000049
:10E7D0000000000000000000000000000000000039
:10E7E0000000000000000000000000000000000029
:10E7F0000000000000000000000000000000000019
:10E800000000000000000000000000000000000008
:10E8100000000000000000000000000000000000F8
:10E8200000000000000000000000000000000000E8
:10E8300000000000000000000000000000000000D8
:10E8400000000000000000000000000000000000C8
:10E8500000000000000000000000000000000000B8
:10E8600000000000000000000000000000000000A8
:10E870000000000000000000000000000000000098
:10E880000000000000000000000000000000000088
:10E890000000000000000000000000000000000078
:10E8A0000000000000000000000000000000000068
:10E8B0000000000000000000000000000000000058
:10E8C0000000000000000000000000000000000048
:10E8D0000000000000000000000000000000000038
:10E8E0000000000000000000000000000000000028
:10E8F0000000000000000000000000000000000018
:10E900000000000000000000000000000000000007
:10E9100000000000000000000000000000000000F7
:10E9200000000000000000000000000000000000E7
:10E9300000000000000000000000000000000000D7
:10E9400000000000000000000000000000000000C7
:10E9500000000000000000000000000000000000B7
:10E9600000000000000000000000000000000000A7
:10E970000000000000000000000000000000000097
:10E980000000000000000000000000000000000087
:10E990000000000000000000000000000000000077
:10E9A0000000000000000000000000000000000067
:10E9B0000000000000000000000000000000000057
:10E9C0000000000000000000000000000000000047
:10E9D0000000000000000000000000000000000037
:10E9E0000000000000000000000000000000000027
:10E9F0000000000000000000000000000000000017
:10EA00000000000000000000000000000000000006
:10EA100000000000000000000000000000000000F6
:10EA200000000000000000000000000000000000E6
:10EA300000000000000000000000000000000000D6
:10EA400000000000000000000000000000000000C6
:10EA500000000000000000000000000000000000B6
:10EA600000000000000000000000000000000000A6
:10EA70000000000000000000000000000000000096
:10EA80000000000000000000000000000000000086
:10EA90000000000000000000000000000000000076
:10EAA0000000000000000000000000000000000066
:10EAB0000000000000000000000000000000000056
:10EAC0000000000000000000000000000000000046
:10EAD0000000000000000000000000000000000036
:10EAE0000000000000000000000000000000000026
:10EAF0000000000000000000000000000000000016
:10EB00000000000000000000000000000000000005
:10EB100000000000000000000000000000000000F5
:10EB200000000000000000000000000000000000E5
:10EB300000000000000000000000000000000000D5
:10EB400000000000000000000000000000000000C5
:10EB500000000000000000000000000000000000B5
:10EB600000000000000000000000000000000000A5
:10EB70000000000000000000000000000000000095
:10EB80000000000000000000000000000000000085
:10EB90000000000000000000000000000000000075
:10EBA0000000000000000000000000000000000065
:10EBB0000000000000000000000000000000000055
:10EBC0000000000000000000000000000000000045
:10EBD0000000000000000000000000000000000035
:10EBE0000000000000000000000000000000000025
:10EBF0000000000000000000000000000000000015
:10EC00000000000000000000000000000000000004
:10EC100000000000000000000000000000000000F4
:10EC200000000000000000000000000000000000E4
:10EC300000000000000000000000000000000000D4
:10EC400000000000000000000000000000000000C4
:10EC500000000000000000000000000000000000B4
:10EC600000000000000000000000000000000000A4
:10EC70000000000000000000000000000000000094
:10EC80000000000000000000000000000000000084
:10EC90000000000000000000000000000000000074
:10ECA0000000000000000000000000000000000064
:10ECB0000000000000000000000000000000000054
:10ECC0000000000000000000000000000000000044
:10ECD0000000000000000000000000000000000034
:10ECE0000000000000000000000000000000000024
:10ECF0000000000000000000000000000000000014
:10ED00000000000000000000000000000000000003
:10ED100000000000000000000000000000000000F3
:10ED200000000000000000000000000000000000E3
:10ED300000000000000000000000000000000000D3
:10ED400000000000000000000000000000000000C3
:10ED500000000000000000000000000000000000B3
:10ED600000000000000000000000000000000000A3
:10ED70000000000000000000000000000000000093
:10ED80000000000000000000000000000000000083
:10ED90000000000000000000000000000000000073
:10EDA0000000000000000000000000000000000063
:10EDB0000000000000000000000000000000000053
:10EDC0000000000000000000000000000000000043
:10EDD0000000000000000000000000000000000033
:10EDE0000000000000000000000000000000000023
:10EDF0000000000000000000000000000000000013
:10EE00000000000000000000000000000000000002
:10EE100000000000000000000000000000000000F2
:10EE200000000000000000000000000000000000E2
:10EE300000000000000000000000000000000000D2
:10EE400000000000000000000000000000000000C2
:10EE500000000000000000000000000000000000B2
:10EE600000000000000000000000000000000000A2
:10EE70000000000000000000000000000000000092
:10EE80000000000000000000000000000000000082
:10EE90000000000000000000000000000000000072
:10EEA0000000000000000000000000000000000062
:10EEB0000000000000000000000000000000000052
:10EEC0000000000000000000000000000000000042
:10EED0000000000000000000000000000000000032
:10EEE0000000000000000000000000000000000022
:10EEF0000000000000000000000000000000000012
:10EF00000000000000000000000000000000000001
:10EF100000000000000000000000000000000000F1
:10EF200000000000000000000000000000000000E1
:10EF300000000000000000000000000000000000D1
:10EF400000000000000000000000000000000000C1
:10EF500000000000000000000000000000000000B1
:10EF600000000000000000000000000000000000A1
:10EF70000000000000000000000000000000000091
:10EF80000000000000000000000000000000000081
:10EF90000000000000000000000000000000000071
:10EFA0000000000000000000000000000000000061
:10EFB0000000000000000000000000000000000051
:10EFC0000000000000000000000000000000000041
:10EFD0000000000000000000000000000000000031
:10EFE0000000000000000000000000000000000021
:10EFF0000000000000000000000000000000000011
:10F000000000000000000000000000000000000000
:10F0100000000000000000000000000000000000F0
:10F0200000000000000000000000000000000000E0
:10F0300000000000000000000000000000000000D0
:10F0400000000000000000000000000000000000C0
:10F0500000000000000000000000000000000000B0
:10F0600000000000000000000000000000000000A0
:10F070000000000000000000000000000000000090
:10F080000000000000000000000000000000000080
:10F090000000000000000000000000000000000070
:10F0A0000000000000000000000000000000000060
:10F0B0000000000000000000000000000000000050
:10F0C0000000000000000000000000000000000040
:10F0D0000000000000000000000000000000000030
:10F0E0000000000000000000000000000000000020
:10F0F0000000000000000000000000000000000010
:10F1000000000000000000000000000000000000FF
:10F1100000000000000000000000000000000000EF
:10F1200000000000000000000000000000000000DF
:10F1300000000000000000000000000000000000CF
:10F1400000000000000000000000000000000000BF
:10F1500000000000000000000000000000000000AF
:10F16000000000000000000000000000000000009F
:10F17000000000000000000000000000000000008F
:10F18000000000000000000000000000000000007F
:10F19000000000000000000000000000000000006F
:10F1A000000000000000000000000000000000005F
:10F1B000000000000000000000000000000000004F
:10F1C000000000000000000000000000000000003F
:10F1D000000000000000000000000000000000002F
:10F1E000000000000000000000000000000000001F
:10F1F000000000000000000000000000000000000F
:10F2000000000000000000000000000000000000FE
:10F2100000000000000000000000000000000000EE
:10F2200000000000000000000000000000000000DE
:10F2300000000000000000000000000000000000CE
:10F2400000000000000000000000000000000000BE
:10F2500000000000000000000000000000000000AE
:10F26000000000000000000000000000000000009E
:10F27000000000000000000000000000000000008E
:10F28000000000000000000000000000000000007E
:10F29000000000000000000000000000000000006E
:10F2A000000000000000000000000000000000005E
:10F2B000000000000000000000000000000000004E
:10F2C000000000000000000000000000000000003E
:10F2D000000000000000000000000000000000002E
:10F2E000000000000000000000000000000000001E
:10F2F000000000000000000000000000000000000E
:10F3000000000000000000000000000000000000FD
:10F3100000000000000000000000000000000000ED
:10F3200000000000000000000000000000000000DD
:10F3300000000000000000000000000000000000CD
:10F3400000000000000000000000000000000000BD
:10F3500000000000000000000000000000000000AD
:10F36000000000000000000000000000000000009D
:10F37000000000000000000000000000000000008D
:10F38000000000000000000000000000000000007D
:10F39000000000000000000000000000000000006D
:10F3A000000000000000000000000000000000005D
:10F3B000000000000000000000000000000000004D
:10F3C000000000000000000000000000000000003D
:10F3D000000000000000000000000000000000002D
:10F3E000000000000000000000000000000000001D
:10F3F000000000000000000000000000000000000D
:10F4000000000000000000000000000000000000FC
:10F4100000000000000000000000000000000000EC
:10F4200000000000000000000000000000000000DC
:10F4300000000000000000000000000000000000CC
:10F4400000000000000000000000000000000000BC
:10F4500000000000000000000000000000000000AC
:10F46000000000000000000000000000000000009C
:10F47000000000000000000000000000000000008C
:10F48000000000000000000000000000000000007C
:10F49000000000000000000000000000000000006C
:10F4A000000000000000000000000000000000005C
:10F4B000000000000000000000000000000000004C
:10F4C000000000000000000000000000000000003C
:10F4D000000000000000000000000000000000002C
:10F4E000000000000000000000000000000000001C
:10F4F000000000000000000000000000000000000C
:10F5000000000000000000000000000000000000FB
:10F5100000000000000000000000000000000000EB
:10F5200000000000000000000000000000000000DB
:10F5300000000000000000000000000000000000CB
:10F5400000000000000000000000000000000000BB
:10F5500000000000000000000000000000000000AB
:10F56000000000000000000000000000000000009B
:10F57000000000000000000000000000000000008B
:10F58000000000000000000000000000000000007B
:10F59000000000000000000000000000000000006B
:10F5A000000000000000000000000000000000005B
:10F5B000000000000000000000000000000000004B
:10F5C000000000000000000000000000000000003B
:10F5D000000000000000000000000000000000002B
:10F5E000000000000000000000000000000000001B
:10F5F000000000000000000000000000000000000B
:10F6000000000000000000000000000000000000FA
:10F6100000000000000000000000000000000000EA
:10F6200000000000000000000000000000000000DA
:10F6300000000000000000000000000000000000CA
:10F6400000000000000000000000000000000000BA
:10F6500000000000000000000000000000000000AA
:10F66000000000000000000000000000000000009A
:10F67000000000000000000000000000000000008A
:10F68000000000000000000000000000000000007A
:10F69000000000000000000000000000000000006A
:10F6A000000000000000000000000000000000005A
:10F6B000000000000000000000000000000000004A
:10F6C000000000000000000000000000000000003A
:10F6D000000000000000000000000000000000002A
:10F6E000000000000000000000000000000000001A
:10F6F000000000000000000000000000000000000A
:10F7000000000000000000000000000000000000F9
:10F7100000000000000000000000000000000000E9
:10F7200000000000000000000000000000000000D9
:10F7300000000000000000000000000000000000C9
:10F7400000000000000000000000000000000000B9
:10F7500000000000000000000000000000000000A9
:10F760000000000000000000000000000000000099
:10F770000000000000000000000000000000000089
:10F780000000000000000000000000000000000079
:10F790000000000000000000000000000000000069
:10F7A0000000000000000000000000000000000059
:10F7B0000000000000000000000000000000000049
:10F7C0000000000000000000000000000000000039
:10F7D0000000000000000000000000000000000029
:10F7E0000000000000000000000000000000000019
:10F7F0000000000000000000000000000000000009
:10F8000000000000000000000000000000000000F8
:10F8100000000000000000000000000000000000E8
:10F8200000000000000000000000000000000000D8
:10F8300000000000000000000000000000000000C8
:10F8400000000000000000000000000000000000B8
:10F8500000000000000000000000000000000000A8
:10F860000000000000000000000000000000000098
:10F870000000000000000000000000000000000088
:10F880000000000000000000000000000000000078
:10F890000000000000000000000000000000000068
:10F8A0000000000000000000000000000000000058
:10F8B0000000000000000000000000000000000048
:10F8C0000000000000000000000000000000000038
:10F8D0000000000000000000000000000000000028
:10F8E0000000000000000000000000000000000018
:10F8F0000000000000000000000000000000000008
:10F9000000000000000000000000000000000000F7
:10F9100000000000000000000000000000000000E7
:10F9200000000000000000000000000000000000D7
:10F9300000000000000000000000000000000000C7
:10F9400000000000000000000000000000000000B7
:10F9500000000000000000000000000000000000A7
:10F960000000000000000000000000000000000097
:10F970000000000000000000000000000000000087
:10F980000000000000000000000000000000000077
:10F990000000000000000000000000000000000067
:10F9A0000000000000000000000000000000000057
:10F9B0000000000000000000000000000000000047
:10F9C0000000000000000000000000000000000037
:10F9D0000000000000000000000000000000000027
:10F9E0000000000000000000000000000000000017
:10F9F0000000000000000000000000000000000007
:10FA000000000000000000000000000000000000F6
:10FA100000000000000000000000000000000000E6
:10FA200000000000000000000000000000000000D6
:10FA300000000000000000000000000000000000C6
:10FA400000000000000000000000000000000000B6
:10FA500000000000000000000000000000000000A6
:10FA60000000000000000000000000000000000096
:10FA70000000000000000000000000000000000086
:10FA80000000000000000000000000000000000076
:10FA90000000000000000000000000000000000066
:10FAA0000000000000000000000000000000000056
:10FAB0000000000000000000000000000000000046
:10FAC0000000000000000000000000000000000036
:10FAD0000000000000000000000000000000000026
:10FAE0000000000000000000000000000000000016
:10FAF0000000000000000000000000000000000006
:10FB000000000000000000000000000000000000F5
:10FB100000000000000000000000000000000000E5
:10FB200000000000000000000000000000000000D5
:10FB300000000000000000000000000000000000C5
:10FB400000000000000000000000000000000000B5
:10FB500000000000000000000000000000000000A5
:10FB60000000000000000000000000000000000095
:10FB70000000000000000000000000000000000085
:10FB80000000000000000000000000000000000075
:10FB90000000000000000000000000000000000065
:10FBA0000000000000000000000000000000000055
:10FBB0000000000000000000000000000000000045
:10FBC0000000000000000000000000000000000035
:10FBD0000000000000000000000000000000000025
:10FBE0000000000000000000000000000000000015
:10FBF0000000000000000000000000000000000005
:10FC000000000000000000000000000000000000F4
:10FC100000000000000000000000000000000000E4
:10FC200000000000000000000000000000000000D4
:10FC300000000000000000000000000000000000C4
:10FC400000000000000000000000000000000000B4
:10FC500000000000000000000000000000000000A4
:10FC60000000000000000000000000000000000094
:10FC70000000000000000000000000000000000084
:10FC80000000000000000000000000000000000074
:10FC90000000000000000000000000000000000064
:10FCA0000000000000000000000000000000000054
:10FCB0000000000000000000000000000000000044
:10FCC0000000000000000000000000000000000034
:10FCD0000000000000000000000000000000000024
:10FCE0000000000000000000000000000000000014
:10FCF0000000000000000000000000000000000004
:10FD000000000000000000000000000000000000F3
:10FD100000000000000000000000000000000000E3
:10FD200000000000000000000000000000000000D3
:10FD300000000000000000000000000000000000C3
:10FD400000000000000000000000000000000000B3
:10FD500000000000000000000000000000000000A3
:10FD60000000000000000000000000000000000093
:10FD70000000000000000000000000000000000083
:10FD80000000000000000000000000000000000073
:10FD90000000000000000000000000000000000063
:10FDA0000000000000000000000000000000000053
:10FDB0000000000000000000000000000000000043
:10FDC0000000000000000000000000000000000033
:10FDD0000000000000000000000000000000000023
:10FDE0000000000000000000000000000000000013
:10FDF0000000000000000000000000000000000003
:10FE000000000000000000000000000000000000F2
:10FE100000000000000000000000000000000000E2
:10FE200000000000000000000000000000000000D2
:10FE300000000000000000000000000000000000C2
:10FE400000000000000000000000000000000000B2
:10FE500000000000000000000000000000000000A2
:10FE60000000000000000000000000000000000092
:10FE70000000000000000000000000000000000082
:10FE80000000000000000000000000000000000072
:10FE90000000000000000000000000000000000062
:10FEA0000000000000000000000000000000000052
:10FEB0000000000000000000000000000000000042
:10FEC0000000000000000000000000000000000032
:10FED0000000000000000000000000000000000022
:10FEE0000000000000000000000000000000000012
:10FEF0000000000000000000000000000000000002
:10FF000000000000000000000000000000000000F1
:10FF100000000000000000000000000000000000E1
:10FF200000000000000000000000000000000000D1
:10FF300000000000000000000000000000000000C1
:10FF400000000000000000000000000000000000B1
:10FF500000000000000000000000000000000000A1
:10FF60000000000000000000000000000000000091
:10FF70000000000000000000000000000000000081
:10FF80000000000000000000000000000000000071
:10FF90000000000000000000000000000000000061
:10FFA0000000000000000000000000000000000051
:10FFB0000000000000000000000000000000000041
:10FFC0000000000000000000000000000000000031
:10FFD0000000000000000000000000000000000021
:10FFE0000000000000000000000000000000000011
:10FFF0000000000000000000000000000000000001
:020000043000CA
:1000000000000000000000000000000000000000F0
:1000100000000000000000000000000000000000E0
:1000200000000000000000000000000000000000D0
:1000300000000000000000000000000000000000C0
:1000400000000000000000000000000000000000B0
:1000500000000000000000000000000000000000A0
:100060000000000000000000000000000000000090
:100070000000000000000000000000000000000080
:100080000000000000000000000000000000000070
:100090000000000000000000000000000000000060
:1000A0000000000000000000000000000000000050
:1000B0000000000000000000000000000000000040
:1000C0000000000000000000000000000000000030
:1000D0000000000000000000000000000000000020
:1000E0000000000000000000000000000000000010
:1000F0000000000000000000000000000000000000
:1001000000000000000000000000000000000000EF
:1001100000000000000000000000000000000000DF
:1001200000000000000000000000000000000000CF
:1001300000000000000000000000000000000000BF
:1001400000000000000000000000000000000000AF
:10015000000000000000000000000000000000009F
:10016000000000000000000000000000000000008F
:10017000000000000000000000000000000000007F
:10018000000000000000000000000000000000006F
:10019000000000000000000000000000000000005F
:1001A000000000000000000000000000000000004F
:1001B000000000000000000000000000000000003F
:1001C000000000000000000000000000000000002F
:1001D000000000000000000000000000000000001F
:1001E000000000000000000000000000000000000F
:1001F00000000000000000000000000000000000FF
:1002000000000000000000000000000000000000EE
:1002100000000000000000000000000000000000DE
:1002200000000000000000000000000000000000CE
:1002300000000000000000000000000000000000BE
:1002400000000000000000000000000000000000AE
:10025000000000000000000000000000000000009E
:10026000000000000000000000000000000000008E
:10027000000000000000000000000000000000007E
:10028000000000000000000000000000000000006E
:10029000000000000000000000000000000000005E
:1002A000000000000000000000000000000000004E
:1002B000000000000000000000000000000000003E
:1002C000000000000000000000000000000000002E
:1002D000000000000000000000000000000000001E
:1002E000000000000000000000000000000000000E
:1002F00000000000000000000000000000000000FE
:1003000000000000000000000000000000000000ED
:1003100000000000000000000000000000000000DD
:1003200000000000000000000000000000000000CD
:1003300000000000000000000000000000000000BD
:1003400000000000000000000000000000000000AD
:10035000000000000000000000000000000000009D
:10036000000000000000000000000000000000008D
:10037000000000000000000000000000000000007D
:10038000000000000000000000000000000000006D
:10039000000000000000000000000000000000005D
:1003A000000000000000000000000000000000004D
:1003B000000000000000000000000000000000003D
:1003C000000000000000000000000000000000002D
:1003D000000000000000000000000000000000001D
:1003E000000000000000000000000000000000000D
:1003F00000000000000000000000000000000000FD
:1004000000000000000000000000000000000000EC
:1004100000000000000000000000000000000000DC
:1004200000000000000000000000000000000000CC
:1004300000000000000000000000000000000000BC
:1004400000000000000000000000000000000000AC
:10045000000000000000000000000000000000009C
:10046000000000000000000000000000000000008C
:10047000000000000000000000000000000000007C
:10048000000000000000000000000000000000006C
:10049000000000000000000000000000000000005C
:1004A000000000000000000000000000000000004C
:1004B000000000000000000000000000000000003C
:1004C000000000000000000000000000000000002C
:1004D000000000000000000000000000000000001C
:1004E000000000000000000000000000000000000C
:1004F00000000000000000000000000000000000FC
:1005000000000000000000000000000000000000EB
:1005100000000000000000000000000000000000DB
:1005200000000000000000000000000000000000CB
:1005300000000000000000000000000000000000BB
:1005400000000000000000000000000000000000AB
:10055000000000000000000000000000000000009B
:10056000000000000000000000000000000000008B
:10057000000000000000000000000000000000007B
:10058000000000000000000000000000000000006B
:10059000000000000000000000000000000000005B
:1005A000000000000000000000000000000000004B
:1005B000000000000000000000000000000000003B
:1005C000000000000000000000000000000000002B
:1005D000000000000000000000000000000000001B
:1005E000000000000000000000000000000000000B
:1005F00000000000000000000000000000000000FB
:1006000000000000000000000000000000000000EA
:1006100000000000000000000000000000000000DA
:1006200000000000000000000000000000000000CA
:1006300000000000000000000000000000000000BA
:1006400000000000000000000000000000000000AA
:10065000000000000000000000000000000000009A
:10066000000000000000000000000000000000008A
:10067000000000000000000000000000000000007A
:10068000000000000000000000000000000000006A
:10069000000000000000000000000000000000005A
:1006A000000000000000000000000000000000004A
:1006B000000000000000000000000000000000003A
:1006C000000000000000000000000000000000002A
:1006D000000000000000000000000000000000001A
:1006E000000000000000000000000000000000000A
:1006F00000000000000000000000000000000000FA
:1007000000000000000000000000000000000000E9
:1007100000000000000000000000000000000000D9
:1007200000000000000000000000000000000000C9
:1007300000000000000000000000000000000000B9
:1007400000000000000000000000000000000000A9
:100750000000000000000000000000000000000099
:100760000000000000000000000000000000000089
:100770000000000000000000000000000000000079
:100780000000000000000000000000000000000069
:100790000000000000000000000000000000000059
:1007A0000000000000000000000000000000000049
:1007B0000000000000000000000000000000000039
:1007C0000000000000000000000000000000000029
:1007D0000000000000000000000000000000000019
:1007E0000000000000000000000000000000000009
:1007F00000000000000000000000000000000000F9
:1008000000000000000000000000000000000000E8
:1008100000000000000000000000000000000000D8
:1008200000000000000000000000000000000000C8
:1008300000000000000000000000000000000000B8
:1008400000000000000000000000000000000000A8
:100850000000000000000000000000000000000098
:100860000000000000000000000000000000000088
:100870000000000000000000000000000000000078
:100880000000000000000000000000000000000068
:100890000000000000000000000000000000000058
:1008A0000000000000000000000000000000000048
:1008B0000000000000000000000000000000000038
:1008C0000000000000000000000000000000000028
:1008D0000000000000000000000000000000000018
:1008E0000000000000000000000000000000000008
:1008F00000000000000000000000000000000000F8
:1009000000000000000000000000000000000000E7
:1009100000000000000000000000000000000000D7
:1009200000000000000000000000000000000000C7
:1009300000000000000000000000000000000000B7
:1009400000000000000000000000000000000000A7
:100950000000000000000000000000000000000097
:100960000000000000000000000000000000000087
:100970000000000000000000000000000000000077
:100980000000000000000000000000000000000067
:100990000000000000000000000000000000000057
:1009A0000000000000000000000000000000000047
:1009B0000000000000000000000000000000000037
:1009C0000000000000000000000000000000000027
:1009D0000000000000000000000000000000000017
:1009E0000000000000000000000000000000000007
:1009F00000000000000000000000000000000000F7
:100A000000000000000000000000000000000000E6
:100A100000000000000000000000000000000000D6
:100A200000000000000000000000000000000000C6
:100A300000000000000000000000000000000000B6
:100A400000000000000000000000000000000000A6
:100A50000000000000000000000000000000000096
:100A60000000000000000000000000000000000086
:100A70000000000000000000000000000000000076
:100A80000000000000000000000000000000000066
:100A90000000000000000000000000000000000056
:100AA0000000000000000000000000000000000046
:100AB0000000000000000000000000000000000036
:100AC0000000000000000000000000000000000026
:100AD0000000000000000000000000000000000016
:100AE0000000000000000000000000000000000006
:100AF00000000000000000000000000000000000F6
:100B000000000000000000000000000000000000E5
:100B100000000000000000000000000000000000D5
:100B200000000000000000000000000000000000C5
:100B300000000000000000000000000000000000B5
:100B400000000000000000000000000000000000A5
:100B50000000000000000000000000000000000095
:100B60000000000000000000000000000000000085
:100B70000000000000000000000000000000000075
:100B80000000000000000000000000000000000065
:100B90000000000000000000000000000000000055
:100BA0000000000000000000000000000000000045
:100BB0000000000000000000000000000000000035
:100BC0000000000000000000000000000000000025
:100BD0000000000000000000000000000000000015
:100BE0000000000000000000000000000000000005
:100BF00000000000000000000000000000000000F5
:100C000000000000000000000000000000000000E4
:100C100000000000000000000000000000000000D4
:100C200000000000000000000000000000000000C4
:100C300000000000000000000000000000000000B4
:100C400000000000000000000000000000000000A4
:100C50000000000000000000000000000000000094
:100C60000000000000000000000000000000000084
:100C70000000000000000000000000000000000074
:100C80000000000000000000000000000000000064
:100C90000000000000000000000000000000000054
:100CA0000000000000000000000000000000000044
:100CB0000000000000000000000000000000000034
:100CC0000000000000000000000000000000000024
:100CD0000000000000000000000000000000000014
:100CE0000000000000000000000000000000000004
:100CF00000000000000000000000000000000000F4
:100D000000000000000000000000000000000000E3
:100D100000000000000000000000000000000000D3
:100D200000000000000000000000000000000000C3
:100D300000000000000000000000000000000000B3
:100D400000000000000000000000000000000000A3
:100D50000000000000000000000000000000000093
:100D60000000000000000000000000000000000083
:100D70000000000000000000000000000000000073
:100D80000000000000000000000000000000000063
:100D90000000000000000000000000000000000053
:100DA0000000000000000000000000000000000043
:100DB0000000000000000000000000000000000033
:100DC0000000000000000000000000000000000023
:100DD0000000000000000000000000000000000013
:100DE0000000000000000000000000000000000003
:100DF00000000000000000000000000000000000F3
:100E000000000000000000000000000000000000E2
:100E100000000000000000000000000000000000D2
:100E200000000000000000000000000000000000C2
:100E300000000000000000000000000000000000B2
:100E400000000000000000000000000000000000A2
:100E50000000000000000000000000000000000092
:100E60000000000000000000000000000000000082
:100E70000000000000000000000000000000000072
:100E80000000000000000000000000000000000062
:100E90000000000000000000000000000000000052
:100EA0000000000000000000000000000000000042
:100EB0000000000000000000000000000000000032
:100EC0000000000000000000000000000000000022
:100ED0000000000000000000000000000000000012
:100EE0000000000000000000000000000000000002
:100EF00000000000000000000000000000000000F2
:100F000000000000000000000000000000000000E1
:100F100000000000000000000000000000000000D1
:100F200000000000000000000000000000000000C1
:100F300000000000000000000000000000000000B1
:100F400000000000000000000000000000000000A1
:100F50000000000000000000000000000000000091
:100F60000000000000000000000000000000000081
:100F70000000000000000000000000000000000071
:100F80000000000000000000000000000000000061
:100F90000000000000000000000000000000000051
:100FA0000000000000000000000000000000000041
:100FB0000000000000000000000000000000000031
:100FC0000000000000000000000000000000000021
:100FD0000000000000000000000000000000000011
:100FE0000000000000000000000000000000000001
:100FF00000000000000000000000000000000000F1
:1010000000000000000000000000000000000000E0
:1010100000000000000000000000000000000000D0
:1010200000000000000000000000000000000000C0
:1010300000000000000000000000000000000000B0
:1010400000000000000000000000000000000000A0
:101050000000000000000000000000000000000090
:101060000000000000000000000000000000000080
:101070000000000000000000000000000000000070
:101080000000000000000000000000000000000060
:101090000000000000000000000000000000000050
:1010A0000000000000000000000000000000000040
:1010B0000000000000000000000000000000000030
:1010C0000000000000000000000000000000000020
:1010D0000000000000000000000000000000000010
:1010E0000000000000000000000000000000000000
:1010F00000000000000000000000000000000000F0
:1011000000000000000000000000000000000000DF
:1011100000000000000000000000000000000000CF
:1011200000000000000000000000000000000000BF
:1011300000000000000000000000000000000000AF
:10114000000000000000000000000000000000009F
:10115000000000000000000000000000000000008F
:10116000000000000000000000000000000000007F
:10117000000000000000000000000000000000006F
:10118000000000000000000000000000000000005F
:10119000000000000000000000000000000000004F
:1011A000000000000000000000000000000000003F
:1011B000000000000000000000000000000000002F
:1011C000000000000000000000000000000000001F
:1011D000000000000000000000000000000000000F
:1011E00000000000000000000000000000000000FF
:1011F00000000000000000000000000000000000EF
:1012000000000000000000000000000000000000DE
:1012100000000000000000000000000000000000CE
:1012200000000000000000000000000000000000BE
:1012300000000000000000000000000000000000AE
:10124000000000000000000000000000000000009E
:10125000000000000000000000000000000000008E
:10126000000000000000000000000000000000007E
:10127000000000000000000000000000000000006E
:10128000000000000000000000000000000000005E
:10129000000000000000000000000000000000004E
:1012A000000000000000000000000000000000003E
:1012B000000000000000000000000000000000002E
:1012C000000000000000000000000000000000001E
:1012D000000000000000000000000000000000000E
:1012E00000000000000000000000000000000000FE
:1012F00000000000000000000000000000000000EE
:1013000000000000000000000000000000000000DD
:1013100000000000000000000000000000000000CD
:1013200000000000000000000000000000000000BD
:1013300000000000000000000000000000000000AD
:10134000000000000000000000000000000000009D
:10135000000000000000000000000000000000008D
:10136000000000000000000000000000000000007D
:10137000000000000000000000000000000000006D
:10138000000000000000000000000000000000005D
:10139000000000000000000000000000000000004D
:1013A000000000000000000000000000000000003D
:1013B000000000000000000000000000000000002D
:1013C000000000000000000000000000000000001D
:1013D000000000000000000000000000000000000D
:1013E00000000000000000000000000000000000FD
:1013F00000000000000000000000000000000000ED
:1014000000000000000000000000000000000000DC
:1014100000000000000000000000000000000000CC
:1014200000000000000000000000000000000000BC
:1014300000000000000000000000000000000000AC
:10144000000000000000000000000000000000009C
:10145000000000000000000000000000000000008C
:10146000000000000000000000000000000000007C
:10147000000000000000000000000000000000006C
:10148000000000000000000000000000000000005C
:10149000000000000000000000000000000000004C
:1014A000000000000000000000000000000000003C
:1014B000000000000000000000000000000000002C
:1014C000000000000000000000000000000000001C
:1014D000000000000000000000000000000000000C
:1014E00000000000000000000000000000000000FC
:1014F00000000000000000000000000000000000EC
:1015000000000000000000000000000000000000DB
:1015100000000000000000000000000000000000CB
:1015200000000000000000000000000000000000BB
:1015300000000000000000000000000000000000AB
:10154000000000000000000000000000000000009B
:10155000000000000000000000000000000000008B
:10156000000000000000000000000000000000007B
:10157000000000000000000000000000000000006B
:10158000000000000000000000000000000000005B
:10159000000000000000000000000000000000004B
:1015A000000000000000000000000000000000003B
:1015B000000000000000000000000000000000002B
:1015C000000000000000000000000000000000001B
:1015D000000000000000000000000000000000000B
:1015E00000000000000000000000000000000000FB
:1015F00000000000000000000000000000000000EB
:1016000000000000000000000000000000000000DA
:1016100000000000000000000000000000000000CA
:1016200000000000000000000000000000000000BA
:1016300000000000000000000000000000000000AA
:10164000000000000000000000000000000000009A
:10165000000000000000000000000000000000008A
:10166000000000000000000000000000000000007A
:10167000000000000000000000000000000000006A
:10168000000000000000000000000000000000005A
:10169000000000000000000000000000000000004A
:1016A000000000000000000000000000000000003A
:1016B000000000000000000000000000000000002A
:1016C000000000000000000000000000000000001A
:1016D000000000000000000000000000000000000A
:1016E00000000000000000000000000000000000FA
:1016F00000000000000000000000000000000000EA
:1017000000000000000000000000000000000000D9
:1017100000000000000000000000000000000000C9
:1017200000000000000000000000000000000000B9
:1017300000000000000000000000000000000000A9
:101740000000000000000000000000000000000099
:101750000000000000000000000000000000000089
:101760000000000000000000000000000000000079
:101770000000000000000000000000000000000069
:101780000000000000000000000000000000000059
:101790000000000000000000000000000000000049
:1017A0000000000000000000000000000000000039
:1017B0000000000000000000000000000000000029
:1017C0000000000000000000000000000000000019
:1017D0000000000000000000000000000000000009
:1017E00000000000000000000000000000000000F9
:1017F00000000000000000000000000000000000E9
:1018000000000000000000000000000000000000D8
:1018100000000000000000000000000000000000C8
:1018200000000000000000000000000000000000B8
:1018300000000000000000000000000000000000A8
:101840000000000000000000000000000000000098
:101850000000000000000000000000000000000088
:101860000000000000000000000000000000000078
:101870000000000000000000000000000000000068
:101880000000000000000000000000000000000058
:101890000000000000000000000000000000000048
:1018A0000000000000000000000000000000000038
:1018B0000000000000000000000000000000000028
:1018C0000000000000000000000000000000000018
:1018D0000000000000000000000000000000000008
:1018E00000000000000000000000000000000000F8
:1018F00000000000000000000000000000000000E8
:1019000000000000000000000000000000000000D7
:1019100000000000000000000000000000000000C7
:1019200000000000000000000000000000000000B7
:1019300000000000000000000000000000000000A7
:101940000000000000000000000000000000000097
:101950000000000000000000000000000000000087
:101960000000000000000000000000000000000077
:101970000000000000000000000000000000000067
:101980000000000000000000000000000000000057
:101990000000000000000000000000000000000047
:1019A0000000000000000000000000000000000037
:1019B0000000000000000000000000000000000027
:1019C0000000000000000000000000000000000017
:1019D0000000000000000000000000000000000007
:1019E00000000000000000000000000000000000F7
:1019F00000000000000000000000000000000000E7
:101A000000000000000000000000000000000000D6
:101A100000000000000000000000000000000000C6
:101A200000000000000000000000000000000000B6
:101A300000000000000000000000000000000000A6
:101A40000000000000000000000000000000000096
:101A50000000000000000000000000000000000086
:101A60000000000000000000000000000000000076
:101A70000000000000000000000000000000000066
:101A80000000000000000000000000000000000056
:101A90000000000000000000000000000000000046
:101AA0000000000000000000000000000000000036
:101AB0000000000000000000000000000000000026
:101AC0000000000000000000000000000000000016
:101AD0000000000000000000000000000000000006
:101AE00000000000000000000000000000000000F6
:101AF00000000000000000000000000000000000E6
:101B000000000000000000000000000000000000D5
:101B100000000000000000000000000000000000C5
:101B200000000000000000000000000000000000B5
:101B300000000000000000000000000000000000A5
:101B40000000000000000000000000000000000095
:101B50000000000000000000000000000000000085
:101B60000000000000000000000000000000000075
:101B70000000000000000000000000000000000065
:101B80000000000000000000000000000000000055
:101B90000000000000000000000000000000000045
:101BA0000000000000000000000000000000000035
:101BB0000000000000000000000000000000000025
:101BC0000000000000000000000000000000000015
:101BD0000000000000000000000000000000000005
:101BE00000000000000000000000000000000000F5
:101BF00000000000000000000000000000000000E5
:101C000000000000000000000000000000000000D4
:101C100000000000000000000000000000000000C4
:101C200000000000000000000000000000000000B4
:101C300000000000000000000000000000000000A4
:101C40000000000000000000000000000000000094
:101C50000000000000000000000000000000000084
:101C60000000000000000000000000000000000074
:101C70000000000000000000000000000000000064
:101C80000000000000000000000000000000000054
:101C90000000000000000000000000000000000044
:101CA0000000000000000000000000000000000034
:101CB0000000000000000000000000000000000024
:101CC0000000000000000000000000000000000014
:101CD0000000000000000000000000000000000004
:101CE00000000000000000000000000000000000F4
:101CF00000000000000000000000000000000000E4
:101D000000000000000000000000000000000000D3
:101D100000000000000000000000000000000000C3
:101D200000000000000000000000000000000000B3
:101D300000000000000000000000000000000000A3
:101D40000000000000000000000000000000000093
:101D50000000000000000000000000000000000083
:101D60000000000000000000000000000000000073
:101D70000000000000000000000000000000000063
:101D80000000000000000000000000000000000053
:101D90000000000000000000000000000000000043
:101DA0000000000000000000000000000000000033
:101DB0000000000000000000000000000000000023
:101DC0000000000000000000000000000000000013
:101DD0000000000000000000000000000000000003
:101DE00000000000000000000000000000000000F3
:101DF00000000000000000000000000000000000E3
:101E000000000000000000000000000000000000D2
:101E100000000000000000000000000000000000C2
:101E200000000000000000000000000000000000B2
:101E300000000000000000000000000000000000A2
:101E40000000000000000000000000000000000092
:101E50000000000000000000000000000000000082
:101E60000000000000000000000000000000000072
:101E70000000000000000000000000000000000062
:101E80000000000000000000000000000000000052
:101E90000000000000000000000000000000000042
:101EA0000000000000000000000000000000000032
:101EB0000000000000000000000000000000000022
:101EC0000000000000000000000000000000000012
:101ED0000000000000000000000000000000000002
:101EE00000000000000000000000000000000000F2
:101EF00000000000000000000000000000000000E2
:101F000000000000000000000000000000000000D1
:101F100000000000000000000000000000000000C1
:101F200000000000000000000000000000000000B1
:101F300000000000000000000000000000000000A1
:101F40000000000000000000000000000000000091
:101F50000000000000000000000000000000000081
:101F60000000000000000000000000000000000071
:101F70000000000000000000000000000000000061
:101F80000000000000000000000000000000000051
:101F90000000000000000000000000000000000041
:101FA0000000000000000000000000000000000031
:101FB0000000000000000000000000000000000021
:101FC0000000000000000000000000000000000011
:101FD0000000000000000000000000000000000001
:101FE00000000000000000000000000000000000F1
:101FF00000000000000000000000000000000000E1
:1020000000000000000000000000000000000000D0
:1020100000000000000000000000000000000000C0
:1020200000000000000000000000000000000000B0
:1020300000000000000000000000000000000000A0
:102040000000000000000000000000000000000090
:102050000000000000000000000000000000000080
:102060000000000000000000000000000000000070
:102070000000000000000000000000000000000060
:102080000000000000000000000000000000000050
:102090000000000000000000000000000000000040
:1020A0000000000000000000000000000000000030
:1020B0000000000000000000000000000000000020
:1020C0000000000000000000000000000000000010
:1020D0000000000000000000000000000000000000
:1020E00000000000000000000000000000000000F0
:1020F00000000000000000000000000000000000E0
:1021000000000000000000000000000000000000CF
:1021100000000000000000000000000000000000BF
:1021200000000000000000000000000000000000AF
:10213000000000000000000000000000000000009F
:10214000000000000000000000000000000000008F
:10215000000000000000000000000000000000007F
:10216000000000000000000000000000000000006F
:10217000000000000000000000000000000000005F
:10218000000000000000000000000000000000004F
:10219000000000000000000000000000000000003F
:1021A000000000000000000000000000000000002F
:1021B000000000000000000000000000000000001F
:1021C000000000000000000000000000000000000F
:1021D00000000000000000000000000000000000FF
:1021E00000000000000000000000000000000000EF
:1021F00000000000000000000000000000000000DF
:1022000000000000000000000000000000000000CE
:1022100000000000000000000000000000000000BE
:1022200000000000000000000000000000000000AE
:10223000000000000000000000000000000000009E
:10224000000000000000000000000000000000008E
:10225000000000000000000000000000000000007E
:10226000000000000000000000000000000000006E
:10227000000000000000000000000000000000005E
:10228000000000000000000000000000000000004E
:10229000000000000000000000000000000000003E
:1022A000000000000000000000000000000000002E
:1022B000000000000000000000000000000000001E
:1022C000000000000000000000000000000000000E
:1022D00000000000000000000000000000000000FE
:1022E00000000000000000000000000000000000EE
:1022F00000000000000000000000000000000000DE
:1023000000000000000000000000000000000000CD
:1023100000000000000000000000000000000000BD
:1023200000000000000000000000000000000000AD
:10233000000000000000000000000000000000009D
:10234000000000000000000000000000000000008D
:10235000000000000000000000000000000000007D
:10236000000000000000000000000000000000006D
:10237000000000000000000000000000000000005D
:10238000000000000000000000000000000000004D
:10239000000000000000000000000000000000003D
:1023A000000000000000000000000000000000002D
:1023B000000000000000000000000000000000001D
:1023C000000000000000000000000000000000000D
:1023D00000000000000000000000000000000000FD
:1023E00000000000000000000000000000000000ED
:1023F00000000000000000000000000000000000DD
:1024000000000000000000000000000000000000CC
:1024100000000000000000000000000000000000BC
:1024200000000000000000000000000000000000AC
:10243000000000000000000000000000000000009C
:10244000000000000000000000000000000000008C
:10245000000000000000000000000000000000007C
:10246000000000000000000000000000000000006C
:10247000000000000000000000000000000000005C
:10248000000000000000000000000000000000004C
:10249000000000000000000000000000000000003C
:1024A000000000000000000000000000000000002C
:1024B000000000000000000000000000000000001C
:1024C000000000000000000000000000000000000C
:1024D00000000000000000000000000000000000FC
:1024E00000000000000000000000000000000000EC
:1024F00000000000000000000000000000000000DC
:1025000000000000000000000000000000000000CB
:1025100000000000000000000000000000000000BB
:1025200000000000000000000000000000000000AB
:10253000000000000000000000000000000000009B
:10254000000000000000000000000000000000008B
:10255000000000000000000000000000000000007B
:10256000000000000000000000000000000000006B
:10257000000000000000000000000000000000005B
:10258000000000000000000000000000000000004B
:10259000000000000000000000000000000000003B
:1025A000000000000000000000000000000000002B
:1025B000000000000000000000000000000000001B
:1025C000000000000000000000000000000000000B
:1025D00000000000000000000000000000000000FB
:1025E00000000000000000000000000000000000EB
:1025F00000000000000000000000000000000000DB
:1026000000000000000000000000000000000000CA
:1026100000000000000000000000000000000000BA
:1026200000000000000000000000000000000000AA
:10263000000000000000000000000000000000009A
:10264000000000000000000000000000000000008A
:10265000000000000000000000000000000000007A
:10266000000000000000000000000000000000006A
:10267000000000000000000000000000000000005A
:10268000000000000000000000000000000000004A
:10269000000000000000000000000000000000003A
:1026A000000000000000000000000000000000002A
:1026B000000000000000000000000000000000001A
:1026C000000000000000000000000000000000000A
:1026D00000000000000000000000000000000000FA
:1026E00000000000000000000000000000000000EA
:1026F00000000000000000000000000000000000DA
:1027000000000000000000000000000000000000C9
:1027100000000000000000000000000000000000B9
:1027200000000000000000000000000000000000A9
:102730000000000000000000000000000000000099
:102740000000000000000000000000000000000089
:102750000000000000000000000000000000000079
:102760000000000000000000000000000000000069
:102770000000000000000000000000000000000059
:102780000000000000000000000000000000000049
:102790000000000000000000000000000000000039
:1027A0000000000000000000000000000000000029
:1027B0000000000000000000000000000000000019
:1027C0000000000000000000000000000000000009
:1027D00000000000000000000000000000000000F9
:1027E00000000000000000000000000000000000E9
:1027F00000000000000000000000000000000000D9
:1028000000000000000000000000000000000000C8
:1028100000000000000000000000000000000000B8
:1028200000000000000000000000000000000000A8
:102830000000000000000000000000000000000098
:102840000000000000000000000000000000000088
:102850000000000000000000000000000000000078
:102860000000000000000000000000000000000068
:102870000000000000000000000000000000000058
:102880000000000000000000000000000000000048
:102890000000000000000000000000000000000038
:1028A0000000000000000000000000000000000028
:1028B0000000000000000000000000000000000018
:1028C0000000000000000000000000000000000008
:1028D00000000000000000000000000000000000F8
:1028E00000000000000000000000000000000000E8
:1028F00000000000000000000000000000000000D8
:1029000000000000000000000000000000000000C7
:1029100000000000000000000000000000000000B7
:1029200000000000000000000000000000000000A7
:102930000000000000000000000000000000000097
:102940000000000000000000000000000000000087
:102950000000000000000000000000000000000077
:102960000000000000000000000000000000000067
:102970000000000000000000000000000000000057
:102980000000000000000000000000000000000047
:102990000000000000000000000000000000000037
:1029A0000000000000000000000000000000000027
:1029B0000000000000000000000000000000000017
:1029C0000000000000000000000000000000000007
:1029D00000000000000000000000000000000000F7
:1029E00000000000000000000000000000000000E7
:1029F00000000000000000000000000000000000D7
:102A000000000000000000000000000000000000C6
:102A100000000000000000000000000000000000B6
:102A200000000000000000000000000000000000A6
:102A30000000000000000000000000000000000096
:102A40000000000000000000000000000000000086
:102A50000000000000000000000000000000000076
:102A60000000000000000000000000000000000066
:102A70000000000000000000000000000000000056
:102A80000000000000000000000000000000000046
:102A90000000000000000000000000000000000036
:102AA0000000000000000000000000000000000026
:102AB0000000000000000000000000000000000016
:102AC0000000000000000000000000000000000006
:102AD00000000000000000000000000000000000F6
:102AE00000000000000000000000000000000000E6
:102AF00000000000000000000000000000000000D6
:102B000000000000000000000000000000000000C5
:102B100000000000000000000000000000000000B5
:102B200000000000000000000000000000000000A5
:102B30000000000000000000000000000000000095
:102B40000000000000000000000000000000000085
:102B50000000000000000000000000000000000075
:102B60000000000000000000000000000000000065
:102B70000000000000000000000000000000000055
:102B80000000000000000000000000000000000045
:102B90000000000000000000000000000000000035
:102BA0000000000000000000000000000000000025
:102BB0000000000000000000000000000000000015
:102BC0000000000000000000000000000000000005
:102BD00000000000000000000000000000000000F5
:102BE00000000000000000000000000000000000E5
:102BF00000000000000000000000000000000000D5
:102C000000000000000000000000000000000000C4
:102C100000000000000000000000000000000000B4
:102C200000000000000000000000000000000000A4
:102C30000000000000000000000000000000000094
:102C40000000000000000000000000000000000084
:102C50000000000000000000000000000000000074
:102C60000000000000000000000000000000000064
:102C70000000000000000000000000000000000054
:102C80000000000000000000000000000000000044
:102C90000000000000000000000000000000000034
:102CA0000000000000000000000000000000000024
:102CB0000000000000000000000000000000000014
:102CC0000000000000000000000000000000000004
:102CD00000000000000000000000000000000000F4
:102CE00000000000000000000000000000000000E4
:102CF00000000000000000000000000000000000D4
:102D000000000000000000000000000000000000C3
:102D100000000000000000000000000000000000B3
:102D200000000000000000000000000000000000A3
:102D30000000000000000000000000000000000093
:102D40000000000000000000000000000000000083
:102D50000000000000000000000000000000000073
:102D60000000000000000000000000000000000063
:102D70000000000000000000000000000000000053
:102D80000000000000000000000000000000000043
:102D90000000000000000000000000000000000033
:102DA0000000000000000000000000000000000023
:102DB0000000000000000000000000000000000013
:102DC0000000000000000000000000000000000003
:102DD00000000000000000000000000000000000F3
:102DE00000000000000000000000000000000000E3
:102DF00000000000000000000000000000000000D3
:102E000000000000000000000000000000000000C2
:102E100000000000000000000000000000000000B2
:102E200000000000000000000000000000000000A2
:102E30000000000000000000000000000000000092
:102E40000000000000000000000000000000000082
:102E50000000000000000000000000000000000072
:102E60000000000000000000000000000000000062
:102E70000000000000000000000000000000000052
:102E80000000000000000000000000000000000042
:102E90000000000000000000000000000000000032
:102EA0000000000000000000000000000000000022
:102EB0000000000000000000000000000000000012
:102EC0000000000000000000000000000000000002
:102ED00000000000000000000000000000000000F2
:102EE00000000000000000000000000000000000E2
:102EF00000000000000000000000000000000000D2
:102F000000000000000000000000000000000000C1
:102F100000000000000000000000000000000000B1
:102F200000000000000000000000000000000000A1
:102F30000000000000000000000000000000000091
:102F40000000000000000000000000000000000081
:102F50000000000000000000000000000000000071
:102F60000000000000000000000000000000000061
:102F70000000000000000000000000000000000051
:102F80000000000000000000000000000000000041
:102F90000000000000000000000000000000000031
:102FA0000000000000000000000000000000000021
:102FB0000000000000000000000000000000000011
:102FC0000000000000000000000000000000000001
:102FD00000000000000000000000000000000000F1
:102FE00000000000000000000000000000000000E1
:102FF00000000000000000000000000000000000D1
:1030000000000000000000000000000000000000C0
:1030100000000000000000000000000000000000B0
:1030200000000000000000000000000000000000A0
:103030000000000000000000000000000000000090
:103040000000000000000000000000000000000080
:103050000000000000000000000000000000000070
:103060000000000000000000000000000000000060
:103070000000000000000000000000000000000050
:103080000000000000000000000000000000000040
:103090000000000000000000000000000000000030
:1030A0000000000000000000000000000000000020
:1030B0000000000000000000000000000000000010
:1030C0000000000000000000000000000000000000
:1030D00000000000000000000000000000000000F0
:1030E00000000000000000000000000000000000E0
:1030F00000000000000000000000000000000000D0
:1031000000000000000000000000000000000000BF
:1031100000000000000000000000000000000000AF
:10312000000000000000000000000000000000009F
:10313000000000000000000000000000000000008F
:10314000000000000000000000000000000000007F
:10315000000000000000000000000000000000006F
:10316000000000000000000000000000000000005F
:10317000000000000000000000000000000000004F
:10318000000000000000000000000000000000003F
:10319000000000000000000000000000000000002F
:1031A000000000000000000000000000000000001F
:1031B000000000000000000000000000000000000F
:1031C00000000000000000000000000000000000FF
:1031D00000000000000000000000000000000000EF
:1031E00000000000000000000000000000000000DF
:1031F00000000000000000000000000000000000CF
:1032000000000000000000000000000000000000BE
:1032100000000000000000000000000000000000AE
:10322000000000000000000000000000000000009E
:10323000000000000000000000000000000000008E
:10324000000000000000000000000000000000007E
:10325000000000000000000000000000000000006E
:10326000000000000000000000000000000000005E
:10327000000000000000000000000000000000004E
:10328000000000000000000000000000000000003E
:10329000000000000000000000000000000000002E
:1032A000000000000000000000000000000000001E
:1032B000000000000000000000000000000000000E
:1032C00000000000000000000000000000000000FE
:1032D00000000000000000000000000000000000EE
:1032E00000000000000000000000000000000000DE
:1032F00000000000000000000000000000000000CE
:1033000000000000000000000000000000000000BD
:1033100000000000000000000000000000000000AD
:10332000000000000000000000000000000000009D
:10333000000000000000000000000000000000008D
:10334000000000000000000000000000000000007D
:10335000000000000000000000000000000000006D
:10336000000000000000000000000000000000005D
:10337000000000000000000000000000000000004D
:10338000000000000000000000000000000000003D
:10339000000000000000000000000000000000002D
:1033A000000000000000000000000000000000001D
:1033B000000000000000000000000000000000000D
:1033C00000000000000000000000000000000000FD
:1033D00000000000000000000000000000000000ED
:1033E00000000000000000000000000000000000DD
:1033F00000000000000000000000000000000000CD
:1034000000000000000000000000000000000000BC
:1034100000000000000000000000000000000000AC
:10342000000000000000000000000000000000009C
:10343000000000000000000000000000000000008C
:10344000000000000000000000000000000000007C
:10345000000000000000000000000000000000006C
:10346000000000000000000000000000000000005C
:10347000000000000000000000000000000000004C
:10348000000000000000000000000000000000003C
:10349000000000000000000000000000000000002C
:1034A000000000000000000000000000000000001C
:1034B000000000000000000000000000000000000C
:1034C00000000000000000000000000000000000FC
:1034D00000000000000000000000000000000000EC
:1034E00000000000000000000000000000000000DC
:1034F00000000000000000000000000000000000CC
:1035000000000000000000000000000000000000BB
:1035100000000000000000000000000000000000AB
:10352000000000000000000000000000000000009B
:10353000000000000000000000000000000000008B
:10354000000000000000000000000000000000007B
:10355000000000000000000000000000000000006B
:10356000000000000000000000000000000000005B
:10357000000000000000000000000000000000004B
:10358000000000000000000000000000000000003B
:10359000000000000000000000000000000000002B
:1035A000000000000000000000000000000000001B
:1035B000000000000000000000000000000000000B
:1035C00000000000000000000000000000000000FB
:1035D00000000000000000000000000000000000EB
:1035E00000000000000000000000000000000000DB
:1035F00000000000000000000000000000000000CB
:1036000000000000000000000000000000000000BA
:1036100000000000000000000000000000000000AA
:10362000000000000000000000000000000000009A
:10363000000000000000000000000000000000008A
:10364000000000000000000000000000000000007A
:10365000000000000000000000000000000000006A
:10366000000000000000000000000000000000005A
:10367000000000000000000000000000000000004A
:10368000000000000000000000000000000000003A
:10369000000000000000000000000000000000002A
:1036A000000000000000000000000000000000001A
:1036B000000000000000000000000000000000000A
:1036C00000000000000000000000000000000000FA
:1036D00000000000000000000000000000000000EA
:1036E00000000000000000000000000000000000DA
:1036F00000000000000000000000000000000000CA
:1037000000000000000000000000000000000000B9
:1037100000000000000000000000000000000000A9
:103720000000000000000000000000000000000099
:103730000000000000000000000000000000000089
:103740000000000000000000000000000000000079
:103750000000000000000000000000000000000069
:103760000000000000000000000000000000000059
:103770000000000000000000000000000000000049
:103780000000000000000000000000000000000039
:103790000000000000000000000000000000000029
:1037A0000000000000000000000000000000000019
:1037B0000000000000000000000000000000000009
:1037C00000000000000000000000000000000000F9
:1037D00000000000000000000000000000000000E9
:1037E00000000000000000000000000000000000D9
:1037F00000000000000000000000000000000000C9
:1038000000000000000000000000000000000000B8
:1038100000000000000000000000000000000000A8
:103820000000000000000000000000000000000098
:103830000000000000000000000000000000000088
:103840000000000000000000000000000000000078
:103850000000000000000000000000000000000068
:103860000000000000000000000000000000000058
:103870000000000000000000000000000000000048
:103880000000000000000000000000000000000038
:103890000000000000000000000000000000000028
:1038A0000000000000000000000000000000000018
:1038B0000000000000000000000000000000000008
:1038C00000000000000000000000000000000000F8
:1038D00000000000000000000000000000000000E8
:1038E00000000000000000000000000000000000D8
:1038F00000000000000000000000000000000000C8
:1039000000000000000000000000000000000000B7
:1039100000000000000000000000000000000000A7
:103920000000000000000000000000000000000097
:103930000000000000000000000000000000000087
:103940000000000000000000000000000000000077
:103950000000000000000000000000000000000067
:103960000000000000000000000000000000000057
:103970000000000000000000000000000000000047
:103980000000000000000000000000000000000037
:103990000000000000000000000000000000000027
:1039A0000000000000000000000000000000000017
:1039B0000000000000000000000000000000000007
:1039C00000000000000000000000000000000000F7
:1039D00000000000000000000000000000000000E7
:1039E00000000000000000000000000000000000D7
:1039F00000000000000000000000000000000000C7
:103A000000000000000000000000000000000000B6
:103A100000000000000000000000000000000000A6
:103A20000000000000000000000000000000000096
:103A30000000000000000000000000000000000086
:103A40000000000000000000000000000000000076
:103A50000000000000000000000000000000000066
:103A60000000000000000000000000000000000056
:103A70000000000000000000000000000000000046
:103A80000000000000000000000000000000000036
:103A90000000000000000000000000000000000026
:103AA0000000000000000000000000000000000016
:103AB0000000000000000000000000000000000006
:103AC00000000000000000000000000000000000F6
:103AD00000000000000000000000000000000000E6
:103AE00000000000000000000000000000000000D6
:103AF00000000000000000000000000000000000C6
:103B000000000000000000000000000000000000B5
:103B100000000000000000000000000000000000A5
:103B20000000000000000000000000000000000095
:103B30000000000000000000000000000000000085
:103B40000000000000000000000000000000000075
:103B50000000000000000000000000000000000065
:103B60000000000000000000000000000000000055
:103B70000000000000000000000000000000000045
:103B80000000000000000000000000000000000035
:103B90000000000000000000000000000000000025
:103BA0000000000000000000000000000000000015
:103BB0000000000000000000000000000000000005
:103BC00000000000000000000000000000000000F5
:103BD00000000000000000000000000000000000E5
:103BE00000000000000000000000000000000000D5
:103BF00000000000000000000000000000000000C5
:103C000000000000000000000000000000000000B4
:103C100000000000000000000000000000000000A4
:103C20000000000000000000000000000000000094
:103C30000000000000000000000000000000000084
:103C40000000000000000000000000000000000074
:103C50000000000000000000000000000000000064
:103C60000000000000000000000000000000000054
:103C70000000000000000000000000000000000044
:103C80000000000000000000000000000000000034
:103C90000000000000000000000000000000000024
:103CA0000000000000000000000000000000000014
:103CB0000000000000000000000000000000000004
:103CC00000000000000000000000000000000000F4
:103CD00000000000000000000000000000000000E4
:103CE00000000000000000000000000000000000D4
:103CF00000000000000000000000000000000000C4
:103D000000000000000000000000000000000000B3
:103D100000000000000000000000000000000000A3
:103D20000000000000000000000000000000000093
:103D30000000000000000000000000000000000083
:103D40000000000000000000000000000000000073
:103D50000000000000000000000000000000000063
:103D60000000000000000000000000000000000053
:103D70000000000000000000000000000000000043
:103D80000000000000000000000000000000000033
:103D90000000000000000000000000000000000023
:103DA0000000000000000000000000000000000013
:103DB0000000000000000000000000000000000003
:103DC00000000000000000000000000000000000F3
:103DD00000000000000000000000000000000000E3
:103DE00000000000000000000000000000000000D3
:103DF00000000000000000000000000000000000C3
:103E000000000000000000000000000000000000B2
:103E100000000000000000000000000000000000A2
:103E20000000000000000000000000000000000092
:103E30000000000000000000000000000000000082
:103E40000000000000000000000000000000000072
:103E50000000000000000000000000000000000062
:103E60000000000000000000000000000000000052
:103E70000000000000000000000000000000000042
:103E80000000000000000000000000000000000032
:103E90000000000000000000000000000000000022
:103EA0000000000000000000000000000000000012
:103EB0000000000000000000000000000000000002
:103EC00000000000000000000000000000000000F2
:103ED00000000000000000000000000000000000E2
:103EE00000000000000000000000000000000000D2
:103EF00000000000000000000000000000000000C2
:103F000000000000000000000000000000000000B1
:103F100000000000000000000000000000000000A1
:103F20000000000000000000000000000000000091
:103F30000000000000000000000000000000000081
:103F40000000000000000000000000000000000071
:103F50000000000000000000000000000000000061
:103F60000000000000000000000000000000000051
:103F70000000000000000000000000000000000041
:103F80000000000000000000000000000000000031
:103F90000000000000000000000000000000000021
:103FA0000000000000000000000000000000000011
:103FB0000000000000000000000000000000000001
:103FC00000000000000000000000000000000000F1
:103FD00000000000000000000000000000000000E1
:103FE00000000000000000000000000000000000D1
:103FF00000000000000000000000000000000000C1
:040000050800029954
:00000001FF
